罪名,手口,管轄警察署（発生地）,管轄交番・駐在所（発生地）,市区町村コード（発生地）,都道府県（発生地）,市区町村（発生地）,町丁目（発生地）,発生年月日（始期）,発生時（始期）,発生場所,発生場所の詳細,現金以外の主な被害品
窃盗,部品ねらい,小野,河合,282189,兵庫県,小野市,復井町,2020/10/4,8,その他,駐車（輪）場,その他
窃盗,部品ねらい,小野,栗生,282189,兵庫県,小野市,西本町,2020/6/14,9,駐車（輪）場,駐車（輪）場,ナンバープレート
窃盗,部品ねらい,小野,下来住,282189,兵庫県,小野市,来住町,2020/2/7,18,その他,駐車（輪）場,ナンバープレート
窃盗,部品ねらい,小野,小野駅前,282189,兵庫県,小野市,王子町,2020/12/15,22,その他,駐車（輪）場,その他
窃盗,部品ねらい,小野,小野駅前,282189,兵庫県,小野市,喜多町,2020/7/31,18,その他,駐車（輪）場,その他
窃盗,部品ねらい,小野,小野駅前,282189,兵庫県,小野市,黒川町,2019/12/10,12,駐車（輪）場,駐車（輪）場,ナンバープレート
窃盗,部品ねらい,小野,小野駅前,282189,兵庫県,小野市,高田町,2020/8/28,18,その他,駐車（輪）場,その他
窃盗,部品ねらい,三田,三田南,282197,兵庫県,三田市,西山２丁目,2020/7/30,11,一戸建住宅,駐車（輪）場,ナンバープレート
窃盗,部品ねらい,三田,三田南,282197,兵庫県,三田市,三田町,2020/2/16,17,駐車（輪）場,駐車（輪）場,ナンバープレート
窃盗,部品ねらい,三田,三田南,282197,兵庫県,三田市,三田町,2020/2/17,0,駐車（輪）場,駐車（輪）場,ナンバープレート
窃盗,部品ねらい,三田,三田南,282197,兵庫県,三田市,三田町,2020/5/10,17,駐車（輪）場,駐車（輪）場,その他
窃盗,部品ねらい,三田,三田駅前,282197,兵庫県,三田市,大原,2020/2/22,2,その他,駐車（輪）場,タイヤ・ホイール
窃盗,部品ねらい,三田,三田駅前,282197,兵庫県,三田市,三輪２丁目,2020/10/28,15,駐車（輪）場,駐車（輪）場,その他
窃盗,部品ねらい,三田,三田駅前,282197,兵庫県,三田市,駅前町,2020/12/13,21,４階建て以上共同住宅,駐車（輪）場,ナンバープレート
窃盗,部品ねらい,三田,三田駅前,282197,兵庫県,三田市,中央町,2020/11/24,16,道路上,その他,その他
窃盗,部品ねらい,三田,広野,282197,兵庫県,三田市,下井沢,2020/11/2,12,一戸建住宅,駐車（輪）場,その他
窃盗,部品ねらい,三田,加茂,282197,兵庫県,三田市,福島,2020/8/22,11,駐車（輪）場,駐車（輪）場,タイヤ・ホイール
窃盗,部品ねらい,三田,志手原,282197,兵庫県,三田市,大原,2020/10/10,21,一戸建住宅,駐車（輪）場,ナンバープレート
窃盗,部品ねらい,三田,あいの里,282197,兵庫県,三田市,下相野,2020/1/23,7,その他,駐車（輪）場,その他
窃盗,部品ねらい,三田,南ウッディタウン,282197,兵庫県,三田市,福島,2020/4/30,16,その他,その他,その他
窃盗,部品ねらい,三田,南ウッディタウン,282197,兵庫県,三田市,すずかけ台２丁目,2020/6/10,14,駐車（輪）場,駐車（輪）場,その他
窃盗,部品ねらい,三田,南ウッディタウン,282197,兵庫県,三田市,すずかけ台４丁目,2020/1/13,19,４階建て以上共同住宅,駐車（輪）場,その他
窃盗,部品ねらい,東灘,深江,281018,兵庫県,神戸市東灘区,深江北町３丁目,2020/2/26,19,駐車（輪）場,駐車（輪）場,ナンバープレート
窃盗,部品ねらい,東灘,深江,281018,兵庫県,神戸市東灘区,深江北町４丁目,2020/4/7,22,道路上,その他,なし
窃盗,部品ねらい,東灘,深江,281018,兵庫県,神戸市東灘区,深江北町４丁目,2020/11/14,23,４階建て以上共同住宅,駐車（輪）場,ナンバープレート
窃盗,部品ねらい,東灘,深江,281018,兵庫県,神戸市東灘区,深江浜町,2019/12/27,16,駐車（輪）場,駐車（輪）場,ナンバープレート
窃盗,部品ねらい,東灘,深江,281018,兵庫県,神戸市東灘区,深江浜町,2020/3/7,16,その他,駐車（輪）場,その他
窃盗,部品ねらい,東灘,深江,281018,兵庫県,神戸市東灘区,深江浜町,2020/10/15,15,駐車（輪）場,駐車（輪）場,ナンバープレート
窃盗,部品ねらい,東灘,深江,281018,兵庫県,神戸市東灘区,深江浜町,2020/10/23,7,その他,駐車（輪）場,ナンバープレート
窃盗,部品ねらい,東灘,深江,281018,兵庫県,神戸市東灘区,深江浜町,2020/10/24,18,４階建て以上共同住宅,駐車（輪）場,ナンバープレート
窃盗,部品ねらい,東灘,深江,281018,兵庫県,神戸市東灘区,深江南町２丁目,2020/10/25,20,駐車（輪）場,駐車（輪）場,ナンバープレート
窃盗,部品ねらい,東灘,森,281018,兵庫県,神戸市東灘区,本庄町１丁目,2020/11/15,19,駐車（輪）場,駐車（輪）場,ナンバープレート
窃盗,部品ねらい,東灘,森,281018,兵庫県,神戸市東灘区,本山南町７丁目,2019/10/1,0,駐車（輪）場,駐車（輪）場,ナンバープレート
窃盗,部品ねらい,東灘,岡本,281018,兵庫県,神戸市東灘区,岡本３丁目,2020/3/7,18,駐車（輪）場,駐車（輪）場,ナンバープレート
窃盗,部品ねらい,東灘,岡本,281018,兵庫県,神戸市東灘区,西岡本４丁目,2020/9/28,15,その他の住宅（３階建て以下共同住宅等）,駐車（輪）場,ナンバープレート
窃盗,部品ねらい,東灘,岡本,281018,兵庫県,神戸市東灘区,本山北町２丁目,2020/11/1,17,その他の住宅（３階建て以下共同住宅等）,駐車（輪）場,ナンバープレート
窃盗,部品ねらい,東灘,岡本,281018,兵庫県,神戸市東灘区,本山北町３丁目,2020/9/21,11,道路上,その他,ナンバープレート
窃盗,部品ねらい,東灘,田中,281018,兵庫県,神戸市東灘区,甲南町４丁目,2020/1/12,12,駐車（輪）場,駐車（輪）場,ナンバープレート
窃盗,部品ねらい,東灘,青木駅前,281018,兵庫県,神戸市東灘区,北青木１丁目,2020/8/18,17,４階建て以上共同住宅,駐車（輪）場,その他
窃盗,部品ねらい,東灘,青木駅前,281018,兵庫県,神戸市東灘区,北青木２丁目,2020/7/27,17,４階建て以上共同住宅,駐車（輪）場,その他
窃盗,部品ねらい,東灘,魚崎,281018,兵庫県,神戸市東灘区,魚崎中町１丁目,2020/3/29,13,駐車（輪）場,駐車（輪）場,その他
窃盗,部品ねらい,東灘,魚崎,281018,兵庫県,神戸市東灘区,魚崎浜町,2020/3/27,15,駐車（輪）場,駐車（輪）場,なし
窃盗,部品ねらい,東灘,魚崎,281018,兵庫県,神戸市東灘区,魚崎浜町,2020/11/14,21,その他,駐車（輪）場,その他
窃盗,部品ねらい,東灘,魚崎,281018,兵庫県,神戸市東灘区,魚崎南町２丁目,2020/7/28,23,４階建て以上共同住宅,その他,その他
窃盗,部品ねらい,東灘,魚崎,281018,兵庫県,神戸市東灘区,魚崎南町４丁目,2020/4/4,19,その他,駐車（輪）場,その他
窃盗,部品ねらい,東灘,魚崎,281018,兵庫県,神戸市東灘区,魚崎南町５丁目,2020/3/29,20,駐車（輪）場,駐車（輪）場,その他
窃盗,部品ねらい,東灘,ＪＲ住吉駅前,281018,兵庫県,神戸市東灘区,住吉東町４丁目,2020/6/13,19,駐車（輪）場,駐車（輪）場,ナンバープレート
窃盗,部品ねらい,東灘,ＪＲ住吉駅前,281018,兵庫県,神戸市東灘区,住吉宮町２丁目,2020/5/4,22,一戸建住宅,駐車（輪）場,ナンバープレート
窃盗,部品ねらい,東灘,ＪＲ住吉駅前,281018,兵庫県,神戸市東灘区,住吉宮町６丁目,2020/5/4,17,駐車（輪）場,駐車（輪）場,ナンバープレート
窃盗,部品ねらい,東灘,呉田,281018,兵庫県,神戸市東灘区,魚崎西町４丁目,2020/3/19,19,駐車（輪）場,駐車（輪）場,ナンバープレート
窃盗,部品ねらい,東灘,呉田,281018,兵庫県,神戸市東灘区,住吉南町５丁目,2020/5/3,18,駐車（輪）場,駐車（輪）場,ナンバープレート
窃盗,部品ねらい,東灘,呉田,281018,兵庫県,神戸市東灘区,住吉南町５丁目,2020/5/4,10,駐車（輪）場,駐車（輪）場,ナンバープレート
窃盗,部品ねらい,東灘,石屋川,281018,兵庫県,神戸市東灘区,御影塚町４丁目,2020/5/10,17,その他,駐車（輪）場,その他
窃盗,部品ねらい,東灘,沢ノ井,281018,兵庫県,神戸市東灘区,御影中町４丁目,2020/9/4,8,道路上,その他,その他
窃盗,部品ねらい,東灘,沢ノ井,281018,兵庫県,神戸市東灘区,御影郡家１丁目,2020/11/23,23,その他の住宅（３階建て以下共同住宅等）,駐車（輪）場,その他
窃盗,部品ねらい,東灘,六甲アイランド,281018,兵庫県,神戸市東灘区,向洋町西２丁目,2020/1/17,16,道路上,その他,ナンバープレート
窃盗,部品ねらい,東灘,六甲アイランド,281018,兵庫県,神戸市東灘区,向洋町中３丁目,2020/9/26,21,４階建て以上共同住宅,駐車（輪）場,その他
窃盗,部品ねらい,灘,高羽,281026,兵庫県,神戸市灘区,楠丘町３丁目,2020/6/7,15,その他の住宅（３階建て以下共同住宅等）,駐車（輪）場,ナンバープレート
窃盗,部品ねらい,灘,徳井,281026,兵庫県,神戸市灘区,大和町２丁目,2020/12/25,13,４階建て以上共同住宅,駐車（輪）場,ナンバープレート
窃盗,部品ねらい,灘,篠原北町,281026,兵庫県,神戸市灘区,篠原北町４丁目,2020/1/29,19,道路上,その他,ナンバープレート
窃盗,部品ねらい,灘,八幡,281026,兵庫県,神戸市灘区,永手町２丁目,2020/6/5,17,その他,駐車（輪）場,ナンバープレート
窃盗,部品ねらい,灘,六甲,281026,兵庫県,神戸市灘区,六甲町３丁目,2020/3/29,21,一戸建住宅,駐車（輪）場,ナンバープレート
窃盗,部品ねらい,灘,六甲,281026,兵庫県,神戸市灘区,六甲町５丁目,2020/9/18,18,その他,その他,その他
窃盗,部品ねらい,灘,水道筋,281026,兵庫県,神戸市灘区,篠原中町６丁目,2020/7/6,14,駐車（輪）場,駐車（輪）場,ナンバープレート
窃盗,部品ねらい,灘,王子公園,281026,兵庫県,神戸市灘区,王子町１丁目,2020/2/6,18,駐車（輪）場,駐車（輪）場,その他
窃盗,部品ねらい,灘,桜口,281026,兵庫県,神戸市灘区,大石東町１丁目,2020/6/18,20,４階建て以上共同住宅,駐車（輪）場,ナンバープレート
窃盗,部品ねらい,灘,桜口,281026,兵庫県,神戸市灘区,桜口町５丁目,2020/6/2,16,道路上,その他,その他
窃盗,部品ねらい,灘,桜口,281026,兵庫県,神戸市灘区,備後町５丁目,2020/4/18,15,道路上,その他,その他
窃盗,部品ねらい,灘,琵琶町,281026,兵庫県,神戸市灘区,大石東町１丁目,2020/10/16,18,４階建て以上共同住宅,駐車（輪）場,ナンバープレート
窃盗,部品ねらい,灘,琵琶町,281026,兵庫県,神戸市灘区,琵琶町３丁目,2020/6/16,5,その他,その他,その他
窃盗,部品ねらい,灘,大石,281026,兵庫県,神戸市灘区,新在家南町４丁目,2020/3/12,22,その他,その他,ナンバープレート
窃盗,部品ねらい,灘,大石,281026,兵庫県,神戸市灘区,新在家南町４丁目,2020/9/7,11,駐車（輪）場,駐車（輪）場,ナンバープレート
窃盗,部品ねらい,灘,西灘,281026,兵庫県,神戸市灘区,灘南通２丁目,2020/1/19,19,駐車（輪）場,駐車（輪）場,ナンバープレート
窃盗,部品ねらい,灘,西灘,281026,兵庫県,神戸市灘区,摩耶埠頭,2020/9/17,9,その他,駐車（輪）場,ナンバープレート
窃盗,部品ねらい,灘,西灘,281026,兵庫県,神戸市灘区,摩耶埠頭,2020/9/29,16,その他,駐車（輪）場,その他
窃盗,部品ねらい,灘,鶴甲,281026,兵庫県,神戸市灘区,鶴甲１丁目,2020/11/16,6,４階建て以上共同住宅,駐車（輪）場,ナンバープレート
窃盗,部品ねらい,灘,鶴甲,281026,兵庫県,神戸市灘区,鶴甲３丁目,2020/8/31,9,その他,駐車（輪）場,その他
窃盗,部品ねらい,葺合,宮本,281107,兵庫県,神戸市中央区,割塚通２丁目,2020/8/24,14,４階建て以上共同住宅,駐車（輪）場,その他
窃盗,部品ねらい,葺合,熊内,281107,兵庫県,神戸市中央区,神若通５丁目,2020/6/30,18,道路上,その他,ナンバープレート
窃盗,部品ねらい,葺合,熊内,281107,兵庫県,神戸市中央区,熊内橋通５丁目,2020/5/9,9,４階建て以上共同住宅,駐車（輪）場,その他
窃盗,部品ねらい,葺合,割塚,281107,兵庫県,神戸市中央区,東雲通１丁目,2020/6/26,18,４階建て以上共同住宅,駐車（輪）場,ナンバープレート
窃盗,部品ねらい,葺合,ＨＡＴ神戸,281107,兵庫県,神戸市中央区,南本町通４丁目,2020/9/7,19,道路上,その他,タイヤ・ホイール
窃盗,部品ねらい,葺合,ＨＡＴ神戸,281107,兵庫県,神戸市中央区,脇浜海岸通１丁目,2020/10/27,9,その他,その他,その他
窃盗,部品ねらい,葺合,ＨＡＴ神戸,281107,兵庫県,神戸市中央区,脇浜海岸通２丁目,2020/5/22,7,その他,駐車（輪）場,その他
窃盗,部品ねらい,葺合,二宮,281107,兵庫県,神戸市中央区,琴ノ緒町４丁目,2020/3/28,20,４階建て以上共同住宅,駐車（輪）場,ナンバープレート
窃盗,部品ねらい,葺合,三宮センター,281107,兵庫県,神戸市中央区,旭通４丁目,2020/1/21,19,駐車（輪）場,駐車（輪）場,ナンバープレート
窃盗,部品ねらい,葺合,三宮センター,281107,兵庫県,神戸市中央区,布引町４丁目,2019/12/20,22,その他,その他,その他
窃盗,部品ねらい,葺合,三宮センター,281107,兵庫県,神戸市中央区,八幡通３丁目,2020/6/26,18,４階建て以上共同住宅,駐車（輪）場,ナンバープレート
窃盗,部品ねらい,葺合,三宮センター,281107,兵庫県,神戸市中央区,浜辺通３丁目,2020/9/25,17,４階建て以上共同住宅,駐車（輪）場,その他
窃盗,部品ねらい,葺合,春日野,281107,兵庫県,神戸市中央区,吾妻通１丁目,2020/2/21,2,４階建て以上共同住宅,駐車（輪）場,その他
窃盗,部品ねらい,葺合,春日野,281107,兵庫県,神戸市中央区,北本町通１丁目,2020/7/14,1,その他,駐車（輪）場,その他
窃盗,部品ねらい,葺合,春日野,281107,兵庫県,神戸市中央区,脇浜町１丁目,2020/8/3,20,その他,その他,その他
窃盗,部品ねらい,葺合,春日野,281107,兵庫県,神戸市中央区,脇浜町２丁目,2020/3/15,22,その他,駐車（輪）場,ナンバープレート
窃盗,部品ねらい,生田,諏訪山,281107,兵庫県,神戸市中央区,山本通４丁目,2020/7/16,19,４階建て以上共同住宅,駐車（輪）場,その他
窃盗,部品ねらい,生田,京町,281107,兵庫県,神戸市中央区,海岸通,2020/1/7,17,駐車（輪）場,駐車（輪）場,ナンバープレート
窃盗,部品ねらい,生田,京町,281107,兵庫県,神戸市中央区,加納町６丁目,2020/2/23,12,駐車（輪）場,駐車（輪）場,ナンバープレート
窃盗,部品ねらい,生田,京町,281107,兵庫県,神戸市中央区,加納町６丁目,2020/4/2,10,その他,駐車（輪）場,ナンバープレート
窃盗,部品ねらい,生田,元町通,281107,兵庫県,神戸市中央区,元町高架通,2020/11/5,20,道路上,その他,ナンバープレート
窃盗,部品ねらい,生田,元町通,281107,兵庫県,神戸市中央区,元町通４丁目,2020/6/23,2,その他,駐車（輪）場,タイヤ・ホイール
窃盗,部品ねらい,生田,下山手,281107,兵庫県,神戸市中央区,北長狭通５丁目,2020/9/28,0,４階建て以上共同住宅,駐車（輪）場,ナンバープレート
窃盗,部品ねらい,生田,下山手,281107,兵庫県,神戸市中央区,下山手通７丁目,2020/7/10,13,４階建て以上共同住宅,駐車（輪）場,その他
窃盗,部品ねらい,生田,下山手,281107,兵庫県,神戸市中央区,花隈町,2020/8/20,23,その他の住宅（３階建て以下共同住宅等）,駐車（輪）場,その他
窃盗,部品ねらい,生田,大倉山,281107,兵庫県,神戸市中央区,楠町７丁目,2020/11/15,9,駐車（輪）場,駐車（輪）場,その他
窃盗,部品ねらい,生田,大倉山,281107,兵庫県,神戸市中央区,下山手通８丁目,2020/9/18,23,その他の住宅（３階建て以下共同住宅等）,駐車（輪）場,ナンバープレート
窃盗,部品ねらい,生田,大倉山,281107,兵庫県,神戸市中央区,中山手通８丁目,2020/6/26,15,４階建て以上共同住宅,駐車（輪）場,その他
窃盗,部品ねらい,生田,デュオこうべ,281107,兵庫県,神戸市中央区,相生町４丁目,2020/11/16,7,駐車（輪）場,駐車（輪）場,その他
窃盗,部品ねらい,生田,ハーバーランド,281107,兵庫県,神戸市中央区,相生町５丁目,2020/5/13,13,道路上,その他,その他
窃盗,部品ねらい,生田,ハーバーランド,281107,兵庫県,神戸市中央区,東川崎町１丁目,2020/3/20,13,その他,駐車（輪）場,その他
窃盗,部品ねらい,兵庫,平野,281051,兵庫県,神戸市兵庫区,五宮町,2020/7/31,18,４階建て以上共同住宅,駐車（輪）場,その他
窃盗,部品ねらい,兵庫,平野,281051,兵庫県,神戸市兵庫区,馬場町,2020/7/19,13,一戸建住宅,駐車（輪）場,その他
窃盗,部品ねらい,兵庫,荒田,281051,兵庫県,神戸市兵庫区,荒田町３丁目,2019/12/10,18,一戸建住宅,駐車（輪）場,その他
窃盗,部品ねらい,兵庫,新開地,281051,兵庫県,神戸市兵庫区,新開地４丁目,2020/1/22,11,道路上,その他,その他
窃盗,部品ねらい,兵庫,皿池,281051,兵庫県,神戸市兵庫区,中道通４丁目,2020/2/20,0,その他,駐車（輪）場,その他
窃盗,部品ねらい,兵庫,大開,281051,兵庫県,神戸市兵庫区,大開通７丁目,2020/5/11,9,駐車（輪）場,駐車（輪）場,その他
窃盗,部品ねらい,兵庫,大開,281051,兵庫県,神戸市兵庫区,大開通８丁目,2019/12/31,17,４階建て以上共同住宅,駐車（輪）場,ナンバープレート
窃盗,部品ねらい,兵庫,七宮,281051,兵庫県,神戸市兵庫区,鍛冶屋町１丁目,2020/3/22,7,道路上,その他,その他
窃盗,部品ねらい,兵庫,七宮,281051,兵庫県,神戸市兵庫区,七宮町２丁目,2020/4/28,22,駐車（輪）場,駐車（輪）場,その他
窃盗,部品ねらい,兵庫,七宮,281051,兵庫県,神戸市兵庫区,浜崎通,2020/2/27,21,駐車（輪）場,駐車（輪）場,その他
窃盗,部品ねらい,兵庫,七宮,281051,兵庫県,神戸市兵庫区,浜崎通,2020/7/15,1,４階建て以上共同住宅,駐車（輪）場,その他
窃盗,部品ねらい,兵庫,中之島,281051,兵庫県,神戸市兵庫区,和田宮通３丁目,2020/5/8,15,駐車（輪）場,駐車（輪）場,ナンバープレート
窃盗,部品ねらい,兵庫,キャナルタウン,281051,兵庫県,神戸市兵庫区,駅前通５丁目,2019/12/31,12,４階建て以上共同住宅,駐車（輪）場,ナンバープレート
窃盗,部品ねらい,兵庫,キャナルタウン,281051,兵庫県,神戸市兵庫区,駅南通５丁目,2020/3/17,22,駐車（輪）場,駐車（輪）場,ナンバープレート
窃盗,部品ねらい,兵庫,キャナルタウン,281051,兵庫県,神戸市兵庫区,駅南通５丁目,2020/7/9,16,４階建て以上共同住宅,駐車（輪）場,ナンバープレート
窃盗,部品ねらい,兵庫,キャナルタウン,281051,兵庫県,神戸市兵庫区,駅南通５丁目,2020/7/21,18,４階建て以上共同住宅,駐車（輪）場,その他
窃盗,部品ねらい,長田,丸山,281069,兵庫県,神戸市長田区,雲雀ケ丘３丁目,2019/10/15,17,４階建て以上共同住宅,駐車（輪）場,ナンバープレート
窃盗,部品ねらい,長田,丸山,281069,兵庫県,神戸市長田区,雲雀ケ丘３丁目,2020/5/13,21,４階建て以上共同住宅,駐車（輪）場,ナンバープレート
窃盗,部品ねらい,長田,名倉,281069,兵庫県,神戸市長田区,長田天神町６丁目,2020/8/27,15,４階建て以上共同住宅,駐車（輪）場,なし
窃盗,部品ねらい,長田,名倉,281069,兵庫県,神戸市長田区,明泉寺町３丁目,2019/12/30,20,駐車（輪）場,駐車（輪）場,ナンバープレート
窃盗,部品ねらい,長田,長田東,281069,兵庫県,神戸市長田区,五番町８丁目,2020/3/11,3,道路上,その他,その他
窃盗,部品ねらい,長田,長田東,281069,兵庫県,神戸市長田区,五番町８丁目,2020/4/4,13,駐車（輪）場,駐車（輪）場,その他
窃盗,部品ねらい,長田,長田東,281069,兵庫県,神戸市長田区,五番町８丁目,2020/11/19,8,道路上,その他,その他
窃盗,部品ねらい,長田,長田東,281069,兵庫県,神戸市長田区,四番町５丁目,2020/2/12,15,４階建て以上共同住宅,その他,ナンバープレート
窃盗,部品ねらい,長田,長田東,281069,兵庫県,神戸市長田区,四番町８丁目,2019/12/27,17,その他,駐車（輪）場,ナンバープレート
窃盗,部品ねらい,長田,長田東,281069,兵庫県,神戸市長田区,六番町３丁目,2020/4/13,7,駐車（輪）場,駐車（輪）場,ナンバープレート
窃盗,部品ねらい,長田,御蔵,281069,兵庫県,神戸市長田区,北町１丁目,2020/6/16,22,その他,駐車（輪）場,ナンバープレート
窃盗,部品ねらい,長田,湊川大橋,281069,兵庫県,神戸市長田区,苅藻島町１丁目,2020/11/6,16,その他,その他,その他
窃盗,部品ねらい,長田,湊川大橋,281069,兵庫県,神戸市長田区,苅藻島町２丁目,2020/9/14,19,道路上,その他,その他
窃盗,部品ねらい,長田,湊川大橋,281069,兵庫県,神戸市長田区,苅藻島町２丁目,2020/9/15,18,道路上,その他,その他
窃盗,部品ねらい,長田,湊川大橋,281069,兵庫県,神戸市長田区,苅藻島町３丁目,2020/1/31,16,駐車（輪）場,駐車（輪）場,その他
窃盗,部品ねらい,長田,湊川大橋,281069,兵庫県,神戸市長田区,苅藻通７丁目,2020/1/31,17,その他,その他,その他
窃盗,部品ねらい,長田,湊川大橋,281069,兵庫県,神戸市長田区,浜添通６丁目,2020/12/2,13,その他の住宅（３階建て以下共同住宅等）,駐車（輪）場,その他
窃盗,部品ねらい,長田,大谷,281069,兵庫県,神戸市長田区,五位ノ池町２丁目,2020/11/18,17,４階建て以上共同住宅,駐車（輪）場,ナンバープレート
窃盗,部品ねらい,長田,大谷,281069,兵庫県,神戸市長田区,五位ノ池町３丁目,2020/12/12,19,４階建て以上共同住宅,その他,ナンバープレート
窃盗,部品ねらい,長田,大谷,281069,兵庫県,神戸市長田区,西代通１丁目,2020/4/27,19,駐車（輪）場,駐車（輪）場,ナンバープレート
窃盗,部品ねらい,長田,大谷,281069,兵庫県,神戸市長田区,蓮宮通２丁目,2020/10/25,14,駐車（輪）場,駐車（輪）場,ナンバープレート
窃盗,部品ねらい,長田,平和台,281069,兵庫県,神戸市長田区,高取山町２丁目,2020/5/25,14,道路上,その他,その他
窃盗,部品ねらい,長田,新長田駅前,281069,兵庫県,神戸市長田区,大橋町５丁目,2020/9/12,22,その他,その他,その他
窃盗,部品ねらい,長田,新長田駅前,281069,兵庫県,神戸市長田区,西尻池町１丁目,2020/8/8,6,道路上,その他,ナンバープレート
窃盗,部品ねらい,長田,新長田駅前,281069,兵庫県,神戸市長田区,野田町７丁目,2020/10/28,20,４階建て以上共同住宅,駐車（輪）場,その他
窃盗,部品ねらい,長田,新長田駅前,281069,兵庫県,神戸市長田区,日吉町２丁目,2019/12/30,18,駐車（輪）場,駐車（輪）場,その他
窃盗,部品ねらい,長田,新長田駅前,281069,兵庫県,神戸市長田区,若松町５丁目,2020/10/10,23,道路上,その他,その他
窃盗,部品ねらい,長田,新長田駅前,281069,兵庫県,神戸市長田区,若松町９丁目,2020/4/26,12,駐車（輪）場,駐車（輪）場,その他
窃盗,部品ねらい,長田,水笠,281069,兵庫県,神戸市長田区,御屋敷通２丁目,2020/3/30,10,道路上,その他,その他
窃盗,部品ねらい,長田,水笠,281069,兵庫県,神戸市長田区,御屋敷通６丁目,2020/7/6,16,その他,駐車（輪）場,ナンバープレート
窃盗,部品ねらい,長田,水笠,281069,兵庫県,神戸市長田区,戸崎通２丁目,2020/11/23,7,４階建て以上共同住宅,駐車（輪）場,ナンバープレート
窃盗,部品ねらい,長田,久保,281069,兵庫県,神戸市長田区,久保町４丁目,2020/6/9,7,４階建て以上共同住宅,駐車（輪）場,その他
窃盗,部品ねらい,長田,久保,281069,兵庫県,神戸市長田区,二葉町８丁目,2020/2/15,17,駐車（輪）場,駐車（輪）場,ナンバープレート
窃盗,部品ねらい,長田,野田,281069,兵庫県,神戸市長田区,駒ケ林南町,2020/2/1,20,駐車（輪）場,駐車（輪）場,その他
窃盗,部品ねらい,長田,野田,281069,兵庫県,神戸市長田区,長楽町３丁目,2020/6/7,18,４階建て以上共同住宅,駐車（輪）場,その他
窃盗,部品ねらい,須磨,板宿,281077,兵庫県,神戸市須磨区,板宿町２丁目,2020/9/16,1,道路上,その他,その他
窃盗,部品ねらい,須磨,板宿,281077,兵庫県,神戸市須磨区,板宿町３丁目,2020/3/27,20,駐車（輪）場,駐車（輪）場,その他
窃盗,部品ねらい,須磨,板宿,281077,兵庫県,神戸市須磨区,大池町５丁目,2020/10/1,18,４階建て以上共同住宅,駐車（輪）場,その他
窃盗,部品ねらい,須磨,板宿,281077,兵庫県,神戸市須磨区,前池町３丁目,2020/2/4,19,その他,駐車（輪）場,その他
窃盗,部品ねらい,須磨,千歳,281077,兵庫県,神戸市須磨区,大池町４丁目,2020/12/17,17,４階建て以上共同住宅,駐車（輪）場,その他
窃盗,部品ねらい,須磨,千歳,281077,兵庫県,神戸市須磨区,大池町５丁目,2020/2/14,5,４階建て以上共同住宅,駐車（輪）場,ナンバープレート
窃盗,部品ねらい,須磨,千歳,281077,兵庫県,神戸市須磨区,大池町５丁目,2020/3/16,0,駐車（輪）場,駐車（輪）場,ナンバープレート
窃盗,部品ねらい,須磨,千歳,281077,兵庫県,神戸市須磨区,大池町５丁目,2020/9/6,17,４階建て以上共同住宅,駐車（輪）場,ナンバープレート
窃盗,部品ねらい,須磨,千歳,281077,兵庫県,神戸市須磨区,大池町５丁目,2020/11/22,10,４階建て以上共同住宅,駐車（輪）場,その他
窃盗,部品ねらい,須磨,東須磨,281077,兵庫県,神戸市須磨区,松風町３丁目,2020/9/7,1,４階建て以上共同住宅,駐車（輪）場,なし
窃盗,部品ねらい,須磨,若宮,281077,兵庫県,神戸市須磨区,磯馴町１丁目,2020/6/18,17,一戸建住宅,駐車（輪）場,ナンバープレート
窃盗,部品ねらい,須磨,若宮,281077,兵庫県,神戸市須磨区,磯馴町２丁目,2020/5/12,13,一戸建住宅,駐車（輪）場,ナンバープレート
窃盗,部品ねらい,須磨,若宮,281077,兵庫県,神戸市須磨区,衣掛町４丁目,2020/5/12,17,駐車（輪）場,駐車（輪）場,ナンバープレート
窃盗,部品ねらい,須磨,若宮,281077,兵庫県,神戸市須磨区,小寺町３丁目,2020/11/19,14,４階建て以上共同住宅,駐車（輪）場,その他
窃盗,部品ねらい,須磨,若宮,281077,兵庫県,神戸市須磨区,古川町１丁目,2019/9/1,0,４階建て以上共同住宅,その他,なし
窃盗,部品ねらい,須磨,若宮,281077,兵庫県,神戸市須磨区,古川町１丁目,2019/9/1,0,４階建て以上共同住宅,その他,ナンバープレート
窃盗,部品ねらい,須磨,須磨駅前,281077,兵庫県,神戸市須磨区,須磨浦通４丁目,2020/5/29,1,道路上,その他,その他
窃盗,部品ねらい,須磨,須磨駅前,281077,兵庫県,神戸市須磨区,天神町３丁目,2020/7/11,7,一戸建住宅,駐車（輪）場,ナンバープレート
窃盗,部品ねらい,須磨,須磨駅前,281077,兵庫県,神戸市須磨区,天神町５丁目,2020/10/25,2,駐車（輪）場,駐車（輪）場,その他
窃盗,部品ねらい,須磨,妙法寺,281077,兵庫県,神戸市須磨区,妙法寺字アチラムキ,2020/12/29,20,４階建て以上共同住宅,駐車（輪）場,その他
窃盗,部品ねらい,須磨,妙法寺,281077,兵庫県,神戸市須磨区,若草町２丁目,2020/6/6,13,その他,その他,ナンバープレート
窃盗,部品ねらい,須磨,妙法寺,281077,兵庫県,神戸市須磨区,若草町３丁目,2020/6/15,15,駐車（輪）場,駐車（輪）場,ナンバープレート
窃盗,部品ねらい,須磨,白川台,281077,兵庫県,神戸市須磨区,白川台２丁目,2020/5/4,18,４階建て以上共同住宅,駐車（輪）場,ナンバープレート
窃盗,部品ねらい,須磨,白川台,281077,兵庫県,神戸市須磨区,白川台２丁目,2020/11/2,11,駐車（輪）場,駐車（輪）場,その他
窃盗,部品ねらい,須磨,名谷中央,281077,兵庫県,神戸市須磨区,神の谷３丁目,2020/2/21,18,一戸建住宅,駐車（輪）場,その他
窃盗,部品ねらい,須磨,名谷中央,281077,兵庫県,神戸市須磨区,北落合１丁目,2020/3/15,10,４階建て以上共同住宅,駐車（輪）場,ナンバープレート
窃盗,部品ねらい,須磨,名谷中央,281077,兵庫県,神戸市須磨区,中落合２丁目,2020/9/21,22,その他,駐車（輪）場,その他
窃盗,部品ねらい,須磨,名谷中央,281077,兵庫県,神戸市須磨区,中落合４丁目,2020/1/6,18,４階建て以上共同住宅,駐車（輪）場,ナンバープレート
窃盗,部品ねらい,須磨,名谷中央,281077,兵庫県,神戸市須磨区,東落合１丁目,2020/11/7,8,４階建て以上共同住宅,駐車（輪）場,ナンバープレート
窃盗,部品ねらい,須磨,名谷中央,281077,兵庫県,神戸市須磨区,東落合２丁目,2019/10/20,10,４階建て以上共同住宅,駐車（輪）場,ナンバープレート
窃盗,部品ねらい,須磨,名谷中央,281077,兵庫県,神戸市須磨区,東落合３丁目,2020/8/3,20,駐車（輪）場,駐車（輪）場,その他
窃盗,部品ねらい,須磨,名谷中央,281077,兵庫県,神戸市須磨区,東落合３丁目,2020/9/30,15,その他,駐車（輪）場,その他
窃盗,部品ねらい,須磨,横尾,281077,兵庫県,神戸市須磨区,横尾５丁目,2020/6/18,19,駐車（輪）場,駐車（輪）場,その他
窃盗,部品ねらい,垂水,塩屋,281085,兵庫県,神戸市垂水区,塩屋北町１丁目,2020/3/19,11,駐車（輪）場,駐車（輪）場,ナンバープレート
窃盗,部品ねらい,垂水,塩屋,281085,兵庫県,神戸市垂水区,下畑町,2020/6/20,10,４階建て以上共同住宅,駐車（輪）場,その他
窃盗,部品ねらい,垂水,平尾,281085,兵庫県,神戸市垂水区,塩屋北町１丁目,2020/3/19,18,駐車（輪）場,駐車（輪）場,その他
窃盗,部品ねらい,垂水,高丸,281085,兵庫県,神戸市垂水区,高丸６丁目,2020/3/22,17,４階建て以上共同住宅,駐車（輪）場,その他
窃盗,部品ねらい,垂水,名谷,281085,兵庫県,神戸市垂水区,名谷町,2020/6/26,19,その他,駐車（輪）場,その他
窃盗,部品ねらい,垂水,名谷,281085,兵庫県,神戸市垂水区,名谷町,2020/9/23,18,４階建て以上共同住宅,駐車（輪）場,ナンバープレート
窃盗,部品ねらい,垂水,垂水駅前,281085,兵庫県,神戸市垂水区,日向１丁目,2020/10/28,22,その他,駐車（輪）場,その他
窃盗,部品ねらい,垂水,垂水駅前,281085,兵庫県,神戸市垂水区,平磯３丁目,,,道路上,その他,ナンバープレート
窃盗,部品ねらい,垂水,霞ヶ丘,281085,兵庫県,神戸市垂水区,霞ケ丘４丁目,2020/5/9,12,一戸建住宅,駐車（輪）場,ナンバープレート
窃盗,部品ねらい,垂水,霞ヶ丘,281085,兵庫県,神戸市垂水区,五色山７丁目,2020/7/8,13,４階建て以上共同住宅,駐車（輪）場,その他
窃盗,部品ねらい,垂水,霞ヶ丘,281085,兵庫県,神戸市垂水区,五色山７丁目,2020/10/8,15,駐車（輪）場,駐車（輪）場,その他
窃盗,部品ねらい,垂水,北舞子,281085,兵庫県,神戸市垂水区,北舞子２丁目,2020/6/11,0,４階建て以上共同住宅,駐車（輪）場,ナンバープレート
窃盗,部品ねらい,垂水,舞子駅前,281085,兵庫県,神戸市垂水区,西舞子１丁目,2020/7/3,20,一戸建住宅,駐車（輪）場,ナンバープレート
窃盗,部品ねらい,垂水,舞子駅前,281085,兵庫県,神戸市垂水区,東舞子町,2020/9/30,7,その他,駐車（輪）場,その他
窃盗,部品ねらい,垂水,舞子駅前,281085,兵庫県,神戸市垂水区,東舞子町,2020/10/7,7,その他,駐車（輪）場,その他
窃盗,部品ねらい,垂水,舞子駅前,281085,兵庫県,神戸市垂水区,東舞子町,2020/10/20,5,その他,駐車（輪）場,その他
窃盗,部品ねらい,垂水,西舞子,281085,兵庫県,神戸市垂水区,狩口台６丁目,2020/2/1,8,４階建て以上共同住宅,駐車（輪）場,ナンバープレート
窃盗,部品ねらい,垂水,西舞子,281085,兵庫県,神戸市垂水区,狩口台７丁目,2020/9/18,21,駐車（輪）場,駐車（輪）場,ナンバープレート
窃盗,部品ねらい,垂水,西舞子,281085,兵庫県,神戸市垂水区,狩口台７丁目,2020/9/23,20,４階建て以上共同住宅,駐車（輪）場,ナンバープレート
窃盗,部品ねらい,垂水,西舞子,281085,兵庫県,神戸市垂水区,西舞子２丁目,2020/2/23,9,一戸建住宅,駐車（輪）場,ナンバープレート
窃盗,部品ねらい,垂水,西舞子,281085,兵庫県,神戸市垂水区,西舞子２丁目,2020/10/15,11,４階建て以上共同住宅,駐車（輪）場,その他
窃盗,部品ねらい,垂水,西舞子,281085,兵庫県,神戸市垂水区,西舞子７丁目,2020/6/27,13,道路上,その他,その他
窃盗,部品ねらい,垂水,多聞,281085,兵庫県,神戸市垂水区,清玄町,2020/10/17,23,駐車（輪）場,駐車（輪）場,ナンバープレート
窃盗,部品ねらい,垂水,上高丸,281085,兵庫県,神戸市垂水区,千鳥が丘１丁目,2020/5/21,18,一戸建住宅,駐車（輪）場,ナンバープレート
窃盗,部品ねらい,垂水,上高丸,281085,兵庫県,神戸市垂水区,千代が丘１丁目,2020/5/22,15,一戸建住宅,駐車（輪）場,ナンバープレート
窃盗,部品ねらい,垂水,明舞,281085,兵庫県,神戸市垂水区,神陵台２丁目,2020/3/12,10,４階建て以上共同住宅,駐車（輪）場,その他
窃盗,部品ねらい,垂水,明舞,281085,兵庫県,神戸市垂水区,南多聞台６丁目,2019/9/2,16,４階建て以上共同住宅,駐車（輪）場,その他
窃盗,部品ねらい,垂水,明舞,281085,兵庫県,神戸市垂水区,南多聞台６丁目,2020/1/15,18,４階建て以上共同住宅,駐車（輪）場,その他
窃盗,部品ねらい,垂水,青山台,281085,兵庫県,神戸市垂水区,青山台６丁目,2020/1/11,14,４階建て以上共同住宅,駐車（輪）場,その他
窃盗,部品ねらい,垂水,新多聞,281085,兵庫県,神戸市垂水区,本多聞２丁目,2020/4/30,12,その他の住宅（３階建て以下共同住宅等）,その他,その他
窃盗,部品ねらい,垂水,新多聞,281085,兵庫県,神戸市垂水区,本多聞３丁目,2020/3/15,19,４階建て以上共同住宅,駐車（輪）場,ナンバープレート
窃盗,部品ねらい,垂水,新多聞,281085,兵庫県,神戸市垂水区,本多聞４丁目,2020/2/1,20,４階建て以上共同住宅,駐車（輪）場,ナンバープレート
窃盗,部品ねらい,垂水,新多聞,281085,兵庫県,神戸市垂水区,本多聞４丁目,2020/6/12,20,４階建て以上共同住宅,駐車（輪）場,その他
窃盗,部品ねらい,垂水,新多聞,281085,兵庫県,神戸市垂水区,本多聞４丁目,2020/10/19,18,４階建て以上共同住宅,駐車（輪）場,その他
窃盗,部品ねらい,垂水,新多聞,281085,兵庫県,神戸市垂水区,本多聞５丁目,2020/6/14,19,その他の住宅（３階建て以下共同住宅等）,その他,その他
窃盗,部品ねらい,垂水,新多聞,281085,兵庫県,神戸市垂水区,本多聞５丁目,2020/12/17,15,４階建て以上共同住宅,駐車（輪）場,その他
窃盗,部品ねらい,神戸水上,,281107,兵庫県,神戸市中央区,港島中町２丁目,2020/7/20,5,駐車（輪）場,駐車（輪）場,ナンバープレート
窃盗,部品ねらい,神戸水上,新港,281107,兵庫県,神戸市中央区,小野浜町,2020/1/9,11,その他,駐車（輪）場,その他
窃盗,部品ねらい,神戸水上,ポートアイランド,281107,兵庫県,神戸市中央区,港島２丁目,2020/6/27,13,その他,駐車（輪）場,ナンバープレート
窃盗,部品ねらい,神戸水上,ポートアイランド,281107,兵庫県,神戸市中央区,港島２丁目,2020/11/5,7,その他,駐車（輪）場,ナンバープレート
窃盗,部品ねらい,神戸水上,ポートアイランド,281107,兵庫県,神戸市中央区,港島９丁目,2020/1/24,17,その他,駐車（輪）場,ナンバープレート
窃盗,部品ねらい,神戸水上,ポートアイランド,281107,兵庫県,神戸市中央区,港島９丁目,2020/4/11,16,道路上,その他,ナンバープレート
窃盗,部品ねらい,神戸水上,ポートアイランド,281107,兵庫県,神戸市中央区,港島中町３丁目,2020/11/20,20,４階建て以上共同住宅,駐車（輪）場,タイヤ・ホイール
窃盗,部品ねらい,神戸西,,281115,兵庫県,神戸市西区,押部谷町木見,2020/2/12,6,駐車（輪）場,駐車（輪）場,その他
窃盗,部品ねらい,神戸西,上池,281115,兵庫県,神戸市西区,伊川谷町有瀬,2020/12/13,1,その他の住宅（３階建て以下共同住宅等）,駐車（輪）場,ナンバープレート
窃盗,部品ねらい,神戸西,上池,281115,兵庫県,神戸市西区,玉津町新方,2020/5/3,13,道路上,その他,ナンバープレート
窃盗,部品ねらい,神戸西,上池,281115,兵庫県,神戸市西区,水谷３丁目,2019/12/31,20,駐車（輪）場,駐車（輪）場,ナンバープレート
窃盗,部品ねらい,神戸西,出合,281115,兵庫県,神戸市西区,王塚台４丁目,2020/4/15,7,４階建て以上共同住宅,駐車（輪）場,ナンバープレート
窃盗,部品ねらい,神戸西,出合,281115,兵庫県,神戸市西区,玉津町出合,2020/7/25,10,一戸建住宅,駐車（輪）場,ナンバープレート
窃盗,部品ねらい,神戸西,出合,281115,兵庫県,神戸市西区,玉津町出合,2020/11/24,18,その他の住宅（３階建て以下共同住宅等）,駐車（輪）場,その他
窃盗,部品ねらい,神戸西,出合,281115,兵庫県,神戸市西区,小山３丁目,2019/12/2,12,駐車（輪）場,駐車（輪）場,ナンバープレート
窃盗,部品ねらい,神戸西,春日台,281115,兵庫県,神戸市西区,平野町黒田,2020/7/18,8,その他,駐車（輪）場,その他
窃盗,部品ねらい,神戸西,栄,281115,兵庫県,神戸市西区,押部谷町木津,2020/12/23,7,その他,駐車（輪）場,その他
窃盗,部品ねらい,神戸西,櫨谷,281115,兵庫県,神戸市西区,櫨谷町菅野,2020/7/17,14,その他,駐車（輪）場,その他
窃盗,部品ねらい,神戸西,櫨谷,281115,兵庫県,神戸市西区,今寺,2019/8/1,0,その他の住宅（３階建て以下共同住宅等）,駐車（輪）場,ナンバープレート
窃盗,部品ねらい,神戸西,伊川谷,281115,兵庫県,神戸市西区,池上２丁目,2020/2/8,22,一戸建住宅,駐車（輪）場,ナンバープレート
窃盗,部品ねらい,神戸西,伊川谷,281115,兵庫県,神戸市西区,池上２丁目,2020/3/19,10,駐車（輪）場,駐車（輪）場,その他
窃盗,部品ねらい,神戸西,伊川谷,281115,兵庫県,神戸市西区,大津和１丁目,2020/5/21,20,４階建て以上共同住宅,駐車（輪）場,ナンバープレート
窃盗,部品ねらい,神戸西,伊川谷,281115,兵庫県,神戸市西区,大津和２丁目,2019/11/10,15,駐車（輪）場,駐車（輪）場,ナンバープレート
窃盗,部品ねらい,神戸西,伊川谷,281115,兵庫県,神戸市西区,南別府１丁目,2016/9/12,17,その他の住宅（３階建て以下共同住宅等）,駐車（輪）場,ナンバープレート
窃盗,部品ねらい,神戸西,伊川谷,281115,兵庫県,神戸市西区,南別府１丁目,2020/7/11,18,駐車（輪）場,駐車（輪）場,その他
窃盗,部品ねらい,神戸西,伊川谷,281115,兵庫県,神戸市西区,前開南町１丁目,2020/10/13,7,その他,駐車（輪）場,その他
窃盗,部品ねらい,神戸西,学園駅前,281115,兵庫県,神戸市西区,学園西町７丁目,2020/1/30,22,４階建て以上共同住宅,駐車（輪）場,ナンバープレート
窃盗,部品ねらい,神戸西,有瀬,281115,兵庫県,神戸市西区,伊川谷町有瀬,2020/7/1,20,その他の住宅（３階建て以下共同住宅等）,駐車（輪）場,その他
窃盗,部品ねらい,神戸西,有瀬,281115,兵庫県,神戸市西区,伊川谷町有瀬,2020/8/24,19,一戸建住宅,駐車（輪）場,その他
窃盗,部品ねらい,神戸西,有瀬,281115,兵庫県,神戸市西区,伊川谷町有瀬,2020/12/15,12,その他,駐車（輪）場,その他
窃盗,部品ねらい,神戸西,有瀬,281115,兵庫県,神戸市西区,伊川谷町有瀬,2020/12/16,18,駐車（輪）場,駐車（輪）場,その他
窃盗,部品ねらい,神戸西,枝吉,281115,兵庫県,神戸市西区,枝吉１丁目,2020/12/18,18,駐車（輪）場,駐車（輪）場,その他
窃盗,部品ねらい,神戸西,枝吉,281115,兵庫県,神戸市西区,王塚台１丁目,2020/4/24,16,駐車（輪）場,駐車（輪）場,ナンバープレート
窃盗,部品ねらい,神戸西,枝吉,281115,兵庫県,神戸市西区,持子１丁目,2020/6/3,16,一戸建住宅,駐車（輪）場,ナンバープレート
窃盗,部品ねらい,神戸西,狩場台,281115,兵庫県,神戸市西区,狩場台５丁目,2020/2/25,7,その他,駐車（輪）場,その他
窃盗,部品ねらい,神戸西,狩場台,281115,兵庫県,神戸市西区,糀台５丁目,2020/7/19,11,その他,駐車（輪）場,その他
窃盗,部品ねらい,神戸西,狩場台,281115,兵庫県,神戸市西区,糀台５丁目,2020/9/2,7,その他,駐車（輪）場,その他
窃盗,部品ねらい,神戸西,竹の台,281115,兵庫県,神戸市西区,美賀多台７丁目,2020/8/15,20,駐車（輪）場,駐車（輪）場,その他
窃盗,部品ねらい,神戸西,竹の台,281115,兵庫県,神戸市西区,竹の台２丁目,2019/12/18,8,その他の住宅（３階建て以下共同住宅等）,駐車（輪）場,その他
窃盗,部品ねらい,神戸西,竹の台,281115,兵庫県,神戸市西区,竹の台２丁目,2020/8/17,10,４階建て以上共同住宅,駐車（輪）場,その他
窃盗,部品ねらい,神戸西,井吹台,281115,兵庫県,神戸市西区,井吹台東町４丁目,2020/1/1,21,駐車（輪）場,駐車（輪）場,ナンバープレート
窃盗,部品ねらい,神戸西,井吹台,281115,兵庫県,神戸市西区,井吹台西町１丁目,2020/8/4,17,４階建て以上共同住宅,駐車（輪）場,ナンバープレート
窃盗,部品ねらい,神戸西,井吹台,281115,兵庫県,神戸市西区,井吹台北町２丁目,2020/6/1,17,一戸建住宅,駐車（輪）場,その他
窃盗,部品ねらい,神戸西,井吹台,281115,兵庫県,神戸市西区,井吹台北町５丁目,2020/8/24,17,一戸建住宅,駐車（輪）場,ナンバープレート
窃盗,部品ねらい,神戸西,玉津,281115,兵庫県,神戸市西区,長畑町,2020/8/15,13,その他,駐車（輪）場,その他
窃盗,部品ねらい,神戸西,玉津,281115,兵庫県,神戸市西区,二ツ屋１丁目,2020/11/5,18,その他の住宅（３階建て以下共同住宅等）,駐車（輪）場,ナンバープレート
窃盗,部品ねらい,神戸西,玉津,281115,兵庫県,神戸市西区,丸塚１丁目,2020/6/26,16,駐車（輪）場,駐車（輪）場,ナンバープレート
窃盗,部品ねらい,有馬,有馬,281093,兵庫県,神戸市北区,有馬町,2020/1/29,16,駐車（輪）場,駐車（輪）場,その他
窃盗,部品ねらい,有馬,有野,281093,兵庫県,神戸市北区,有野中町３丁目,2020/7/18,19,その他,その他,タイヤ・ホイール
窃盗,部品ねらい,有馬,二郎,281093,兵庫県,神戸市北区,有野町有野,2020/10/30,17,その他,駐車（輪）場,その他
窃盗,部品ねらい,有馬,二郎,281093,兵庫県,神戸市北区,有野中町４丁目,2020/6/8,8,駐車（輪）場,駐車（輪）場,その他
窃盗,部品ねらい,有馬,道場,281093,兵庫県,神戸市北区,道場町日下部,2020/10/21,19,駐車（輪）場,駐車（輪）場,ナンバープレート
窃盗,部品ねらい,有馬,生野,281093,兵庫県,神戸市北区,道場町生野,2020/9/11,9,その他,駐車（輪）場,ナンバープレート
窃盗,部品ねらい,有馬,上小名田,281093,兵庫県,神戸市北区,八多町吉尾,2020/8/7,20,駐車（輪）場,駐車（輪）場,その他
窃盗,部品ねらい,有馬,長尾,281093,兵庫県,神戸市北区,鹿の子台北町２丁目,2020/7/6,20,４階建て以上共同住宅,駐車（輪）場,ナンバープレート
窃盗,部品ねらい,有馬,長尾,281093,兵庫県,神戸市北区,鹿の子台南町５丁目,2020/11/5,18,一戸建住宅,駐車（輪）場,ナンバープレート
窃盗,部品ねらい,有馬,長尾,281093,兵庫県,神戸市北区,上津台７丁目,2020/2/13,15,その他,駐車（輪）場,その他
窃盗,部品ねらい,有馬,淡河,281093,兵庫県,神戸市北区,淡河町北僧尾,2020/6/15,8,その他,駐車（輪）場,その他
窃盗,部品ねらい,有馬,有野台,281093,兵庫県,神戸市北区,有野台１丁目,2020/12/9,17,４階建て以上共同住宅,駐車（輪）場,その他
窃盗,部品ねらい,神戸北,鈴蘭台,281093,兵庫県,神戸市北区,鈴蘭台北町１丁目,2020/8/17,19,４階建て以上共同住宅,駐車（輪）場,ナンバープレート
窃盗,部品ねらい,神戸北,谷上駅前,281093,兵庫県,神戸市北区,松が枝町１丁目,2020/11/5,7,駐車（輪）場,駐車（輪）場,その他
窃盗,部品ねらい,神戸北,谷上駅前,281093,兵庫県,神戸市北区,山田町上谷上字登り尾,2020/12/11,12,その他,駐車（輪）場,その他
窃盗,部品ねらい,神戸北,谷上駅前,281093,兵庫県,神戸市北区,谷上東町,2020/4/26,14,駐車（輪）場,駐車（輪）場,その他
窃盗,部品ねらい,神戸北,五葉,281093,兵庫県,神戸市北区,北五葉３丁目,2020/9/2,18,４階建て以上共同住宅,駐車（輪）場,ナンバープレート
窃盗,部品ねらい,神戸北,五葉,281093,兵庫県,神戸市北区,南五葉２丁目,2020/8/31,16,４階建て以上共同住宅,駐車（輪）場,ナンバープレート
窃盗,部品ねらい,神戸北,星和台,281093,兵庫県,神戸市北区,山田町藍那字手垣,2020/3/31,8,駐車（輪）場,駐車（輪）場,その他
窃盗,部品ねらい,神戸北,日の峰,281093,兵庫県,神戸市北区,日の峰２丁目,2020/4/16,9,その他,その他,タイヤ・ホイール
窃盗,部品ねらい,芦屋,業平橋,282065,兵庫県,芦屋市,平田北町,2020/10/25,13,道路上,その他,ナンバープレート
窃盗,部品ねらい,芦屋,宮川,282065,兵庫県,芦屋市,楠町,2020/7/12,9,その他,駐車（輪）場,その他
窃盗,部品ねらい,芦屋,岩園,282065,兵庫県,芦屋市,岩園町,2020/5/17,12,一戸建住宅,その他,その他
窃盗,部品ねらい,芦屋,芦屋駅前,282065,兵庫県,芦屋市,大原町,2020/6/2,17,その他,駐車（輪）場,その他
窃盗,部品ねらい,芦屋,浜芦屋,282065,兵庫県,芦屋市,浜芦屋町,2020/11/4,20,駐車（輪）場,駐車（輪）場,ナンバープレート
窃盗,部品ねらい,芦屋,打出,282065,兵庫県,芦屋市,打出町,2020/11/4,21,その他,駐車（輪）場,ナンバープレート
窃盗,部品ねらい,芦屋,打出,282065,兵庫県,芦屋市,若宮町,2020/12/27,21,４階建て以上共同住宅,駐車（輪）場,その他
窃盗,部品ねらい,芦屋,高浜,282065,兵庫県,芦屋市,高浜町,2020/5/23,7,４階建て以上共同住宅,駐車（輪）場,ナンバープレート
窃盗,部品ねらい,芦屋,高浜,282065,兵庫県,芦屋市,高浜町,2020/7/7,15,４階建て以上共同住宅,駐車（輪）場,その他
窃盗,部品ねらい,芦屋,高浜,282065,兵庫県,芦屋市,高浜町,2020/9/1,0,駐車（輪）場,駐車（輪）場,その他
窃盗,部品ねらい,芦屋,高浜,282065,兵庫県,芦屋市,高浜町,2020/11/4,21,４階建て以上共同住宅,駐車（輪）場,その他
窃盗,部品ねらい,芦屋,高浜,282065,兵庫県,芦屋市,緑町,2020/11/13,16,その他の住宅（３階建て以下共同住宅等）,駐車（輪）場,ナンバープレート
窃盗,部品ねらい,西宮,札場筋,282049,兵庫県,西宮市,久保町,2020/5/7,10,道路上,その他,その他
窃盗,部品ねらい,西宮,札場筋,282049,兵庫県,西宮市,本町,2020/7/1,16,駐車（輪）場,駐車（輪）場,その他
窃盗,部品ねらい,西宮,札場筋,282049,兵庫県,西宮市,六湛寺町,2020/7/22,18,その他,駐車（輪）場,ナンバープレート
窃盗,部品ねらい,西宮,市庭,282049,兵庫県,西宮市,神楽町,2020/5/13,8,駐車（輪）場,駐車（輪）場,その他
窃盗,部品ねらい,西宮,西宮浜,282049,兵庫県,西宮市,西宮浜４丁目,2019/12/16,12,４階建て以上共同住宅,駐車（輪）場,その他
窃盗,部品ねらい,西宮,西宮浜,282049,兵庫県,西宮市,西宮浜４丁目,2020/12/1,17,４階建て以上共同住宅,駐車（輪）場,ナンバープレート
窃盗,部品ねらい,西宮,夙川駅前,282049,兵庫県,西宮市,羽衣町,2020/8/10,11,４階建て以上共同住宅,駐車（輪）場,その他
窃盗,部品ねらい,西宮,越木岩,282049,兵庫県,西宮市,豊楽町,2018/4/1,0,駐車（輪）場,駐車（輪）場,その他
窃盗,部品ねらい,西宮,越木岩,282049,兵庫県,西宮市,豊楽町,2019/6/1,0,駐車（輪）場,駐車（輪）場,タイヤ・ホイール
窃盗,部品ねらい,西宮,越木岩,282049,兵庫県,西宮市,南越木岩町,2020/10/4,17,駐車（輪）場,駐車（輪）場,ナンバープレート
窃盗,部品ねらい,西宮,苦楽園,282049,兵庫県,西宮市,苦楽園二番町,2020/8/29,9,４階建て以上共同住宅,駐車（輪）場,その他
窃盗,部品ねらい,西宮,寿,282049,兵庫県,西宮市,桜谷町,2020/1/13,19,駐車（輪）場,駐車（輪）場,ナンバープレート
窃盗,部品ねらい,西宮,青木,282049,兵庫県,西宮市,神垣町,2019/12/18,16,４階建て以上共同住宅,駐車（輪）場,ナンバープレート
窃盗,部品ねらい,西宮,青木,282049,兵庫県,西宮市,大社町,2020/8/2,14,４階建て以上共同住宅,駐車（輪）場,ナンバープレート
窃盗,部品ねらい,西宮,青木,282049,兵庫県,西宮市,中屋町,2020/4/17,12,駐車（輪）場,駐車（輪）場,ナンバープレート
窃盗,部品ねらい,西宮,青木,282049,兵庫県,西宮市,室川町,2019/12/28,20,その他,駐車（輪）場,ナンバープレート
窃盗,部品ねらい,西宮,芦原,282049,兵庫県,西宮市,中殿町,2020/2/12,16,４階建て以上共同住宅,駐車（輪）場,ナンバープレート
窃盗,部品ねらい,西宮,芦原,282049,兵庫県,西宮市,森下町,2020/2/22,16,道路上,その他,ナンバープレート
窃盗,部品ねらい,西宮,芦原,282049,兵庫県,西宮市,森下町,2020/6/26,19,駐車（輪）場,駐車（輪）場,その他
窃盗,部品ねらい,西宮,西宮駅前,282049,兵庫県,西宮市,津門大箇町,2020/6/9,23,４階建て以上共同住宅,駐車（輪）場,その他
窃盗,部品ねらい,西宮,今津駅前,282049,兵庫県,西宮市,津門呉羽町,2020/9/17,19,その他,駐車（輪）場,その他
窃盗,部品ねらい,西宮,社前,282049,兵庫県,西宮市,今津大東町,2020/12/11,14,道路上,その他,ナンバープレート
窃盗,部品ねらい,西宮,社前,282049,兵庫県,西宮市,今津久寿川町,2020/3/11,17,駐車（輪）場,駐車（輪）場,ナンバープレート
窃盗,部品ねらい,西宮,社前,282049,兵庫県,西宮市,今津水波町,2020/11/2,10,４階建て以上共同住宅,駐車（輪）場,その他
窃盗,部品ねらい,西宮,西宮中央,282049,兵庫県,西宮市,北口町,2020/8/4,13,その他,駐車（輪）場,その他
窃盗,部品ねらい,西宮,西宮中央,282049,兵庫県,西宮市,北口町,2020/10/31,14,その他,駐車（輪）場,その他
窃盗,部品ねらい,西宮,西宮中央,282049,兵庫県,西宮市,高畑町,2020/1/15,19,４階建て以上共同住宅,駐車（輪）場,ナンバープレート
窃盗,部品ねらい,西宮,西宮中央,282049,兵庫県,西宮市,高畑町,2020/8/23,14,４階建て以上共同住宅,駐車（輪）場,ナンバープレート
窃盗,部品ねらい,西宮,西宮中央,282049,兵庫県,西宮市,高松町,2020/1/14,10,その他,駐車（輪）場,ナンバープレート
窃盗,部品ねらい,西宮,西宮中央,282049,兵庫県,西宮市,高松町,2020/7/16,8,駐車（輪）場,駐車（輪）場,その他
窃盗,部品ねらい,西宮,西宮中央,282049,兵庫県,西宮市,高松町,2020/10/26,18,その他,駐車（輪）場,その他
窃盗,部品ねらい,西宮,西宮中央,282049,兵庫県,西宮市,高松町,2020/12/3,12,その他,駐車（輪）場,その他
窃盗,部品ねらい,西宮,北口西,282049,兵庫県,西宮市,甲風園１丁目,2020/2/21,15,道路上,その他,その他
窃盗,部品ねらい,西宮,北口西,282049,兵庫県,西宮市,甲風園３丁目,2020/5/1,10,駐車（輪）場,駐車（輪）場,ナンバープレート
窃盗,部品ねらい,西宮,北口西,282049,兵庫県,西宮市,南昭和町,2020/12/3,22,４階建て以上共同住宅,駐車（輪）場,ナンバープレート
窃盗,部品ねらい,西宮,二見,282049,兵庫県,西宮市,大屋町,2020/4/6,16,その他の住宅（３階建て以下共同住宅等）,その他,その他
窃盗,部品ねらい,西宮,二見,282049,兵庫県,西宮市,瓦林町,2020/9/18,21,道路上,その他,ナンバープレート
窃盗,部品ねらい,西宮,上之町,282049,兵庫県,西宮市,大森町,2020/3/2,17,駐車（輪）場,駐車（輪）場,その他
窃盗,部品ねらい,西宮,上之町,282049,兵庫県,西宮市,門前町,2020/11/19,18,その他,駐車（輪）場,その他
窃盗,部品ねらい,西宮,門戸,282049,兵庫県,西宮市,下大市西町,2020/2/15,12,４階建て以上共同住宅,駐車（輪）場,ナンバープレート
窃盗,部品ねらい,西宮,門戸,282049,兵庫県,西宮市,田近野町,2019/12/28,15,４階建て以上共同住宅,駐車（輪）場,ナンバープレート
窃盗,部品ねらい,西宮,甲武橋,282049,兵庫県,西宮市,樋ノ口町２丁目,2020/2/20,17,４階建て以上共同住宅,駐車（輪）場,ナンバープレート
窃盗,部品ねらい,西宮,甲東園,282049,兵庫県,西宮市,松籟荘,2020/4/29,18,その他の住宅（３階建て以下共同住宅等）,その他,その他
窃盗,部品ねらい,西宮,上ヶ原,282049,兵庫県,西宮市,上ケ原五番町,2020/5/19,13,４階建て以上共同住宅,駐車（輪）場,その他
窃盗,部品ねらい,西宮,上ヶ原,282049,兵庫県,西宮市,上ケ原五番町,2020/7/22,15,その他,駐車（輪）場,その他
窃盗,部品ねらい,西宮,上ヶ原,282049,兵庫県,西宮市,上ケ原七番町,2016/4/1,0,４階建て以上共同住宅,駐車（輪）場,ナンバープレート
窃盗,部品ねらい,西宮,上ヶ原,282049,兵庫県,西宮市,上ケ原十番町,2020/1/31,10,４階建て以上共同住宅,駐車（輪）場,ナンバープレート
窃盗,部品ねらい,西宮,上ヶ原,282049,兵庫県,西宮市,上ケ原八番町,2020/2/22,15,４階建て以上共同住宅,駐車（輪）場,ナンバープレート
窃盗,部品ねらい,西宮,上ヶ原,282049,兵庫県,西宮市,上ケ原四番町,2020/3/22,11,駐車（輪）場,駐車（輪）場,ナンバープレート
窃盗,部品ねらい,西宮,上ヶ原,282049,兵庫県,西宮市,仁川町６丁目,2020/5/17,14,道路上,その他,その他
窃盗,部品ねらい,西宮,山口,282049,兵庫県,西宮市,山口町上山口１丁目,2020/4/16,17,一戸建住宅,駐車（輪）場,その他
窃盗,部品ねらい,西宮,山口,282049,兵庫県,西宮市,山口町下山口１丁目,2020/10/10,19,その他,駐車（輪）場,ナンバープレート
窃盗,部品ねらい,西宮,山口,282049,兵庫県,西宮市,山口町下山口５丁目,2020/5/23,19,その他,駐車（輪）場,その他
窃盗,部品ねらい,西宮,山口,282049,兵庫県,西宮市,すみれ台１丁目,2020/10/16,7,その他,駐車（輪）場,ナンバープレート
窃盗,部品ねらい,甲子園,本郷,282049,兵庫県,西宮市,甲子園七番町,2020/6/8,19,一戸建住宅,駐車（輪）場,その他
窃盗,部品ねらい,甲子園,本郷,282049,兵庫県,西宮市,鳴尾町１丁目,2020/11/5,9,その他,駐車（輪）場,その他
窃盗,部品ねらい,甲子園,小松,282049,兵庫県,西宮市,甲子園四番町,2020/1/24,8,駐車（輪）場,駐車（輪）場,タイヤ・ホイール
窃盗,部品ねらい,甲子園,小松,282049,兵庫県,西宮市,里中町１丁目,2020/11/5,21,４階建て以上共同住宅,駐車（輪）場,ナンバープレート
窃盗,部品ねらい,甲子園,上田,282049,兵庫県,西宮市,笠屋町,2020/1/30,6,一戸建住宅,駐車（輪）場,ナンバープレート
窃盗,部品ねらい,甲子園,上田,282049,兵庫県,西宮市,笠屋町,2020/5/12,9,駐車（輪）場,駐車（輪）場,ナンバープレート
窃盗,部品ねらい,甲子園,枝川,282049,兵庫県,西宮市,枝川町,2020/3/4,17,４階建て以上共同住宅,駐車（輪）場,その他
窃盗,部品ねらい,甲子園,枝川,282049,兵庫県,西宮市,枝川町,2020/3/8,22,その他,駐車（輪）場,その他
窃盗,部品ねらい,甲子園,中津,282049,兵庫県,西宮市,甲子園洲鳥町,2020/2/13,16,４階建て以上共同住宅,駐車（輪）場,ナンバープレート
窃盗,部品ねらい,甲子園,中津,282049,兵庫県,西宮市,甲子園高潮町,2020/7/24,14,その他,駐車（輪）場,その他
窃盗,部品ねらい,甲子園,中津,282049,兵庫県,西宮市,甲子園高潮町,2020/8/18,18,その他,駐車（輪）場,その他
窃盗,部品ねらい,甲子園,中津,282049,兵庫県,西宮市,甲子園高潮町,2020/10/24,8,４階建て以上共同住宅,駐車（輪）場,その他
窃盗,部品ねらい,甲子園,浦風,282049,兵庫県,西宮市,甲子園春風町,2020/5/13,14,４階建て以上共同住宅,駐車（輪）場,その他
窃盗,部品ねらい,甲子園,浦風,282049,兵庫県,西宮市,甲子園春風町,2020/5/29,18,４階建て以上共同住宅,駐車（輪）場,その他
窃盗,部品ねらい,甲子園,上甲子園,282049,兵庫県,西宮市,甲子園三番町,2020/11/10,5,駐車（輪）場,駐車（輪）場,ナンバープレート
窃盗,部品ねらい,甲子園,上甲子園,282049,兵庫県,西宮市,甲子園口２丁目,2020/1/26,14,一戸建住宅,駐車（輪）場,ナンバープレート
窃盗,部品ねらい,甲子園,上甲子園,282049,兵庫県,西宮市,甲子園口４丁目,2020/1/19,13,駐車（輪）場,駐車（輪）場,タイヤ・ホイール
窃盗,部品ねらい,甲子園,高須,282049,兵庫県,西宮市,高須町１丁目,2020/1/10,14,駐車（輪）場,駐車（輪）場,ナンバープレート
窃盗,部品ねらい,甲子園,高須,282049,兵庫県,西宮市,高須町１丁目,2020/3/19,17,４階建て以上共同住宅,駐車（輪）場,タイヤ・ホイール
窃盗,部品ねらい,甲子園,高須,282049,兵庫県,西宮市,高須町１丁目,2020/3/21,16,４階建て以上共同住宅,駐車（輪）場,その他
窃盗,部品ねらい,甲子園,高須,282049,兵庫県,西宮市,高須町１丁目,2020/4/18,7,４階建て以上共同住宅,駐車（輪）場,その他
窃盗,部品ねらい,甲子園,高須,282049,兵庫県,西宮市,高須町１丁目,2020/5/29,14,４階建て以上共同住宅,その他,その他
窃盗,部品ねらい,甲子園,高須,282049,兵庫県,西宮市,高須町１丁目,2020/6/14,0,駐車（輪）場,駐車（輪）場,ナンバープレート
窃盗,部品ねらい,甲子園,高須,282049,兵庫県,西宮市,高須町１丁目,2020/7/6,18,４階建て以上共同住宅,駐車（輪）場,ナンバープレート
窃盗,部品ねらい,甲子園,高須,282049,兵庫県,西宮市,高須町１丁目,2020/7/6,19,４階建て以上共同住宅,駐車（輪）場,ナンバープレート
窃盗,部品ねらい,甲子園,高須,282049,兵庫県,西宮市,高須町２丁目,2020/3/19,12,４階建て以上共同住宅,駐車（輪）場,その他
窃盗,部品ねらい,甲子園,高須,282049,兵庫県,西宮市,高須町２丁目,2020/3/19,18,４階建て以上共同住宅,駐車（輪）場,タイヤ・ホイール
窃盗,部品ねらい,甲子園,高須,282049,兵庫県,西宮市,高須町２丁目,2020/9/29,7,４階建て以上共同住宅,駐車（輪）場,タイヤ・ホイール
窃盗,部品ねらい,尼崎南,西難波,282022,兵庫県,尼崎市,西難波町１丁目,2020/10/7,19,その他,その他,ナンバープレート
窃盗,部品ねらい,尼崎南,西難波,282022,兵庫県,尼崎市,西難波町５丁目,2019/5/24,20,４階建て以上共同住宅,駐車（輪）場,ナンバープレート
窃盗,部品ねらい,尼崎南,西難波,282022,兵庫県,尼崎市,東難波町３丁目,2020/10/21,14,一戸建住宅,その他,その他
窃盗,部品ねらい,尼崎南,昭和通,282022,兵庫県,尼崎市,西難波町３丁目,2020/1/28,22,駐車（輪）場,駐車（輪）場,ナンバープレート
窃盗,部品ねらい,尼崎南,竹谷,282022,兵庫県,尼崎市,玄番北之町,2020/11/18,12,駐車（輪）場,駐車（輪）場,その他
窃盗,部品ねらい,尼崎南,竹谷,282022,兵庫県,尼崎市,西本町８丁目,2020/3/23,19,駐車（輪）場,駐車（輪）場,ナンバープレート
窃盗,部品ねらい,尼崎南,竹谷,282022,兵庫県,尼崎市,西本町８丁目,2020/3/29,22,駐車（輪）場,駐車（輪）場,ナンバープレート
窃盗,部品ねらい,尼崎南,中央,282022,兵庫県,尼崎市,神田北通１丁目,2020/1/27,11,その他,駐車（輪）場,その他
窃盗,部品ねらい,尼崎南,中央,282022,兵庫県,尼崎市,神田北通２丁目,2020/9/8,2,道路上,その他,その他
窃盗,部品ねらい,尼崎南,中央,282022,兵庫県,尼崎市,神田南通１丁目,2020/8/26,9,４階建て以上共同住宅,駐車（輪）場,その他
窃盗,部品ねらい,尼崎南,中央,282022,兵庫県,尼崎市,西本町２丁目,2020/5/22,19,駐車（輪）場,駐車（輪）場,その他
窃盗,部品ねらい,尼崎南,大物,282022,兵庫県,尼崎市,北城内,2020/7/9,10,４階建て以上共同住宅,駐車（輪）場,その他
窃盗,部品ねらい,尼崎南,大物,282022,兵庫県,尼崎市,北城内,2020/9/18,20,４階建て以上共同住宅,駐車（輪）場,ナンバープレート
窃盗,部品ねらい,尼崎南,大物,282022,兵庫県,尼崎市,昭和通１丁目,2020/8/23,15,道路上,その他,ナンバープレート
窃盗,部品ねらい,尼崎南,大物,282022,兵庫県,尼崎市,昭和通２丁目,2020/2/20,18,４階建て以上共同住宅,駐車（輪）場,その他
窃盗,部品ねらい,尼崎南,大物,282022,兵庫県,尼崎市,昭和通２丁目,2020/8/30,11,その他,駐車（輪）場,その他
窃盗,部品ねらい,尼崎南,大物,282022,兵庫県,尼崎市,西大物町,2020/2/21,18,駐車（輪）場,駐車（輪）場,その他
窃盗,部品ねらい,尼崎南,大島,282022,兵庫県,尼崎市,稲葉荘２丁目,2020/4/3,10,４階建て以上共同住宅,駐車（輪）場,タイヤ・ホイール
窃盗,部品ねらい,尼崎南,大島,282022,兵庫県,尼崎市,稲葉荘２丁目,2020/5/2,14,駐車（輪）場,駐車（輪）場,その他
窃盗,部品ねらい,尼崎南,大島,282022,兵庫県,尼崎市,浜田町１丁目,2020/1/29,11,その他の住宅（３階建て以下共同住宅等）,駐車（輪）場,ナンバープレート
窃盗,部品ねらい,尼崎南,大島,282022,兵庫県,尼崎市,大庄北３丁目,2020/7/8,6,駐車（輪）場,駐車（輪）場,その他
窃盗,部品ねらい,尼崎南,大島,282022,兵庫県,尼崎市,大庄北４丁目,2020/10/12,15,その他の住宅（３階建て以下共同住宅等）,駐車（輪）場,その他
窃盗,部品ねらい,尼崎南,七松,282022,兵庫県,尼崎市,七松町１丁目,2020/2/1,17,駐車（輪）場,駐車（輪）場,タイヤ・ホイール
窃盗,部品ねらい,尼崎南,七松,282022,兵庫県,尼崎市,東七松町２丁目,2020/6/4,12,駐車（輪）場,駐車（輪）場,その他
窃盗,部品ねらい,尼崎南,七松,282022,兵庫県,尼崎市,東七松町２丁目,2020/10/19,19,その他,駐車（輪）場,カーナビ
窃盗,部品ねらい,尼崎南,七松,282022,兵庫県,尼崎市,南七松町２丁目,2020/1/26,17,駐車（輪）場,駐車（輪）場,ナンバープレート
窃盗,部品ねらい,尼崎南,七松,282022,兵庫県,尼崎市,西立花町３丁目,2020/5/20,20,駐車（輪）場,駐車（輪）場,ナンバープレート
窃盗,部品ねらい,尼崎南,稲葉荘,282022,兵庫県,尼崎市,稲葉荘４丁目,2020/5/11,12,４階建て以上共同住宅,駐車（輪）場,その他
窃盗,部品ねらい,尼崎南,稲葉荘,282022,兵庫県,尼崎市,稲葉荘４丁目,2020/9/15,9,その他,その他,ナンバープレート
窃盗,部品ねらい,尼崎南,稲葉荘,282022,兵庫県,尼崎市,西立花町２丁目,2019/12/28,16,駐車（輪）場,駐車（輪）場,その他
窃盗,部品ねらい,尼崎南,大庄,282022,兵庫県,尼崎市,大庄中通１丁目,2020/4/24,16,一戸建住宅,駐車（輪）場,ナンバープレート
窃盗,部品ねらい,尼崎南,大庄,282022,兵庫県,尼崎市,大庄中通２丁目,2020/1/22,18,その他の住宅（３階建て以下共同住宅等）,その他,その他
窃盗,部品ねらい,尼崎南,大庄,282022,兵庫県,尼崎市,大庄中通２丁目,2020/4/27,17,駐車（輪）場,駐車（輪）場,その他
窃盗,部品ねらい,尼崎南,大庄,282022,兵庫県,尼崎市,大庄中通２丁目,2020/9/29,20,その他の住宅（３階建て以下共同住宅等）,駐車（輪）場,その他
窃盗,部品ねらい,尼崎南,元浜,282022,兵庫県,尼崎市,元浜町１丁目,2020/8/28,15,その他の住宅（３階建て以下共同住宅等）,駐車（輪）場,その他
窃盗,部品ねらい,尼崎南,センタープール前,282022,兵庫県,尼崎市,崇徳院２丁目,2020/11/1,18,その他,駐車（輪）場,タイヤ・ホイール
窃盗,部品ねらい,尼崎南,センタープール前,282022,兵庫県,尼崎市,蓬川町,2020/9/29,20,４階建て以上共同住宅,駐車（輪）場,その他
窃盗,部品ねらい,尼崎南,センタープール前,282022,兵庫県,尼崎市,大庄西町１丁目,2020/2/17,12,駐車（輪）場,駐車（輪）場,ナンバープレート
窃盗,部品ねらい,尼崎南,センタープール前,282022,兵庫県,尼崎市,大庄西町４丁目,2020/5/21,12,駐車（輪）場,駐車（輪）場,ナンバープレート
窃盗,部品ねらい,尼崎東,長洲,282022,兵庫県,尼崎市,金楽寺町２丁目,2019/12/4,9,駐車（輪）場,駐車（輪）場,その他
窃盗,部品ねらい,尼崎東,稲川橋,282022,兵庫県,尼崎市,杭瀬北新町４丁目,2020/10/25,16,駐車（輪）場,駐車（輪）場,ナンバープレート
窃盗,部品ねらい,尼崎東,稲川橋,282022,兵庫県,尼崎市,杭瀬北新町４丁目,2020/10/29,3,駐車（輪）場,駐車（輪）場,ナンバープレート
窃盗,部品ねらい,尼崎東,稲川橋,282022,兵庫県,尼崎市,長洲中通２丁目,2020/2/4,17,一戸建住宅,駐車（輪）場,ナンバープレート
窃盗,部品ねらい,尼崎東,稲川橋,282022,兵庫県,尼崎市,長洲東通２丁目,2020/5/28,16,道路上,その他,その他
窃盗,部品ねらい,尼崎東,杭瀬,282022,兵庫県,尼崎市,杭瀬本町１丁目,2020/11/7,13,道路上,その他,その他
窃盗,部品ねらい,尼崎東,杭瀬,282022,兵庫県,尼崎市,下坂部３丁目,2020/3/19,13,駐車（輪）場,駐車（輪）場,ナンバープレート
窃盗,部品ねらい,尼崎東,常光寺,282022,兵庫県,尼崎市,常光寺２丁目,2020/12/23,15,４階建て以上共同住宅,駐車（輪）場,ナンバープレート
窃盗,部品ねらい,尼崎東,尼崎駅前,282022,兵庫県,尼崎市,長洲西通１丁目,2020/5/24,7,４階建て以上共同住宅,駐車（輪）場,その他
窃盗,部品ねらい,尼崎東,潮江,282022,兵庫県,尼崎市,潮江１丁目,2020/2/15,9,その他,駐車（輪）場,その他
窃盗,部品ねらい,尼崎東,潮江,282022,兵庫県,尼崎市,潮江１丁目,2020/9/3,9,その他,駐車（輪）場,その他
窃盗,部品ねらい,尼崎東,潮江,282022,兵庫県,尼崎市,潮江１丁目,2020/9/16,19,道路上,その他,その他
窃盗,部品ねらい,尼崎東,潮江,282022,兵庫県,尼崎市,潮江１丁目,2020/9/19,15,その他,駐車（輪）場,その他
窃盗,部品ねらい,尼崎東,潮江,282022,兵庫県,尼崎市,潮江１丁目,2020/12/20,7,駐車（輪）場,駐車（輪）場,その他
窃盗,部品ねらい,尼崎東,潮江,282022,兵庫県,尼崎市,次屋１丁目,2019/11/30,19,その他,駐車（輪）場,ナンバープレート
窃盗,部品ねらい,尼崎東,潮江,282022,兵庫県,尼崎市,次屋１丁目,2020/3/20,14,駐車（輪）場,駐車（輪）場,その他
窃盗,部品ねらい,尼崎東,潮江,282022,兵庫県,尼崎市,次屋２丁目,2020/9/18,17,その他の住宅（３階建て以下共同住宅等）,その他,ナンバープレート
窃盗,部品ねらい,尼崎東,潮江,282022,兵庫県,尼崎市,長洲本通１丁目,2020/2/29,21,その他の住宅（３階建て以下共同住宅等）,駐車（輪）場,その他
窃盗,部品ねらい,尼崎東,神崎,282022,兵庫県,尼崎市,次屋３丁目,2020/1/26,19,駐車（輪）場,駐車（輪）場,タイヤ・ホイール
窃盗,部品ねらい,尼崎東,神崎,282022,兵庫県,尼崎市,次屋３丁目,2020/10/14,18,道路上,その他,ナンバープレート
窃盗,部品ねらい,尼崎東,神崎,282022,兵庫県,尼崎市,西川１丁目,2020/5/10,15,４階建て以上共同住宅,駐車（輪）場,ナンバープレート
窃盗,部品ねらい,尼崎東,神崎,282022,兵庫県,尼崎市,額田町,2020/1/28,22,４階建て以上共同住宅,駐車（輪）場,その他
窃盗,部品ねらい,尼崎東,下坂部,282022,兵庫県,尼崎市,名神町３丁目,2020/6/24,12,一戸建住宅,その他,その他
窃盗,部品ねらい,尼崎東,上坂部,282022,兵庫県,尼崎市,上坂部１丁目,2020/4/15,8,その他,駐車（輪）場,その他
窃盗,部品ねらい,尼崎東,上坂部,282022,兵庫県,尼崎市,上坂部２丁目,,,４階建て以上共同住宅,駐車（輪）場,その他
窃盗,部品ねらい,尼崎東,上坂部,282022,兵庫県,尼崎市,上坂部２丁目,2020/4/13,12,４階建て以上共同住宅,駐車（輪）場,その他
窃盗,部品ねらい,尼崎東,上坂部,282022,兵庫県,尼崎市,上坂部２丁目,2020/5/22,11,４階建て以上共同住宅,駐車（輪）場,その他
窃盗,部品ねらい,尼崎東,上坂部,282022,兵庫県,尼崎市,上坂部２丁目,2020/6/17,20,その他の住宅（３階建て以下共同住宅等）,駐車（輪）場,その他
窃盗,部品ねらい,尼崎東,上坂部,282022,兵庫県,尼崎市,小中島２丁目,2020/8/16,21,道路上,その他,その他
窃盗,部品ねらい,尼崎東,上坂部,282022,兵庫県,尼崎市,東塚口町１丁目,2020/12/8,11,その他,駐車（輪）場,その他
窃盗,部品ねらい,尼崎東,上坂部,282022,兵庫県,尼崎市,御園３丁目,2020/10/5,17,一戸建住宅,駐車（輪）場,ナンバープレート
窃盗,部品ねらい,尼崎東,食満,282022,兵庫県,尼崎市,口田中１丁目,2020/1/7,16,道路上,その他,その他
窃盗,部品ねらい,尼崎東,食満,282022,兵庫県,尼崎市,口田中１丁目,2020/6/30,17,一戸建住宅,駐車（輪）場,ナンバープレート
窃盗,部品ねらい,尼崎東,食満,282022,兵庫県,尼崎市,南清水,2020/7/27,5,４階建て以上共同住宅,駐車（輪）場,タイヤ・ホイール
窃盗,部品ねらい,尼崎東,食満,282022,兵庫県,尼崎市,食満５丁目,2020/4/16,21,その他の住宅（３階建て以下共同住宅等）,駐車（輪）場,ナンバープレート
窃盗,部品ねらい,尼崎東,園田駅前,282022,兵庫県,尼崎市,東園田町３丁目,2020/5/5,13,駐車（輪）場,駐車（輪）場,ナンバープレート
窃盗,部品ねらい,尼崎東,園田駅前,282022,兵庫県,尼崎市,東園田町５丁目,2020/6/9,8,駐車（輪）場,駐車（輪）場,その他
窃盗,部品ねらい,尼崎東,園田駅前,282022,兵庫県,尼崎市,東園田町８丁目,2020/2/16,17,４階建て以上共同住宅,駐車（輪）場,ナンバープレート
窃盗,部品ねらい,尼崎東,園田駅前,282022,兵庫県,尼崎市,東園田町９丁目,2020/4/5,22,駐車（輪）場,駐車（輪）場,タイヤ・ホイール
窃盗,部品ねらい,尼崎東,園田駅前,282022,兵庫県,尼崎市,御園１丁目,2018/8/15,5,４階建て以上共同住宅,駐車（輪）場,ナンバープレート
窃盗,部品ねらい,尼崎東,モスリン橋,282022,兵庫県,尼崎市,戸ノ内町５丁目,2020/7/1,8,４階建て以上共同住宅,駐車（輪）場,ナンバープレート
窃盗,部品ねらい,尼崎東,競馬場前,282022,兵庫県,尼崎市,椎堂１丁目,2020/8/24,15,駐車（輪）場,駐車（輪）場,ナンバープレート
窃盗,部品ねらい,尼崎北,阪急塚口駅前,282022,兵庫県,尼崎市,南塚口町２丁目,2020/8/11,0,４階建て以上共同住宅,駐車（輪）場,その他
窃盗,部品ねらい,尼崎北,塚口東,282022,兵庫県,尼崎市,塚口本町１丁目,2020/5/25,8,４階建て以上共同住宅,駐車（輪）場,その他
窃盗,部品ねらい,尼崎北,塚口東,282022,兵庫県,尼崎市,塚口本町４丁目,2020/7/6,20,その他の住宅（３階建て以下共同住宅等）,駐車（輪）場,その他
窃盗,部品ねらい,尼崎北,塚口東,282022,兵庫県,尼崎市,塚口本町６丁目,2020/3/3,11,道路上,その他,ナンバープレート
窃盗,部品ねらい,尼崎北,塚口西,282022,兵庫県,尼崎市,塚口町２丁目,2020/12/16,19,４階建て以上共同住宅,駐車（輪）場,ナンバープレート
窃盗,部品ねらい,尼崎北,生島,282022,兵庫県,尼崎市,南武庫之荘２丁目,2020/3/28,18,その他,その他,その他
窃盗,部品ねらい,尼崎北,生島,282022,兵庫県,尼崎市,上ノ島町２丁目,2020/2/10,21,４階建て以上共同住宅,駐車（輪）場,その他
窃盗,部品ねらい,尼崎北,生島,282022,兵庫県,尼崎市,上ノ島町３丁目,2020/2/1,12,駐車（輪）場,駐車（輪）場,タイヤ・ホイール
窃盗,部品ねらい,尼崎北,生島,282022,兵庫県,尼崎市,上ノ島町３丁目,2020/2/9,15,駐車（輪）場,駐車（輪）場,タイヤ・ホイール
窃盗,部品ねらい,尼崎北,生島,282022,兵庫県,尼崎市,上ノ島町３丁目,2020/11/28,10,駐車（輪）場,駐車（輪）場,ナンバープレート
窃盗,部品ねらい,尼崎北,塚口北,282022,兵庫県,尼崎市,富松町４丁目,2020/4/16,18,４階建て以上共同住宅,駐車（輪）場,ナンバープレート
窃盗,部品ねらい,尼崎北,武庫之荘,282022,兵庫県,尼崎市,南武庫之荘３丁目,2020/1/18,17,一戸建住宅,駐車（輪）場,ナンバープレート
窃盗,部品ねらい,尼崎北,武庫之荘,282022,兵庫県,尼崎市,武庫之荘東１丁目,2020/11/27,16,駐車（輪）場,駐車（輪）場,ナンバープレート
窃盗,部品ねらい,尼崎北,南武庫之荘,282022,兵庫県,尼崎市,南武庫之荘４丁目,2020/1/17,21,一戸建住宅,駐車（輪）場,ナンバープレート
窃盗,部品ねらい,尼崎北,南武庫之荘,282022,兵庫県,尼崎市,南武庫之荘７丁目,2019/12/27,16,駐車（輪）場,駐車（輪）場,ナンバープレート
窃盗,部品ねらい,尼崎北,南武庫之荘,282022,兵庫県,尼崎市,南武庫之荘７丁目,2020/4/12,20,駐車（輪）場,駐車（輪）場,ナンバープレート
窃盗,部品ねらい,尼崎北,南武庫之荘,282022,兵庫県,尼崎市,南武庫之荘１０丁目,2020/4/14,20,道路上,その他,ナンバープレート
窃盗,部品ねらい,尼崎北,南武庫之荘,282022,兵庫県,尼崎市,南武庫之荘１０丁目,2020/5/16,13,４階建て以上共同住宅,駐車（輪）場,その他
窃盗,部品ねらい,尼崎北,西昆陽,282022,兵庫県,尼崎市,西昆陽２丁目,2020/3/12,17,駐車（輪）場,駐車（輪）場,その他
窃盗,部品ねらい,尼崎北,西昆陽,282022,兵庫県,尼崎市,西昆陽３丁目,2020/3/12,15,駐車（輪）場,駐車（輪）場,その他
窃盗,部品ねらい,尼崎北,西昆陽,282022,兵庫県,尼崎市,武庫之荘９丁目,2020/1/5,12,４階建て以上共同住宅,駐車（輪）場,ナンバープレート
窃盗,部品ねらい,尼崎北,西武庫,282022,兵庫県,尼崎市,常吉１丁目,2020/7/2,21,４階建て以上共同住宅,駐車（輪）場,その他
窃盗,部品ねらい,尼崎北,西武庫,282022,兵庫県,尼崎市,武庫町３丁目,2020/7/14,22,４階建て以上共同住宅,駐車（輪）場,ナンバープレート
窃盗,部品ねらい,尼崎北,西武庫,282022,兵庫県,尼崎市,武庫元町２丁目,2020/3/25,7,その他,駐車（輪）場,ナンバープレート
窃盗,部品ねらい,尼崎北,尾浜,282022,兵庫県,尼崎市,尾浜町１丁目,2020/6/13,9,４階建て以上共同住宅,駐車（輪）場,その他
窃盗,部品ねらい,尼崎北,尾浜,282022,兵庫県,尼崎市,尾浜町１丁目,2020/6/13,14,駐車（輪）場,駐車（輪）場,ナンバープレート
窃盗,部品ねらい,尼崎北,尾浜,282022,兵庫県,尼崎市,尾浜町１丁目,2020/9/8,3,一戸建住宅,駐車（輪）場,ナンバープレート
窃盗,部品ねらい,尼崎北,尾浜,282022,兵庫県,尼崎市,尾浜町１丁目,2020/10/16,4,駐車（輪）場,駐車（輪）場,ナンバープレート
窃盗,部品ねらい,尼崎北,尾浜,282022,兵庫県,尼崎市,尾浜町３丁目,2020/11/9,22,一戸建住宅,駐車（輪）場,その他
窃盗,部品ねらい,尼崎北,尾浜,282022,兵庫県,尼崎市,名神町１丁目,2020/11/3,18,その他,その他,その他
窃盗,部品ねらい,尼崎北,立花駅前,282022,兵庫県,尼崎市,水堂町１丁目,2020/5/4,5,道路上,その他,その他
窃盗,部品ねらい,尼崎北,立花駅前,282022,兵庫県,尼崎市,水堂町２丁目,2020/1/26,13,駐車（輪）場,駐車（輪）場,ナンバープレート
窃盗,部品ねらい,尼崎北,立花駅前,282022,兵庫県,尼崎市,南武庫之荘３丁目,2020/5/11,11,その他,駐車（輪）場,その他
窃盗,部品ねらい,尼崎北,立花駅前,282022,兵庫県,尼崎市,南武庫之荘３丁目,2020/11/5,21,４階建て以上共同住宅,駐車（輪）場,その他
窃盗,部品ねらい,伊丹,阪急駅前,282073,兵庫県,伊丹市,中央１丁目,2020/11/18,8,その他,駐車（輪）場,ナンバープレート
窃盗,部品ねらい,伊丹,阪急駅前,282073,兵庫県,伊丹市,西台１丁目,2020/10/6,7,駐車（輪）場,駐車（輪）場,その他
窃盗,部品ねらい,伊丹,野間,282073,兵庫県,伊丹市,野間５丁目,2020/10/15,20,その他の住宅（３階建て以下共同住宅等）,駐車（輪）場,その他
窃盗,部品ねらい,伊丹,野間,282073,兵庫県,伊丹市,野間７丁目,2020/10/24,9,駐車（輪）場,駐車（輪）場,ナンバープレート
窃盗,部品ねらい,伊丹,野間,282073,兵庫県,伊丹市,堀池４丁目,2020/12/5,12,駐車（輪）場,駐車（輪）場,ナンバープレート
窃盗,部品ねらい,伊丹,野間,282073,兵庫県,伊丹市,南鈴原４丁目,2019/1/10,10,駐車（輪）場,駐車（輪）場,ナンバープレート
窃盗,部品ねらい,伊丹,野間,282073,兵庫県,伊丹市,野間北３丁目,2020/3/11,17,その他,駐車（輪）場,その他
窃盗,部品ねらい,伊丹,野間,282073,兵庫県,伊丹市,野間北４丁目,2020/11/21,18,その他,駐車（輪）場,その他
窃盗,部品ねらい,伊丹,野間,282073,兵庫県,伊丹市,野間北４丁目,2020/11/30,19,その他,駐車（輪）場,その他
窃盗,部品ねらい,伊丹,伊丹駅前,282073,兵庫県,伊丹市,藤ノ木１丁目,2020/9/23,19,その他,駐車（輪）場,その他
窃盗,部品ねらい,伊丹,北村,282073,兵庫県,伊丹市,北伊丹８丁目,2020/12/6,11,その他,駐車（輪）場,その他
窃盗,部品ねらい,伊丹,昆陽,282073,兵庫県,伊丹市,昆陽南４丁目,2020/3/18,15,その他,その他,ナンバープレート
窃盗,部品ねらい,伊丹,昆陽,282073,兵庫県,伊丹市,昆陽南４丁目,2020/10/14,19,その他の住宅（３階建て以下共同住宅等）,駐車（輪）場,その他
窃盗,部品ねらい,伊丹,昆陽ノ里,282073,兵庫県,伊丹市,池尻１丁目,2020/5/8,20,駐車（輪）場,駐車（輪）場,ナンバープレート
窃盗,部品ねらい,伊丹,昆陽ノ里,282073,兵庫県,伊丹市,池尻３丁目,2020/1/20,16,４階建て以上共同住宅,駐車（輪）場,その他
窃盗,部品ねらい,伊丹,昆陽ノ里,282073,兵庫県,伊丹市,池尻４丁目,2020/1/31,21,その他,駐車（輪）場,その他
窃盗,部品ねらい,伊丹,昆陽ノ里,282073,兵庫県,伊丹市,池尻７丁目,2020/8/20,17,４階建て以上共同住宅,駐車（輪）場,その他
窃盗,部品ねらい,伊丹,昆陽ノ里,282073,兵庫県,伊丹市,寺本４丁目,2020/9/7,22,４階建て以上共同住宅,駐車（輪）場,その他
窃盗,部品ねらい,伊丹,中野,282073,兵庫県,伊丹市,中野東１丁目,2020/10/1,2,４階建て以上共同住宅,駐車（輪）場,ナンバープレート
窃盗,部品ねらい,伊丹,中野,282073,兵庫県,伊丹市,西野１丁目,2020/11/7,21,その他,駐車（輪）場,その他
窃盗,部品ねらい,伊丹,中野,282073,兵庫県,伊丹市,西野２丁目,2020/8/23,16,駐車（輪）場,駐車（輪）場,ナンバープレート
窃盗,部品ねらい,伊丹,中野,282073,兵庫県,伊丹市,西野５丁目,2020/8/14,16,その他の住宅（３階建て以下共同住宅等）,駐車（輪）場,その他
窃盗,部品ねらい,伊丹,荒牧,282073,兵庫県,伊丹市,北野３丁目,2020/8/20,3,一戸建住宅,駐車（輪）場,ナンバープレート
窃盗,部品ねらい,伊丹,荒牧,282073,兵庫県,伊丹市,北野３丁目,2020/12/25,21,駐車（輪）場,駐車（輪）場,ナンバープレート
窃盗,部品ねらい,伊丹,荒牧,282073,兵庫県,伊丹市,荒牧南３丁目,2020/8/8,16,駐車（輪）場,駐車（輪）場,タイヤ・ホイール
窃盗,部品ねらい,川西,中央,282171,兵庫県,川西市,栄町,2020/2/23,19,その他,駐車（輪）場,その他
窃盗,部品ねらい,川西,中央,282171,兵庫県,川西市,栄根２丁目,2020/7/22,15,駐車（輪）場,駐車（輪）場,その他
窃盗,部品ねらい,川西,中央,282171,兵庫県,川西市,中央町,2020/5/2,20,駐車（輪）場,駐車（輪）場,ナンバープレート
窃盗,部品ねらい,川西,小花,282171,兵庫県,川西市,小花１丁目,2020/7/20,18,駐車（輪）場,駐車（輪）場,その他
窃盗,部品ねらい,川西,小花,282171,兵庫県,川西市,小花２丁目,2020/8/18,14,その他の住宅（３階建て以下共同住宅等）,駐車（輪）場,その他
窃盗,部品ねらい,川西,久代,282171,兵庫県,川西市,久代６丁目,2020/2/10,19,４階建て以上共同住宅,駐車（輪）場,その他
窃盗,部品ねらい,川西,久代,282171,兵庫県,川西市,久代６丁目,2020/9/25,17,４階建て以上共同住宅,駐車（輪）場,その他
窃盗,部品ねらい,川西,多田西,282171,兵庫県,川西市,矢問２丁目,2020/12/2,5,駐車（輪）場,駐車（輪）場,その他
窃盗,部品ねらい,川西,多田東,282171,兵庫県,川西市,新田１丁目,2020/2/5,9,その他,駐車（輪）場,タイヤ・ホイール
窃盗,部品ねらい,川西,多田東,282171,兵庫県,川西市,平野２丁目,2019/12/28,18,駐車（輪）場,駐車（輪）場,その他
窃盗,部品ねらい,川西,多田東,282171,兵庫県,川西市,多田桜木２丁目,2020/6/1,7,駐車（輪）場,駐車（輪）場,その他
窃盗,部品ねらい,川西,山下,282171,兵庫県,川西市,国崎字高畠,2020/1/16,15,駐車（輪）場,駐車（輪）場,その他
窃盗,部品ねらい,川西,山下,282171,兵庫県,川西市,笹部１丁目,2020/3/1,9,その他の住宅（３階建て以下共同住宅等）,その他,その他
窃盗,部品ねらい,川西,山下,282171,兵庫県,川西市,東畦野３丁目,2020/3/29,18,駐車（輪）場,駐車（輪）場,ナンバープレート
窃盗,部品ねらい,川西,加茂,282171,兵庫県,川西市,下加茂２丁目,2020/9/29,8,４階建て以上共同住宅,駐車（輪）場,タイヤ・ホイール
窃盗,部品ねらい,川西,加茂,282171,兵庫県,川西市,南花屋敷１丁目,2020/1/24,22,駐車（輪）場,駐車（輪）場,ナンバープレート
窃盗,部品ねらい,川西,緑台,282171,兵庫県,川西市,水明台３丁目,2020/8/21,7,一戸建住宅,駐車（輪）場,ナンバープレート
窃盗,部品ねらい,川西,大和,282171,兵庫県,川西市,大和西１丁目,2020/7/15,0,駐車（輪）場,駐車（輪）場,ナンバープレート
窃盗,部品ねらい,川西,大和,282171,兵庫県,川西市,大和西３丁目,2020/2/25,18,駐車（輪）場,駐車（輪）場,ナンバープレート
窃盗,部品ねらい,川西,清和台,282171,兵庫県,川西市,清和台東４丁目,2020/9/21,16,４階建て以上共同住宅,駐車（輪）場,その他
窃盗,部品ねらい,川西,清和台,282171,兵庫県,川西市,けやき坂５丁目,2020/6/10,21,４階建て以上共同住宅,駐車（輪）場,その他
窃盗,部品ねらい,川西,日生中央,283011,兵庫県,猪名川町,松尾台１丁目,2020/5/22,16,駐車（輪）場,駐車（輪）場,その他
窃盗,部品ねらい,宝塚,宝塚駅前,282146,兵庫県,宝塚市,武庫川町,2020/2/6,13,その他,駐車（輪）場,ナンバープレート
窃盗,部品ねらい,宝塚,小浜,282146,兵庫県,宝塚市,泉町,2020/7/9,17,その他の住宅（３階建て以下共同住宅等）,駐車（輪）場,その他
窃盗,部品ねらい,宝塚,小浜,282146,兵庫県,宝塚市,星の荘,2020/2/4,20,一戸建住宅,駐車（輪）場,ナンバープレート
窃盗,部品ねらい,宝塚,安倉,282146,兵庫県,宝塚市,安倉北２丁目,2020/11/2,17,駐車（輪）場,駐車（輪）場,ナンバープレート
窃盗,部品ねらい,宝塚,安倉,282146,兵庫県,宝塚市,安倉中１丁目,2020/5/14,20,駐車（輪）場,駐車（輪）場,その他
窃盗,部品ねらい,宝塚,安倉,282146,兵庫県,宝塚市,安倉中３丁目,2020/11/2,20,４階建て以上共同住宅,駐車（輪）場,ナンバープレート
窃盗,部品ねらい,宝塚,安倉,282146,兵庫県,宝塚市,小浜２丁目,2020/6/12,10,その他,駐車（輪）場,その他
窃盗,部品ねらい,宝塚,山本,282146,兵庫県,宝塚市,平井１丁目,2020/2/23,13,駐車（輪）場,駐車（輪）場,ナンバープレート
窃盗,部品ねらい,宝塚,山本,282146,兵庫県,宝塚市,山本野里２丁目,2020/8/20,18,その他,駐車（輪）場,その他
窃盗,部品ねらい,宝塚,山本,282146,兵庫県,宝塚市,山本南１丁目,2020/2/3,8,一戸建住宅,駐車（輪）場,ナンバープレート
窃盗,部品ねらい,宝塚,山本,282146,兵庫県,宝塚市,山本台１丁目,2020/1/5,23,道路上,その他,その他
窃盗,部品ねらい,篠山,篠山,282219,兵庫県,丹波篠山市,西谷,2020/1/16,0,その他,駐車（輪）場,その他
窃盗,部品ねらい,篠山,雲部,282219,兵庫県,丹波篠山市,春日江,2020/2/20,13,その他,駐車（輪）場,その他
窃盗,部品ねらい,篠山,大山,282219,兵庫県,丹波篠山市,長安寺,2020/4/28,16,その他,駐車（輪）場,その他
窃盗,部品ねらい,篠山,杉,282219,兵庫県,丹波篠山市,東吹,2020/2/1,0,その他の住宅（３階建て以下共同住宅等）,駐車（輪）場,ナンバープレート
窃盗,部品ねらい,篠山,城南,282219,兵庫県,丹波篠山市,真南条上,2020/12/18,10,その他,駐車（輪）場,その他
窃盗,部品ねらい,丹波,柏原駅前,282235,兵庫県,丹波市,柏原町上小倉,2020/9/19,11,道路上,その他,その他
窃盗,部品ねらい,丹波,柏原駅前,282235,兵庫県,丹波市,柏原町南多田,2020/7/19,10,その他,駐車（輪）場,その他
窃盗,部品ねらい,丹波,和田,282235,兵庫県,丹波市,山南町前川,2020/12/10,17,その他,その他,その他
窃盗,部品ねらい,丹波,石生,282235,兵庫県,丹波市,氷上町石生,2019/12/28,17,駐車（輪）場,駐車（輪）場,その他
窃盗,部品ねらい,丹波,上新庄,282235,兵庫県,丹波市,氷上町柿柴,2020/4/5,17,その他,駐車（輪）場,その他
窃盗,部品ねらい,丹波,上新庄,282235,兵庫県,丹波市,氷上町柿柴,2020/4/6,17,その他,駐車（輪）場,その他
窃盗,部品ねらい,丹波,上新庄,282235,兵庫県,丹波市,氷上町中野,2020/9/8,18,その他,駐車（輪）場,その他
窃盗,部品ねらい,丹波,松森,282235,兵庫県,丹波市,春日町中山,2020/11/14,19,その他,駐車（輪）場,その他
窃盗,部品ねらい,丹波,多利,282235,兵庫県,丹波市,春日町小多利,2019/12/29,16,駐車（輪）場,駐車（輪）場,その他
窃盗,部品ねらい,丹波,市島,282235,兵庫県,丹波市,市島町上垣,2020/8/7,11,その他,駐車（輪）場,その他
窃盗,部品ねらい,丹波,上竹田,282235,兵庫県,丹波市,市島町上竹田,2020/8/5,12,その他,駐車（輪）場,その他
窃盗,部品ねらい,明石,明石駅前,282031,兵庫県,明石市,大明石町２丁目,2020/7/6,18,４階建て以上共同住宅,駐車（輪）場,ナンバープレート
窃盗,部品ねらい,明石,本町,282031,兵庫県,明石市,中崎１丁目,2019/9/27,7,その他,その他,その他
窃盗,部品ねらい,明石,大蔵,282031,兵庫県,明石市,大蔵八幡町,2020/8/6,7,その他,駐車（輪）場,その他
窃盗,部品ねらい,明石,林崎,282031,兵庫県,明石市,貴崎３丁目,2020/9/25,12,４階建て以上共同住宅,駐車（輪）場,ナンバープレート
窃盗,部品ねらい,明石,林崎,282031,兵庫県,明石市,林２丁目,2020/4/16,7,駐車（輪）場,駐車（輪）場,ナンバープレート
窃盗,部品ねらい,明石,小久保,282031,兵庫県,明石市,和坂１丁目,2020/6/21,17,４階建て以上共同住宅,駐車（輪）場,その他
窃盗,部品ねらい,明石,大久保南,282031,兵庫県,明石市,大久保町ゆりのき通１丁目,2020/6/8,19,駐車（輪）場,駐車（輪）場,その他
窃盗,部品ねらい,明石,大久保南,282031,兵庫県,明石市,大久保町ゆりのき通３丁目,2020/5/7,16,その他,駐車（輪）場,ナンバープレート
窃盗,部品ねらい,明石,高丘,282031,兵庫県,明石市,大久保町大窪,2020/8/2,18,その他の住宅（３階建て以下共同住宅等）,駐車（輪）場,その他
窃盗,部品ねらい,明石,高丘,282031,兵庫県,明石市,大久保町大窪,2020/9/29,19,その他,その他,その他
窃盗,部品ねらい,明石,高丘,282031,兵庫県,明石市,大久保町大窪,2020/12/22,12,駐車（輪）場,駐車（輪）場,ナンバープレート
窃盗,部品ねらい,明石,高丘,282031,兵庫県,明石市,大久保町高丘３丁目,2020/7/26,23,４階建て以上共同住宅,駐車（輪）場,ナンバープレート
窃盗,部品ねらい,明石,高丘,282031,兵庫県,明石市,大久保町高丘３丁目,2020/8/11,16,４階建て以上共同住宅,駐車（輪）場,ナンバープレート
窃盗,部品ねらい,明石,高丘,282031,兵庫県,明石市,大久保町高丘５丁目,2019/11/1,0,４階建て以上共同住宅,駐車（輪）場,ナンバープレート
窃盗,部品ねらい,明石,高丘,282031,兵庫県,明石市,大久保町高丘５丁目,2019/11/1,0,４階建て以上共同住宅,駐車（輪）場,ナンバープレート
窃盗,部品ねらい,明石,江井島,282031,兵庫県,明石市,大久保町西島,2020/7/3,18,その他,駐車（輪）場,ナンバープレート
窃盗,部品ねらい,明石,江井島,282031,兵庫県,明石市,大久保町西島,2020/9/3,16,その他の住宅（３階建て以下共同住宅等）,駐車（輪）場,ナンバープレート
窃盗,部品ねらい,明石,江井島,282031,兵庫県,明石市,大久保町西島,2020/9/9,19,その他の住宅（３階建て以下共同住宅等）,駐車（輪）場,その他
窃盗,部品ねらい,明石,魚住,282031,兵庫県,明石市,魚住町清水,2020/5/17,17,その他の住宅（３階建て以下共同住宅等）,駐車（輪）場,ナンバープレート
窃盗,部品ねらい,明石,魚住,282031,兵庫県,明石市,魚住町長坂寺,2019/8/1,0,４階建て以上共同住宅,駐車（輪）場,ナンバープレート
窃盗,部品ねらい,明石,魚住,282031,兵庫県,明石市,魚住町長坂寺,2020/4/15,17,その他の住宅（３階建て以下共同住宅等）,駐車（輪）場,タイヤ・ホイール
窃盗,部品ねらい,明石,魚住,282031,兵庫県,明石市,魚住町長坂寺,2020/5/22,18,駐車（輪）場,駐車（輪）場,ナンバープレート
窃盗,部品ねらい,明石,魚住,282031,兵庫県,明石市,魚住町長坂寺,2020/5/29,23,その他の住宅（３階建て以下共同住宅等）,駐車（輪）場,ナンバープレート
窃盗,部品ねらい,明石,魚住,282031,兵庫県,明石市,魚住町中尾,2020/7/22,17,その他,駐車（輪）場,ナンバープレート
窃盗,部品ねらい,明石,魚住,282031,兵庫県,明石市,魚住町錦が丘３丁目,2013/11/1,0,その他の住宅（３階建て以下共同住宅等）,駐車（輪）場,ナンバープレート
窃盗,部品ねらい,明石,魚住,282031,兵庫県,明石市,魚住町錦が丘３丁目,2020/3/16,19,駐車（輪）場,駐車（輪）場,その他
窃盗,部品ねらい,明石,魚住,282031,兵庫県,明石市,魚住町錦が丘３丁目,2020/7/10,18,４階建て以上共同住宅,駐車（輪）場,ナンバープレート
窃盗,部品ねらい,明石,魚住,282031,兵庫県,明石市,魚住町住吉１丁目,2020/4/1,18,その他の住宅（３階建て以下共同住宅等）,駐車（輪）場,ナンバープレート
窃盗,部品ねらい,明石,東二見,282031,兵庫県,明石市,二見町西二見,2020/6/5,17,その他,その他,その他
窃盗,部品ねらい,明石,東二見,282031,兵庫県,明石市,二見町東二見,2020/9/7,17,４階建て以上共同住宅,駐車（輪）場,その他
窃盗,部品ねらい,明石,東二見,282031,兵庫県,明石市,二見町東二見,2020/10/2,18,４階建て以上共同住宅,駐車（輪）場,その他
窃盗,部品ねらい,明石,東二見,282031,兵庫県,明石市,二見町東二見,2020/11/15,22,４階建て以上共同住宅,駐車（輪）場,ナンバープレート
窃盗,部品ねらい,明石,東二見,282031,兵庫県,明石市,二見町東二見,2020/11/22,3,駐車（輪）場,駐車（輪）場,ナンバープレート
窃盗,部品ねらい,明石,東二見,282031,兵庫県,明石市,二見町南二見,2020/3/20,15,その他,その他,その他
窃盗,部品ねらい,明石,東二見,282031,兵庫県,明石市,二見町西二見駅前１丁目,2020/4/2,13,その他,駐車（輪）場,その他
窃盗,部品ねらい,明石,東二見,282031,兵庫県,明石市,二見町西二見駅前１丁目,2020/4/2,18,その他,駐車（輪）場,その他
窃盗,部品ねらい,明石,西二見,282031,兵庫県,明石市,二見町西二見,2020/5/30,15,４階建て以上共同住宅,駐車（輪）場,その他
窃盗,部品ねらい,明石,西二見,282031,兵庫県,明石市,二見町福里,2020/11/2,17,駐車（輪）場,駐車（輪）場,その他
窃盗,部品ねらい,明石,西二見,282031,兵庫県,明石市,二見町福里,2020/11/4,6,駐車（輪）場,駐車（輪）場,その他
窃盗,部品ねらい,明石,朝霧町,282031,兵庫県,明石市,東山町,2020/5/28,14,駐車（輪）場,駐車（輪）場,ナンバープレート
窃盗,部品ねらい,明石,朝霧町,282031,兵庫県,明石市,東山町,2020/8/28,19,一戸建住宅,駐車（輪）場,ナンバープレート
窃盗,部品ねらい,明石,明舞,282031,兵庫県,明石市,松が丘１丁目,2020/1/10,20,駐車（輪）場,駐車（輪）場,その他
窃盗,部品ねらい,明石,明舞,282031,兵庫県,明石市,松が丘１丁目,2020/7/27,19,４階建て以上共同住宅,駐車（輪）場,ナンバープレート
窃盗,部品ねらい,明石,明舞,282031,兵庫県,明石市,松が丘２丁目,2020/4/16,0,４階建て以上共同住宅,駐車（輪）場,その他
窃盗,部品ねらい,明石,明舞,282031,兵庫県,明石市,松が丘５丁目,2020/11/27,17,道路上,その他,その他
窃盗,部品ねらい,三木,大塚,282154,兵庫県,三木市,宿原,2020/6/26,22,４階建て以上共同住宅,駐車（輪）場,ナンバープレート
窃盗,部品ねらい,三木,本町,282154,兵庫県,三木市,大村,2020/12/5,15,その他,駐車（輪）場,その他
窃盗,部品ねらい,三木,別所,282154,兵庫県,三木市,別所町高木,2020/3/6,21,駐車（輪）場,駐車（輪）場,その他
窃盗,部品ねらい,三木,前田,282154,兵庫県,三木市,吉川町古川,2020/3/29,14,駐車（輪）場,駐車（輪）場,ナンバープレート
窃盗,部品ねらい,三木,御坂,282154,兵庫県,三木市,志染町戸田,2020/10/31,23,駐車（輪）場,駐車（輪）場,その他
窃盗,部品ねらい,三木,自由が丘,282154,兵庫県,三木市,志染町西自由が丘１丁目,2020/10/17,18,その他の住宅（３階建て以下共同住宅等）,駐車（輪）場,ナンバープレート
窃盗,部品ねらい,三木,自由が丘,282154,兵庫県,三木市,別所町小林,2019/12/30,17,駐車（輪）場,駐車（輪）場,その他
窃盗,部品ねらい,三木,緑が丘,282154,兵庫県,三木市,志染町井上,2020/11/17,12,その他,その他,その他
窃盗,部品ねらい,三木,吉川,282154,兵庫県,三木市,吉川町大畑,2020/7/12,9,その他,その他,その他
窃盗,部品ねらい,三木,吉川,282154,兵庫県,三木市,吉川町貸潮,2020/5/11,18,その他,その他,その他
窃盗,部品ねらい,三木,吉川,282154,兵庫県,三木市,吉川町鍛治屋,2020/8/28,18,その他,駐車（輪）場,その他
窃盗,部品ねらい,加東,社,282286,兵庫県,加東市,上中２丁目,2020/6/11,19,駐車（輪）場,駐車（輪）場,その他
窃盗,部品ねらい,加東,社,282286,兵庫県,加東市,喜田１丁目,2020/3/28,17,駐車（輪）場,駐車（輪）場,その他
窃盗,部品ねらい,加東,福田,282286,兵庫県,加東市,沢部,2020/2/8,21,駐車（輪）場,駐車（輪）場,ナンバープレート
窃盗,部品ねらい,加東,福田,282286,兵庫県,加東市,東古瀬,2020/3/2,19,一戸建住宅,駐車（輪）場,ナンバープレート
窃盗,部品ねらい,加東,三草,282286,兵庫県,加東市,木梨,2020/5/11,22,一戸建住宅,その他,ナンバープレート
窃盗,部品ねらい,加東,三草,282286,兵庫県,加東市,下三草,2020/2/28,17,その他,駐車（輪）場,その他
窃盗,部品ねらい,加東,三草,282286,兵庫県,加東市,藤田,2020/5/11,18,一戸建住宅,その他,ナンバープレート
窃盗,部品ねらい,加東,滝野,282286,兵庫県,加東市,上滝野,2020/4/6,20,駐車（輪）場,駐車（輪）場,ナンバープレート
窃盗,部品ねらい,加東,滝野,282286,兵庫県,加東市,下滝野３丁目,2020/10/4,17,一戸建住宅,駐車（輪）場,ナンバープレート
窃盗,部品ねらい,加東,滝野,282286,兵庫県,加東市,下滝野４丁目,2020/2/7,18,その他の住宅（３階建て以下共同住宅等）,駐車（輪）場,ナンバープレート
窃盗,部品ねらい,加東,滝野,282286,兵庫県,加東市,廻渕,2019/8/1,0,一戸建住宅,駐車（輪）場,ナンバープレート
窃盗,部品ねらい,加東,高岡,282286,兵庫県,加東市,河高,2020/6/20,0,その他,駐車（輪）場,その他
窃盗,部品ねらい,加東,吉井,282286,兵庫県,加東市,松沢,2020/3/22,21,一戸建住宅,駐車（輪）場,ナンバープレート
窃盗,部品ねらい,加東,天神,282286,兵庫県,加東市,横谷,2020/5/1,5,駐車（輪）場,駐車（輪）場,その他
窃盗,部品ねらい,加西,北条,282201,兵庫県,加西市,北条町黒駒,2020/8/10,19,その他,駐車（輪）場,ナンバープレート
窃盗,部品ねらい,加西,大村,282201,兵庫県,加西市,段下町,2020/4/29,16,その他,駐車（輪）場,その他
窃盗,部品ねらい,加西,三口,282201,兵庫県,加西市,倉谷町,2020/2/16,10,駐車（輪）場,駐車（輪）場,その他
窃盗,部品ねらい,加西,網引,282201,兵庫県,加西市,栄町,2020/2/1,0,その他,その他,カーナビ
窃盗,部品ねらい,加西,中野,282201,兵庫県,加西市,鶉野町,2020/3/31,18,その他,駐車（輪）場,ナンバープレート
窃盗,部品ねらい,加西,中野,282201,兵庫県,加西市,繁昌町,2020/11/20,11,その他,駐車（輪）場,その他
窃盗,部品ねらい,加西,富合,282201,兵庫県,加西市,豊倉町,2020/7/23,11,その他,駐車（輪）場,その他
窃盗,部品ねらい,加西,鴨谷,282201,兵庫県,加西市,殿原町,2020/7/22,18,駐車（輪）場,駐車（輪）場,その他
窃盗,部品ねらい,西脇,西脇中央,282138,兵庫県,西脇市,西脇,2020/11/4,16,駐車（輪）場,駐車（輪）場,その他
窃盗,部品ねらい,西脇,野村,282138,兵庫県,西脇市,板波町,2020/5/8,19,その他,その他,その他
窃盗,部品ねらい,西脇,野村,282138,兵庫県,西脇市,板波町,2020/7/31,18,駐車（輪）場,駐車（輪）場,その他
窃盗,部品ねらい,西脇,野村,282138,兵庫県,西脇市,高松町,2020/5/8,12,その他,駐車（輪）場,その他
窃盗,部品ねらい,西脇,野村,282138,兵庫県,西脇市,野村町,2020/2/29,11,駐車（輪）場,駐車（輪）場,その他
窃盗,部品ねらい,西脇,日野,282138,兵庫県,西脇市,大木町,2020/10/23,16,その他,駐車（輪）場,その他
窃盗,部品ねらい,西脇,石原,282138,兵庫県,西脇市,黒田庄町石原,2020/4/28,17,その他,駐車（輪）場,その他
窃盗,部品ねらい,西脇,大和,283657,兵庫県,多可町,八千代区下村,2020/6/15,18,その他,駐車（輪）場,その他
窃盗,部品ねらい,加古川,,,兵庫県,,,2020/10/14,15,その他,その他,ナンバープレート
窃盗,部品ねらい,加古川,加古川駅前,282103,兵庫県,加古川市,加古川町粟津,2020/3/14,7,駐車（輪）場,駐車（輪）場,ナンバープレート
窃盗,部品ねらい,加古川,加古川駅前,282103,兵庫県,加古川市,加古川町河原,2020/5/6,7,駐車（輪）場,駐車（輪）場,タイヤ・ホイール
窃盗,部品ねらい,加古川,加古川駅前,282103,兵庫県,加古川市,加古川町寺家町,2020/1/16,7,駐車（輪）場,駐車（輪）場,その他
窃盗,部品ねらい,加古川,加古川駅前,282103,兵庫県,加古川市,加古川町寺家町,2020/11/20,16,その他,駐車（輪）場,その他
窃盗,部品ねらい,加古川,加古川駅前,282103,兵庫県,加古川市,加古川町西河原,2020/9/12,19,４階建て以上共同住宅,駐車（輪）場,その他
窃盗,部品ねらい,加古川,鳩里,282103,兵庫県,加古川市,加古川町北在家,2020/3/13,20,その他,駐車（輪）場,ナンバープレート
窃盗,部品ねらい,加古川,鳩里,282103,兵庫県,加古川市,加古川町備後,2018/4/1,,４階建て以上共同住宅,駐車（輪）場,ナンバープレート
窃盗,部品ねらい,加古川,鳩里,282103,兵庫県,加古川市,加古川町南備後,2020/7/29,20,その他,その他,その他
窃盗,部品ねらい,加古川,日岡,282103,兵庫県,加古川市,加古川町中津,2020/8/15,9,駐車（輪）場,駐車（輪）場,ナンバープレート
窃盗,部品ねらい,加古川,日岡,282103,兵庫県,加古川市,加古川町中津,2020/11/19,22,その他の住宅（３階建て以下共同住宅等）,駐車（輪）場,ナンバープレート
窃盗,部品ねらい,加古川,神野,282103,兵庫県,加古川市,神野町石守,,,一戸建住宅,駐車（輪）場,ナンバープレート
窃盗,部品ねらい,加古川,神野,282103,兵庫県,加古川市,神野町石守,2020/11/20,17,一戸建住宅,その他,その他
窃盗,部品ねらい,加古川,神野,282103,兵庫県,加古川市,神野町石守２丁目,2020/9/20,16,一戸建住宅,駐車（輪）場,ナンバープレート
窃盗,部品ねらい,加古川,尾上,282103,兵庫県,加古川市,尾上町池田,2020/4/22,20,その他の住宅（３階建て以下共同住宅等）,駐車（輪）場,その他
窃盗,部品ねらい,加古川,尾上,282103,兵庫県,加古川市,尾上町池田,2020/9/15,7,その他,駐車（輪）場,ナンバープレート
窃盗,部品ねらい,加古川,尾上,282103,兵庫県,加古川市,尾上町今福,2020/9/27,6,その他,駐車（輪）場,ナンバープレート
窃盗,部品ねらい,加古川,尾上,282103,兵庫県,加古川市,尾上町口里,2020/5/30,19,駐車（輪）場,駐車（輪）場,その他
窃盗,部品ねらい,加古川,尾上,282103,兵庫県,加古川市,尾上町養田,2020/5/14,17,その他の住宅（３階建て以下共同住宅等）,駐車（輪）場,その他
窃盗,部品ねらい,加古川,別府,282103,兵庫県,加古川市,別府町朝日町,2020/4/14,8,その他,駐車（輪）場,その他
窃盗,部品ねらい,加古川,別府,282103,兵庫県,加古川市,別府町朝日町,2020/7/31,8,その他,駐車（輪）場,その他
窃盗,部品ねらい,加古川,別府,282103,兵庫県,加古川市,別府町別府,2020/10/22,8,その他,駐車（輪）場,その他
窃盗,部品ねらい,加古川,別府,282103,兵庫県,加古川市,別府町別府,2020/12/1,6,その他,駐車（輪）場,ナンバープレート
窃盗,部品ねらい,加古川,東加古川,282103,兵庫県,加古川市,平岡町新在家,2020/12/11,15,その他,駐車（輪）場,その他
窃盗,部品ねらい,加古川,東加古川,282103,兵庫県,加古川市,平岡町新在家２丁目,2020/8/28,11,道路上,その他,その他
窃盗,部品ねらい,加古川,東加古川,282103,兵庫県,加古川市,平岡町新在家２丁目,2020/10/1,21,その他,駐車（輪）場,その他
窃盗,部品ねらい,加古川,稲美,282103,兵庫県,加古川市,平岡町土山,2020/3/13,18,駐車（輪）場,駐車（輪）場,ナンバープレート
窃盗,部品ねらい,加古川,稲美,283819,兵庫県,稲美町,加古,2020/4/12,10,一戸建住宅,駐車（輪）場,ナンバープレート
窃盗,部品ねらい,加古川,稲美,283819,兵庫県,稲美町,国岡,2020/12/26,20,その他の住宅（３階建て以下共同住宅等）,駐車（輪）場,タイヤ・ホイール
窃盗,部品ねらい,加古川,稲美,283819,兵庫県,稲美町,六分一,2020/8/17,12,その他,駐車（輪）場,ナンバープレート
窃盗,部品ねらい,加古川,平津,282103,兵庫県,加古川市,米田町船頭,2020/3/12,18,４階建て以上共同住宅,駐車（輪）場,その他
窃盗,部品ねらい,加古川,平津,282103,兵庫県,加古川市,米田町平津,2020/3/13,19,４階建て以上共同住宅,駐車（輪）場,その他
窃盗,部品ねらい,加古川,神吉,282103,兵庫県,加古川市,西神吉町岸,2020/8/23,16,駐車（輪）場,駐車（輪）場,ナンバープレート
窃盗,部品ねらい,加古川,志方,282103,兵庫県,加古川市,志方町志方町,2020/8/23,19,駐車（輪）場,駐車（輪）場,ナンバープレート
窃盗,部品ねらい,加古川,新神野,282103,兵庫県,加古川市,神野町西条,2020/3/3,18,一戸建住宅,駐車（輪）場,ナンバープレート
窃盗,部品ねらい,加古川,新神野,282103,兵庫県,加古川市,新神野２丁目,2020/3/12,20,４階建て以上共同住宅,駐車（輪）場,タイヤ・ホイール
窃盗,部品ねらい,加古川,新神野,282103,兵庫県,加古川市,新神野５丁目,2020/3/12,6,駐車（輪）場,駐車（輪）場,タイヤ・ホイール
窃盗,部品ねらい,加古川,新神野,282103,兵庫県,加古川市,山手１丁目,2020/4/14,11,駐車（輪）場,駐車（輪）場,ナンバープレート
窃盗,部品ねらい,加古川,新神野,282103,兵庫県,加古川市,山手１丁目,2020/11/16,20,４階建て以上共同住宅,駐車（輪）場,ナンバープレート
窃盗,部品ねらい,加古川,稲美東,283819,兵庫県,稲美町,印南,2020/2/23,19,一戸建住宅,駐車（輪）場,その他
窃盗,部品ねらい,加古川,野添,283827,兵庫県,播磨町,古田２丁目,2020/12/29,15,駐車（輪）場,駐車（輪）場,その他
窃盗,部品ねらい,加古川,野添,283827,兵庫県,播磨町,南野添３丁目,2020/9/20,7,その他,駐車（輪）場,その他
窃盗,部品ねらい,加古川,県農前,282103,兵庫県,加古川市,野口町水足,2020/11/2,18,その他,駐車（輪）場,タイヤ・ホイール
窃盗,部品ねらい,高砂,伊保,282162,兵庫県,高砂市,伊保東２丁目,2020/8/23,18,道路上,その他,ナンバープレート
窃盗,部品ねらい,高砂,伊保,282162,兵庫県,高砂市,梅井４丁目,2020/5/21,0,その他の住宅（３階建て以下共同住宅等）,駐車（輪）場,その他
窃盗,部品ねらい,高砂,米田,282162,兵庫県,高砂市,中島３丁目,2020/12/23,19,駐車（輪）場,駐車（輪）場,ナンバープレート
窃盗,部品ねらい,高砂,阿弥陀,282162,兵庫県,高砂市,阿弥陀町北池,2020/1/18,15,駐車（輪）場,駐車（輪）場,ナンバープレート
窃盗,部品ねらい,高砂,阿弥陀,282162,兵庫県,高砂市,阿弥陀町北山,2020/10/2,18,一戸建住宅,駐車（輪）場,ナンバープレート
窃盗,部品ねらい,高砂,曽根,282162,兵庫県,高砂市,時光寺町,2020/1/25,12,４階建て以上共同住宅,駐車（輪）場,その他
窃盗,部品ねらい,高砂,曽根,282162,兵庫県,高砂市,時光寺町,2020/12/29,23,一戸建住宅,駐車（輪）場,その他
窃盗,部品ねらい,高砂,北浜,282162,兵庫県,高砂市,北浜町北脇,2020/4/27,19,その他の住宅（３階建て以下共同住宅等）,駐車（輪）場,その他
窃盗,部品ねらい,高砂,高砂駅前,282162,兵庫県,高砂市,高砂町栄町,2020/4/16,15,駐車（輪）場,駐車（輪）場,ナンバープレート
窃盗,部品ねらい,姫路,大手前,282014,兵庫県,姫路市,本町,2020/10/29,12,駐車（輪）場,駐車（輪）場,その他
窃盗,部品ねらい,姫路,京口,282014,兵庫県,姫路市,五軒邸１丁目,2020/4/17,17,駐車（輪）場,駐車（輪）場,タイヤ・ホイール
窃盗,部品ねらい,姫路,京口,282014,兵庫県,姫路市,下寺町,2020/9/8,21,４階建て以上共同住宅,駐車（輪）場,その他
窃盗,部品ねらい,姫路,天神前,282014,兵庫県,姫路市,日出町３丁目,2020/8/6,18,４階建て以上共同住宅,駐車（輪）場,ナンバープレート
窃盗,部品ねらい,姫路,八代,282014,兵庫県,姫路市,城北新町３丁目,2020/10/23,19,その他の住宅（３階建て以下共同住宅等）,その他,その他
窃盗,部品ねらい,姫路,野里,282014,兵庫県,姫路市,城北新町１丁目,2020/8/1,19,その他の住宅（３階建て以下共同住宅等）,駐車（輪）場,ナンバープレート
窃盗,部品ねらい,姫路,野里,282014,兵庫県,姫路市,保城,2020/3/17,19,その他の住宅（３階建て以下共同住宅等）,駐車（輪）場,ナンバープレート
窃盗,部品ねらい,姫路,野里駅前,282014,兵庫県,姫路市,西中島,2020/3/23,12,その他,駐車（輪）場,その他
窃盗,部品ねらい,姫路,野里駅前,282014,兵庫県,姫路市,野里,2020/8/29,17,４階建て以上共同住宅,駐車（輪）場,その他
窃盗,部品ねらい,姫路,野里駅前,282014,兵庫県,姫路市,野里,2020/9/3,19,４階建て以上共同住宅,駐車（輪）場,その他
窃盗,部品ねらい,姫路,野里駅前,282014,兵庫県,姫路市,保城,2020/9/1,15,４階建て以上共同住宅,駐車（輪）場,その他
窃盗,部品ねらい,姫路,野里駅前,282014,兵庫県,姫路市,増位新町１丁目,2020/3/22,19,その他,駐車（輪）場,その他
窃盗,部品ねらい,姫路,花田,282014,兵庫県,姫路市,花田町加納原田,2020/5/3,11,一戸建住宅,駐車（輪）場,ナンバープレート
窃盗,部品ねらい,姫路,花田,282014,兵庫県,姫路市,花田町勅旨,2020/3/4,18,一戸建住宅,駐車（輪）場,ナンバープレート
窃盗,部品ねらい,姫路,豊国,282014,兵庫県,姫路市,飾東町夕陽ケ丘,2020/4/16,14,駐車（輪）場,駐車（輪）場,ナンバープレート
窃盗,部品ねらい,姫路,飾西,282014,兵庫県,姫路市,青山北１丁目,2020/7/30,7,その他,駐車（輪）場,その他
窃盗,部品ねらい,姫路,前之庄,282014,兵庫県,姫路市,夢前町前之庄,2020/10/2,17,その他,駐車（輪）場,その他
窃盗,部品ねらい,姫路,菅生,282014,兵庫県,姫路市,夢前町菅生澗,2020/8/12,23,その他,駐車（輪）場,その他
窃盗,部品ねらい,姫路,香寺,282014,兵庫県,姫路市,香寺町香呂,2020/8/21,16,その他の住宅（３階建て以下共同住宅等）,駐車（輪）場,その他
窃盗,部品ねらい,姫路,香寺,282014,兵庫県,姫路市,香寺町中村,2020/2/5,12,その他,その他,その他
窃盗,部品ねらい,姫路,狭戸,282014,兵庫県,姫路市,安富町狭戸,2020/7/7,17,その他,その他,その他
窃盗,部品ねらい,飾磨,白浜,282014,兵庫県,姫路市,白浜町,2020/4/6,17,その他,駐車（輪）場,ナンバープレート
窃盗,部品ねらい,飾磨,白浜,282014,兵庫県,姫路市,白浜町,2020/8/14,11,その他,駐車（輪）場,その他
窃盗,部品ねらい,飾磨,飾磨東,282014,兵庫県,姫路市,飾磨区上野田２丁目,2020/4/6,21,その他の住宅（３階建て以下共同住宅等）,駐車（輪）場,その他
窃盗,部品ねらい,飾磨,飾磨東,282014,兵庫県,姫路市,飾磨区上野田６丁目,2018/8/10,,その他,その他,ナンバープレート
窃盗,部品ねらい,飾磨,飾磨東,282014,兵庫県,姫路市,飾磨区阿成鹿古,2020/12/16,17,その他の住宅（３階建て以下共同住宅等）,駐車（輪）場,その他
窃盗,部品ねらい,飾磨,宮,282014,兵庫県,姫路市,飾磨区細江,2020/2/18,9,その他,駐車（輪）場,その他
窃盗,部品ねらい,飾磨,宮,282014,兵庫県,姫路市,飾磨区細江,2020/7/4,21,その他,駐車（輪）場,その他
窃盗,部品ねらい,飾磨,思案橋,282014,兵庫県,姫路市,飾磨区今在家６丁目,2020/2/6,7,その他,駐車（輪）場,その他
窃盗,部品ねらい,飾磨,思案橋,282014,兵庫県,姫路市,飾磨区今在家６丁目,2020/2/12,7,その他,駐車（輪）場,その他
窃盗,部品ねらい,飾磨,思案橋,282014,兵庫県,姫路市,飾磨区今在家７丁目,2020/7/23,15,その他,駐車（輪）場,その他
窃盗,部品ねらい,飾磨,思案橋,282014,兵庫県,姫路市,飾磨区構４丁目,2020/8/10,22,その他,駐車（輪）場,ナンバープレート
窃盗,部品ねらい,飾磨,坊勢,282014,兵庫県,姫路市,家島町坊勢,2020/2/10,,その他,その他,その他
窃盗,部品ねらい,飾磨,手柄,282014,兵庫県,姫路市,延末,2020/12/15,8,その他,駐車（輪）場,タイヤ・ホイール
窃盗,部品ねらい,飾磨,手柄,282014,兵庫県,姫路市,東延末,2020/12/28,7,その他,駐車（輪）場,タイヤ・ホイール
窃盗,部品ねらい,飾磨,手柄,282014,兵庫県,姫路市,東延末２丁目,2020/6/22,20,４階建て以上共同住宅,駐車（輪）場,その他
窃盗,部品ねらい,飾磨,今宿,282014,兵庫県,姫路市,上手野,2020/10/7,16,４階建て以上共同住宅,駐車（輪）場,その他
窃盗,部品ねらい,飾磨,御国野,282014,兵庫県,姫路市,四郷町本郷,2020/6/5,11,駐車（輪）場,駐車（輪）場,その他
窃盗,部品ねらい,飾磨,御国野,282014,兵庫県,姫路市,御国野町国分寺,2020/3/5,17,一戸建住宅,駐車（輪）場,ナンバープレート
窃盗,部品ねらい,飾磨,御国野,282014,兵庫県,姫路市,御国野町御着,2020/4/8,16,その他の住宅（３階建て以下共同住宅等）,駐車（輪）場,その他
窃盗,部品ねらい,飾磨,御国野,282014,兵庫県,姫路市,御国野町深志野,2020/11/22,0,その他,駐車（輪）場,その他
窃盗,部品ねらい,飾磨,別所,282014,兵庫県,姫路市,別所町佐土,2020/9/23,20,その他,駐車（輪）場,ナンバープレート
窃盗,部品ねらい,飾磨,別所,282014,兵庫県,姫路市,別所町別所４丁目,2020/2/1,0,一戸建住宅,駐車（輪）場,その他
窃盗,部品ねらい,飾磨,井ノ口,282014,兵庫県,姫路市,西庄,2020/3/8,16,その他,駐車（輪）場,ナンバープレート
窃盗,部品ねらい,網干,本町,282014,兵庫県,姫路市,網干区新在家,2020/8/17,20,一戸建住宅,駐車（輪）場,その他
窃盗,部品ねらい,網干,網干駅前,282014,兵庫県,姫路市,網干区坂上,2020/4/19,2,一戸建住宅,駐車（輪）場,タイヤ・ホイール
窃盗,部品ねらい,網干,網干駅前,282014,兵庫県,姫路市,勝原区朝日谷,2020/9/15,16,一戸建住宅,その他,その他
窃盗,部品ねらい,網干,勝原,282014,兵庫県,姫路市,勝原区勝原町,2020/3/25,10,一戸建住宅,駐車（輪）場,その他
窃盗,部品ねらい,網干,勝原,282014,兵庫県,姫路市,勝原区宮田,2020/5/4,10,駐車（輪）場,駐車（輪）場,タイヤ・ホイール
窃盗,部品ねらい,網干,勝原,282014,兵庫県,姫路市,勝原区宮田,2020/6/17,19,その他の住宅（３階建て以下共同住宅等）,駐車（輪）場,その他
窃盗,部品ねらい,網干,天満,282014,兵庫県,姫路市,大津区大津町２丁目,2020/1/5,10,その他,駐車（輪）場,その他
窃盗,部品ねらい,網干,天満,282014,兵庫県,姫路市,大津区天満,2020/12/19,15,駐車（輪）場,駐車（輪）場,ナンバープレート
窃盗,部品ねらい,網干,広畑,282014,兵庫県,姫路市,広畑区小坂,2020/5/6,21,４階建て以上共同住宅,駐車（輪）場,その他
窃盗,部品ねらい,網干,広畑,282014,兵庫県,姫路市,広畑区才,2020/11/27,7,その他の住宅（３階建て以下共同住宅等）,駐車（輪）場,ナンバープレート
窃盗,部品ねらい,網干,広畑,282014,兵庫県,姫路市,広畑区才,2020/12/24,14,駐車（輪）場,駐車（輪）場,ナンバープレート
窃盗,部品ねらい,網干,広畑,282014,兵庫県,姫路市,広畑区夢前町３丁目,2020/11/5,12,その他,駐車（輪）場,その他
窃盗,部品ねらい,網干,八幡,282014,兵庫県,姫路市,広畑区蒲田２丁目,2020/12/27,17,その他の住宅（３階建て以下共同住宅等）,駐車（輪）場,ナンバープレート
窃盗,部品ねらい,網干,八幡,282014,兵庫県,姫路市,広畑区西夢前台４丁目,2020/9/2,14,４階建て以上共同住宅,駐車（輪）場,その他
窃盗,部品ねらい,福崎,福崎駅前,284432,兵庫県,福崎町,西治,2020/10/12,16,その他,駐車（輪）場,その他
窃盗,部品ねらい,福崎,福崎東,284432,兵庫県,福崎町,西田原,2020/12/16,16,その他,駐車（輪）場,その他
窃盗,部品ねらい,福崎,福崎東,284432,兵庫県,福崎町,西田原,2020/12/19,16,その他,駐車（輪）場,その他
窃盗,部品ねらい,たつの,本龍野駅前,282294,兵庫県,たつの市,龍野町片山,2020/1/11,19,一戸建住宅,駐車（輪）場,その他
窃盗,部品ねらい,たつの,本龍野駅前,282294,兵庫県,たつの市,龍野町堂本,2020/3/30,2,その他,駐車（輪）場,ナンバープレート
窃盗,部品ねらい,たつの,本龍野駅前,282294,兵庫県,たつの市,龍野町堂本,2020/10/6,18,その他の住宅（３階建て以下共同住宅等）,駐車（輪）場,その他
窃盗,部品ねらい,たつの,本龍野駅前,282294,兵庫県,たつの市,龍野町堂本,2020/12/29,19,４階建て以上共同住宅,駐車（輪）場,タイヤ・ホイール
窃盗,部品ねらい,たつの,本龍野駅前,282294,兵庫県,たつの市,龍野町中井,2020/1/5,17,一戸建住宅,駐車（輪）場,ナンバープレート
窃盗,部品ねらい,たつの,太田,284645,兵庫県,太子町,天満山,2020/3/17,18,駐車（輪）場,駐車（輪）場,ナンバープレート
窃盗,部品ねらい,たつの,室津,282294,兵庫県,たつの市,御津町室津,2019/10/1,9,その他,その他,その他
窃盗,部品ねらい,赤穂,有年,282120,兵庫県,赤穂市,有年横尾,2020/9/29,8,その他,駐車（輪）場,その他
窃盗,部品ねらい,佐用,平福,285013,兵庫県,佐用町,平福,2020/1/13,20,駐車（輪）場,駐車（輪）場,その他
窃盗,部品ねらい,宍粟,山崎中央,282278,兵庫県,宍粟市,山崎町門前,2020/3/29,18,駐車（輪）場,駐車（輪）場,ナンバープレート
窃盗,部品ねらい,宍粟,千草,282278,兵庫県,宍粟市,千種町千草,2019/10/26,21,一戸建住宅,駐車（輪）場,その他
窃盗,部品ねらい,朝来,磯部,282251,兵庫県,朝来市,山東町大内,2020/9/19,18,駐車（輪）場,駐車（輪）場,なし
窃盗,部品ねらい,朝来,磯部,282251,兵庫県,朝来市,山東町大内,2020/9/19,18,駐車（輪）場,駐車（輪）場,その他
窃盗,部品ねらい,朝来,上早田,282251,兵庫県,朝来市,山東町柴,2020/9/8,18,その他,駐車（輪）場,その他
窃盗,部品ねらい,養父,八鹿駅前,282227,兵庫県,養父市,八鹿町八鹿,2020/12/24,7,その他,駐車（輪）場,ナンバープレート
窃盗,部品ねらい,養父,養父,282227,兵庫県,養父市,養父市場,2020/4/16,14,その他,駐車（輪）場,その他
窃盗,部品ねらい,養父,養父,282227,兵庫県,養父市,養父市場,2020/4/18,15,その他,その他,その他
窃盗,部品ねらい,養父,広谷,282227,兵庫県,養父市,十二所,2020/3/16,17,その他,駐車（輪）場,その他
窃盗,部品ねらい,豊岡南,豊岡駅前,282090,兵庫県,豊岡市,戸牧,2020/7/19,0,一戸建住宅,その他,ナンバープレート
窃盗,部品ねらい,豊岡南,神美,282090,兵庫県,豊岡市,神美台,2020/6/9,12,駐車（輪）場,駐車（輪）場,ナンバープレート
窃盗,部品ねらい,豊岡南,野上,282090,兵庫県,豊岡市,野上,2020/12/14,19,一戸建住宅,駐車（輪）場,ナンバープレート
窃盗,部品ねらい,美方,浜坂駅前,285862,兵庫県,新温泉町,浜坂,2019/10/1,0,その他,その他,その他
窃盗,部品ねらい,美方,香住駅前,285854,兵庫県,香美町,香住区一日市,2020/1/8,19,その他,その他,その他
窃盗,部品ねらい,美方,香住駅前,285854,兵庫県,香美町,香住区一日市,2020/1/20,22,その他,その他,その他
窃盗,部品ねらい,洲本,宇山,282057,兵庫県,洲本市,宇山,2020/2/19,8,道路上,その他,ナンバープレート
窃盗,部品ねらい,洲本,安乎,282057,兵庫県,洲本市,安乎町平安浦,2020/5/28,9,その他,駐車（輪）場,タイヤ・ホイール
窃盗,部品ねらい,洲本,内膳,282057,兵庫県,洲本市,納,2020/9/20,9,その他,駐車（輪）場,タイヤ・ホイール
窃盗,部品ねらい,淡路,岩屋,282260,兵庫県,淡路市,岩屋,2020/10/4,18,駐車（輪）場,駐車（輪）場,ナンバープレート
窃盗,部品ねらい,淡路,富島,282260,兵庫県,淡路市,浅野南,2020/10/19,7,その他の住宅（３階建て以下共同住宅等）,駐車（輪）場,その他
窃盗,部品ねらい,淡路,野島,282260,兵庫県,淡路市,野島大川,2020/10/11,0,駐車（輪）場,駐車（輪）場,その他
窃盗,部品ねらい,淡路,志筑,282260,兵庫県,淡路市,志筑新島,2020/7/25,17,その他,駐車（輪）場,その他
窃盗,部品ねらい,南あわじ,広田,282243,兵庫県,南あわじ市,広田広田,2020/1/3,9,その他,駐車（輪）場,その他
窃盗,部品ねらい,南あわじ,広田,282243,兵庫県,南あわじ市,広田広田,2020/10/14,18,その他,駐車（輪）場,タイヤ・ホイール
窃盗,部品ねらい,南あわじ,広田,282243,兵庫県,南あわじ市,山添,2019/12/27,7,駐車（輪）場,駐車（輪）場,その他
窃盗,部品ねらい,南あわじ,阿万西,282243,兵庫県,南あわじ市,阿万西町,2020/2/24,7,駐車（輪）場,駐車（輪）場,その他
