罪名,手口,管轄警察署（発生地）,管轄交番・駐在所（発生地）,市区町村コード（発生地）,都道府県（発生地）,市区町村（発生地）,町丁目（発生地）,発生年月日（始期）,発生時（始期）,発生場所,発生場所の詳細,施錠関係,現金被害の有無
窃盗,車上ねらい,東灘,深江,281018,兵庫県,神戸市東灘区,深江北町３丁目,20240417,18,４階建て以上共同住宅,駐車（輪）場,施錠せず,あり
窃盗,車上ねらい,東灘,深江,281018,兵庫県,神戸市東灘区,深江北町４丁目,20240808,10,その他,駐車（輪）場,施錠した,なし
窃盗,車上ねらい,東灘,深江,281018,兵庫県,神戸市東灘区,深江浜町,20240825,4,駐車（輪）場,駐車（輪）場,施錠せず,あり
窃盗,車上ねらい,東灘,深江,281018,兵庫県,神戸市東灘区,深江浜町,20241009,17,その他,駐車（輪）場,施錠した,なし
窃盗,車上ねらい,東灘,深江,281018,兵庫県,神戸市東灘区,深江南町３丁目,20240730,18,駐車（輪）場,駐車（輪）場,施錠した,あり
窃盗,車上ねらい,東灘,森,281018,兵庫県,神戸市東灘区,森北町１丁目,20240713,18,駐車（輪）場,駐車（輪）場,施錠した,あり
窃盗,車上ねらい,東灘,森,281018,兵庫県,神戸市東灘区,森南町３丁目,20240617,19,駐車（輪）場,駐車（輪）場,施錠した,なし
窃盗,車上ねらい,東灘,岡本,281018,兵庫県,神戸市東灘区,岡本１丁目,20241117,14,道路上,その他,施錠せず,あり
窃盗,車上ねらい,東灘,岡本,281018,兵庫県,神戸市東灘区,岡本６丁目,20240911,17,その他,駐車（輪）場,施錠した,なし
窃盗,車上ねらい,東灘,岡本,281018,兵庫県,神戸市東灘区,西岡本１丁目,20240704,12,４階建て以上共同住宅,駐車（輪）場,施錠せず,あり
窃盗,車上ねらい,東灘,岡本,281018,兵庫県,神戸市東灘区,西岡本１丁目,20240915,20,駐車（輪）場,駐車（輪）場,施錠した,なし
窃盗,車上ねらい,東灘,田中,281018,兵庫県,神戸市東灘区,田中町１丁目,20240809,6,道路上,その他,施錠せず,あり
窃盗,車上ねらい,東灘,田中,281018,兵庫県,神戸市東灘区,田中町４丁目,20240913,20,４階建て以上共同住宅,駐車（輪）場,施錠した,なし
窃盗,車上ねらい,東灘,田中,281018,兵庫県,神戸市東灘区,本山中町４丁目,20240122,11,道路上,その他,施錠せず,あり
窃盗,車上ねらい,東灘,青木駅前,281018,兵庫県,神戸市東灘区,北青木３丁目,20240808,12,その他,駐車（輪）場,施錠した,あり
窃盗,車上ねらい,東灘,青木駅前,281018,兵庫県,神戸市東灘区,北青木３丁目,20241011,10,その他,駐車（輪）場,施錠した,なし
窃盗,車上ねらい,東灘,ＪＲ住吉駅前,281018,兵庫県,神戸市東灘区,住吉宮町５丁目,20241015,9,道路上,その他,施錠せず,あり
窃盗,車上ねらい,東灘,ＪＲ住吉駅前,281018,兵庫県,神戸市東灘区,住吉東町３丁目,20240719,11,４階建て以上共同住宅,駐車（輪）場,施錠せず,あり
窃盗,車上ねらい,東灘,ＪＲ住吉駅前,281018,兵庫県,神戸市東灘区,住吉東町４丁目,20240805,21,その他,駐車（輪）場,施錠した,なし
窃盗,車上ねらい,東灘,ＪＲ住吉駅前,281018,兵庫県,神戸市東灘区,住吉宮町４丁目,20240901,13,道路上,その他,施錠せず,あり
窃盗,車上ねらい,東灘,ＪＲ住吉駅前,281018,兵庫県,神戸市東灘区,住吉本町１丁目,20240921,21,４階建て以上共同住宅,駐車（輪）場,施錠した,なし
窃盗,車上ねらい,東灘,呉田,281018,兵庫県,神戸市東灘区,住吉南町３丁目,20240725,9,道路上,その他,施錠せず,なし
窃盗,車上ねらい,東灘,呉田,281018,兵庫県,神戸市東灘区,御影本町１丁目,20240502,18,その他,駐車（輪）場,施錠せず,なし
窃盗,車上ねらい,東灘,呉田,281018,兵庫県,神戸市東灘区,御影本町２丁目,20241104,15,その他,駐車（輪）場,施錠せず,あり
窃盗,車上ねらい,東灘,呉田,281018,兵庫県,神戸市東灘区,御影本町３丁目,20231227,18,駐車（輪）場,駐車（輪）場,施錠せず,あり
窃盗,車上ねらい,東灘,石屋川,281018,兵庫県,神戸市東灘区,御影塚町１丁目,20240202,12,駐車（輪）場,駐車（輪）場,施錠せず,なし
窃盗,車上ねらい,東灘,沢ノ井,281018,兵庫県,神戸市東灘区,御影１丁目,20240921,21,４階建て以上共同住宅,駐車（輪）場,施錠した,なし
窃盗,車上ねらい,東灘,六甲アイランド,281018,兵庫県,神戸市東灘区,向洋町中１丁目,20240417,8,道路上,その他,施錠せず,あり
窃盗,車上ねらい,東灘,六甲アイランド,281018,兵庫県,神戸市東灘区,向洋町中１丁目,20220115,0,道路上,その他,施錠した,なし
窃盗,車上ねらい,東灘,六甲アイランド,281018,兵庫県,神戸市東灘区,向洋町中７丁目,20240502,17,４階建て以上共同住宅,その他,施錠せず,なし
窃盗,車上ねらい,灘,高羽,281026,兵庫県,神戸市灘区,桜ケ丘町,20240813,23,４階建て以上共同住宅,駐車（輪）場,施錠した,なし
窃盗,車上ねらい,灘,高羽徳井,281026,兵庫県,神戸市灘区,記田町１丁目,20241207,12,その他,その他,施錠せず,なし
窃盗,車上ねらい,灘,篠原北町,281026,兵庫県,神戸市灘区,大土平町１丁目,20240911,20,駐車（輪）場,駐車（輪）場,施錠した,なし
窃盗,車上ねらい,灘,篠原北町,281026,兵庫県,神戸市灘区,大土平町１丁目,20240911,20,駐車（輪）場,駐車（輪）場,施錠した,なし
窃盗,車上ねらい,灘,水道筋,281026,兵庫県,神戸市灘区,灘北通５丁目,20240229,21,駐車（輪）場,駐車（輪）場,施錠した,なし
窃盗,車上ねらい,灘,赤坂,281026,兵庫県,神戸市灘区,上野通１丁目,20241223,13,その他の住宅（３階建て以下共同住宅等）,駐車（輪）場,施錠せず,あり
窃盗,車上ねらい,灘,桜口,281026,兵庫県,神戸市灘区,浜田町３丁目,20240823,18,駐車（輪）場,駐車（輪）場,施錠した,あり
窃盗,車上ねらい,灘,大石,281026,兵庫県,神戸市灘区,新在家南町３丁目,20240115,12,その他,駐車（輪）場,施錠せず,なし
窃盗,車上ねらい,灘,大石,281026,兵庫県,神戸市灘区,新在家南町３丁目,20240113,11,その他,駐車（輪）場,施錠せず,なし
窃盗,車上ねらい,灘,大石,281026,兵庫県,神戸市灘区,新在家南町３丁目,20240112,15,その他,駐車（輪）場,施錠せず,なし
窃盗,車上ねらい,灘,大石,281026,兵庫県,神戸市灘区,新在家南町３丁目,20241027,9,その他,駐車（輪）場,施錠せず,なし
窃盗,車上ねらい,灘,大石,281026,兵庫県,神戸市灘区,灘浜町,20240314,23,その他,その他,施錠せず,あり
窃盗,車上ねらい,灘,大石,281026,兵庫県,神戸市灘区,灘浜町,20240511,22,その他,駐車（輪）場,施錠せず,なし
窃盗,車上ねらい,灘,西灘,281026,兵庫県,神戸市灘区,岩屋中町４丁目,20240730,19,駐車（輪）場,駐車（輪）場,施錠した,なし
窃盗,車上ねらい,灘,西灘,281026,兵庫県,神戸市灘区,岩屋中町５丁目,20240807,7,４階建て以上共同住宅,駐車（輪）場,施錠せず,なし
窃盗,車上ねらい,灘,西灘,281026,兵庫県,神戸市灘区,灘南通１丁目,20240726,17,４階建て以上共同住宅,その他,施錠せず,なし
窃盗,車上ねらい,灘,西灘,281026,兵庫県,神戸市灘区,灘南通６丁目,20230929,20,駐車（輪）場,駐車（輪）場,施錠せず,なし
窃盗,車上ねらい,灘,西灘,281026,兵庫県,神戸市灘区,船寺通１丁目,20240923,18,その他,駐車（輪）場,施錠せず,なし
窃盗,車上ねらい,灘,西灘,281026,兵庫県,神戸市灘区,都通３丁目,20240216,16,その他,駐車（輪）場,施錠した,なし
窃盗,車上ねらい,灘,西灘,281026,兵庫県,神戸市灘区,摩耶海岸通１丁目,20241102,12,４階建て以上共同住宅,その他,施錠せず,あり
窃盗,車上ねらい,灘,六甲山上,281026,兵庫県,神戸市灘区,摩耶山町,20240302,18,駐車（輪）場,駐車（輪）場,施錠した,なし
窃盗,車上ねらい,葺合,宮本,281107,兵庫県,神戸市中央区,宮本通２丁目,20240729,17,４階建て以上共同住宅,駐車（輪）場,施錠せず,あり
窃盗,車上ねらい,葺合,中尾前,281107,兵庫県,神戸市中央区,籠池通３丁目,20240305,21,駐車（輪）場,駐車（輪）場,施錠した,なし
窃盗,車上ねらい,葺合,中尾前,281107,兵庫県,神戸市中央区,上筒井通２丁目,20240311,18,駐車（輪）場,駐車（輪）場,施錠した,なし
窃盗,車上ねらい,葺合,中尾前,281107,兵庫県,神戸市中央区,神仙寺通１丁目,20240303,23,駐車（輪）場,駐車（輪）場,施錠した,あり
窃盗,車上ねらい,葺合,割塚,281107,兵庫県,神戸市中央区,日暮通３丁目,20240403,19,４階建て以上共同住宅,その他,施錠せず,あり
窃盗,車上ねらい,葺合,ＨＡＴ神戸,281107,兵庫県,神戸市中央区,脇浜海岸通１丁目,20240203,8,その他,その他,施錠せず,あり
窃盗,車上ねらい,葺合,ＨＡＴ神戸,281107,兵庫県,神戸市中央区,脇浜海岸通２丁目,20240221,17,その他,駐車（輪）場,施錠した,あり
窃盗,車上ねらい,葺合,二宮,281107,兵庫県,神戸市中央区,琴ノ緒町２丁目,20240226,18,駐車（輪）場,駐車（輪）場,施錠した,なし
窃盗,車上ねらい,葺合,二宮,281107,兵庫県,神戸市中央区,琴ノ緒町４丁目,20240625,20,駐車（輪）場,駐車（輪）場,施錠した,なし
窃盗,車上ねらい,葺合,二宮,281107,兵庫県,神戸市中央区,琴ノ緒町４丁目,20241206,17,駐車（輪）場,駐車（輪）場,施錠せず,なし
窃盗,車上ねらい,葺合,三宮センター,281107,兵庫県,神戸市中央区,旭通２丁目,20240320,19,駐車（輪）場,駐車（輪）場,施錠した,なし
窃盗,車上ねらい,葺合,三宮センター,281107,兵庫県,神戸市中央区,旭通５丁目,20231231,11,駐車（輪）場,駐車（輪）場,施錠した,なし
窃盗,車上ねらい,葺合,三宮センター,281107,兵庫県,神戸市中央区,小野柄通６丁目,20240313,1,その他,駐車（輪）場,施錠せず,なし
窃盗,車上ねらい,葺合,三宮センター,281107,兵庫県,神戸市中央区,小野柄通６丁目,20240413,20,道路上,その他,施錠せず,なし
窃盗,車上ねらい,葺合,三宮センター,281107,兵庫県,神戸市中央区,琴ノ緒町３丁目,20240902,9,駐車（輪）場,駐車（輪）場,施錠せず,なし
窃盗,車上ねらい,葺合,三宮センター,281107,兵庫県,神戸市中央区,琴ノ緒町５丁目,20240716,13,道路上,その他,施錠せず,なし
窃盗,車上ねらい,葺合,三宮センター,281107,兵庫県,神戸市中央区,八幡通２丁目,20240820,15,道路上,その他,施錠せず,あり
窃盗,車上ねらい,葺合,小野柄,281107,兵庫県,神戸市中央区,北本町通４丁目,20240415,1,その他,その他,施錠せず,あり
窃盗,車上ねらい,葺合,小野柄,281107,兵庫県,神戸市中央区,南本町通３丁目,20240805,13,その他,駐車（輪）場,施錠した,なし
窃盗,車上ねらい,葺合,小野柄,281107,兵庫県,神戸市中央区,南本町通３丁目,20241208,21,その他,その他,施錠した,あり
窃盗,車上ねらい,葺合,春日野,281107,兵庫県,神戸市中央区,北本町通１丁目,20231229,15,その他,駐車（輪）場,施錠せず,なし
窃盗,車上ねらい,葺合,春日野,281107,兵庫県,神戸市中央区,北本町通１丁目,20240221,17,その他,駐車（輪）場,施錠した,なし
窃盗,車上ねらい,生田,北野,281107,兵庫県,神戸市中央区,北野町１丁目,20240101,5,駐車（輪）場,駐車（輪）場,施錠した,なし
窃盗,車上ねらい,生田,諏訪山,281107,兵庫県,神戸市中央区,神戸港地方,20240101,7,道路上,その他,施錠した,なし
窃盗,車上ねらい,生田,諏訪山,281107,兵庫県,神戸市中央区,神戸港地方字口一里山,20240330,3,駐車（輪）場,駐車（輪）場,施錠した,あり
窃盗,車上ねらい,生田,諏訪山,281107,兵庫県,神戸市中央区,神戸港地方字口一里山,20240330,3,駐車（輪）場,駐車（輪）場,施錠した,なし
窃盗,車上ねらい,生田,諏訪山,281107,兵庫県,神戸市中央区,山本通４丁目,20240626,20,その他,駐車（輪）場,施錠した,なし
窃盗,車上ねらい,生田,諏訪山,281107,兵庫県,神戸市中央区,山本通５丁目,20240425,14,道路上,その他,施錠せず,なし
窃盗,車上ねらい,生田,生田前,281107,兵庫県,神戸市中央区,加納町４丁目,20240901,21,道路上,その他,施錠せず,なし
窃盗,車上ねらい,生田,生田前,281107,兵庫県,神戸市中央区,北長狭通１丁目,20240517,10,道路上,その他,施錠せず,あり
窃盗,車上ねらい,生田,生田前,281107,兵庫県,神戸市中央区,北長狭通１丁目,20240709,12,道路上,その他,施錠せず,あり
窃盗,車上ねらい,生田,生田前,281107,兵庫県,神戸市中央区,北長狭通１丁目,20240917,8,道路上,その他,施錠せず,あり
窃盗,車上ねらい,生田,生田前,281107,兵庫県,神戸市中央区,北長狭通１丁目,20240926,9,道路上,その他,施錠せず,あり
窃盗,車上ねらい,生田,生田前,281107,兵庫県,神戸市中央区,北長狭通１丁目,20241228,8,道路上,その他,施錠せず,なし
窃盗,車上ねらい,生田,生田前,281107,兵庫県,神戸市中央区,北長狭通２丁目,20240213,15,駐車（輪）場,駐車（輪）場,施錠せず,なし
窃盗,車上ねらい,生田,生田前,281107,兵庫県,神戸市中央区,北長狭通２丁目,20240525,19,道路上,その他,施錠せず,なし
窃盗,車上ねらい,生田,生田前,281107,兵庫県,神戸市中央区,中山手通１丁目,20240402,22,４階建て以上共同住宅,駐車（輪）場,施錠せず,なし
窃盗,車上ねらい,生田,生田前,281107,兵庫県,神戸市中央区,中山手通２丁目,20240229,12,道路上,その他,施錠せず,なし
窃盗,車上ねらい,生田,京町,281107,兵庫県,神戸市中央区,三宮町１丁目,20240225,19,駐車（輪）場,駐車（輪）場,施錠せず,なし
窃盗,車上ねらい,生田,元町駅,281107,兵庫県,神戸市中央区,海岸通１丁目,20240715,22,駐車（輪）場,駐車（輪）場,施錠した,なし
窃盗,車上ねらい,生田,元町駅,281107,兵庫県,神戸市中央区,北長狭通３丁目,20241212,17,駐車（輪）場,駐車（輪）場,施錠せず,なし
窃盗,車上ねらい,生田,元町駅,281107,兵庫県,神戸市中央区,栄町通２丁目,20240626,23,駐車（輪）場,駐車（輪）場,施錠した,なし
窃盗,車上ねらい,生田,元町駅,281107,兵庫県,神戸市中央区,下山手通４丁目,20240602,5,道路上,その他,施錠せず,なし
窃盗,車上ねらい,生田,元町駅,281107,兵庫県,神戸市中央区,元町通２丁目,20240330,0,道路上,その他,施錠せず,あり
窃盗,車上ねらい,生田,元町駅,281107,兵庫県,神戸市中央区,元町通２丁目,20240721,4,道路上,その他,施錠せず,あり
窃盗,車上ねらい,生田,元町通,281107,兵庫県,神戸市中央区,海岸通４丁目,20240428,19,４階建て以上共同住宅,駐車（輪）場,施錠した,なし
窃盗,車上ねらい,生田,元町通,281107,兵庫県,神戸市中央区,元町通４丁目,20240910,1,道路上,その他,施錠せず,あり
窃盗,車上ねらい,生田,元町通,281107,兵庫県,神戸市中央区,元町通５丁目,20240817,15,道路上,その他,施錠せず,あり
窃盗,車上ねらい,生田,下山手,281107,兵庫県,神戸市中央区,下山手通７丁目,20240602,18,その他,その他,施錠せず,あり
窃盗,車上ねらい,生田,下山手,281107,兵庫県,神戸市中央区,花隈町,20240721,21,道路上,その他,施錠せず,あり
窃盗,車上ねらい,生田,大倉山,281107,兵庫県,神戸市中央区,楠町２丁目,20240817,8,その他,その他,施錠せず,あり
窃盗,車上ねらい,生田,大倉山,281107,兵庫県,神戸市中央区,下山手通８丁目,20240621,18,その他,その他,施錠せず,なし
窃盗,車上ねらい,生田,デュオこうべ,281107,兵庫県,神戸市中央区,相生町３丁目,20240226,12,その他,駐車（輪）場,施錠せず,なし
窃盗,車上ねらい,生田,デュオこうべ,281107,兵庫県,神戸市中央区,多聞通３丁目,20240813,11,道路上,その他,施錠せず,あり
窃盗,車上ねらい,生田,デュオこうべ,281107,兵庫県,神戸市中央区,中町通３丁目,20231229,23,駐車（輪）場,駐車（輪）場,施錠せず,なし
窃盗,車上ねらい,生田,デュオこうべ,281107,兵庫県,神戸市中央区,中町通３丁目,20240827,16,その他,駐車（輪）場,施錠せず,なし
窃盗,車上ねらい,生田,デュオこうべ,281107,兵庫県,神戸市中央区,中町通３丁目,20241125,20,道路上,その他,施錠せず,なし
窃盗,車上ねらい,生田,ハーバーランド,281107,兵庫県,神戸市中央区,東川崎町１丁目,20240616,14,その他,駐車（輪）場,施錠せず,なし
窃盗,車上ねらい,生田,ハーバーランド,281107,兵庫県,神戸市中央区,東川崎町１丁目,20241013,9,道路上,その他,施錠せず,なし
窃盗,車上ねらい,兵庫,荒田,281051,兵庫県,神戸市兵庫区,荒田町１丁目,20240303,0,道路上,その他,施錠せず,あり
窃盗,車上ねらい,兵庫,荒田,281051,兵庫県,神戸市兵庫区,荒田町２丁目,20240621,17,道路上,その他,施錠せず,なし
窃盗,車上ねらい,兵庫,荒田,281051,兵庫県,神戸市兵庫区,荒田町３丁目,20241221,19,道路上,その他,施錠せず,あり
窃盗,車上ねらい,兵庫,福原,281051,兵庫県,神戸市兵庫区,西上橘通２丁目,20240304,15,道路上,その他,施錠せず,あり
窃盗,車上ねらい,兵庫,福原,281051,兵庫県,神戸市兵庫区,西上橘通２丁目,20240420,21,４階建て以上共同住宅,駐車（輪）場,施錠せず,あり
窃盗,車上ねらい,兵庫,福原,281051,兵庫県,神戸市兵庫区,福原町,20240102,19,４階建て以上共同住宅,その他,施錠せず,なし
窃盗,車上ねらい,兵庫,福原,281051,兵庫県,神戸市兵庫区,福原町,20240218,9,４階建て以上共同住宅,その他,施錠せず,あり
窃盗,車上ねらい,兵庫,福原,281051,兵庫県,神戸市兵庫区,福原町,20240313,8,その他,駐車（輪）場,施錠せず,なし
窃盗,車上ねらい,兵庫,福原,281051,兵庫県,神戸市兵庫区,福原町,20241126,14,４階建て以上共同住宅,駐車（輪）場,施錠せず,なし
窃盗,車上ねらい,兵庫,湊川,281051,兵庫県,神戸市兵庫区,上沢通１丁目,20241225,15,道路上,その他,施錠せず,なし
窃盗,車上ねらい,兵庫,湊川,281051,兵庫県,神戸市兵庫区,下沢通２丁目,20240111,18,道路上,その他,施錠せず,あり
窃盗,車上ねらい,兵庫,湊川,281051,兵庫県,神戸市兵庫区,新開地１丁目,20240516,14,４階建て以上共同住宅,その他,施錠せず,あり
窃盗,車上ねらい,兵庫,湊川,281051,兵庫県,神戸市兵庫区,新開地２丁目,20240721,22,その他,駐車（輪）場,施錠した,あり
窃盗,車上ねらい,兵庫,湊川,281051,兵庫県,神戸市兵庫区,東山町２丁目,20240321,17,道路上,その他,施錠せず,なし
窃盗,車上ねらい,兵庫,新開地,281051,兵庫県,神戸市兵庫区,佐比江町,20240708,12,道路上,その他,施錠せず,なし
窃盗,車上ねらい,兵庫,新開地,281051,兵庫県,神戸市兵庫区,佐比江町,20240919,13,道路上,その他,施錠せず,なし
窃盗,車上ねらい,兵庫,新開地,281051,兵庫県,神戸市兵庫区,新開地４丁目,20240616,4,道路上,その他,施錠せず,あり
窃盗,車上ねらい,兵庫,新開地,281051,兵庫県,神戸市兵庫区,新開地４丁目,20240807,10,駐車（輪）場,駐車（輪）場,施錠せず,なし
窃盗,車上ねらい,兵庫,新開地,281051,兵庫県,神戸市兵庫区,東出町２丁目,20241125,16,その他,その他,施錠せず,あり
窃盗,車上ねらい,兵庫,新開地,281051,兵庫県,神戸市兵庫区,湊町１丁目,20240215,10,駐車（輪）場,駐車（輪）場,施錠せず,なし
窃盗,車上ねらい,兵庫,熊野,281051,兵庫県,神戸市兵庫区,夢野町３丁目,20240623,12,４階建て以上共同住宅,駐車（輪）場,施錠せず,なし
窃盗,車上ねらい,兵庫,菊水西,281051,兵庫県,神戸市兵庫区,菊水町１０丁目,20240113,15,４階建て以上共同住宅,駐車（輪）場,施錠せず,なし
窃盗,車上ねらい,兵庫,菊水西,281051,兵庫県,神戸市兵庫区,菊水町１０丁目,20240119,20,４階建て以上共同住宅,駐車（輪）場,施錠せず,なし
窃盗,車上ねらい,兵庫,菊水西,281051,兵庫県,神戸市兵庫区,菊水町１０丁目,20240112,15,４階建て以上共同住宅,駐車（輪）場,施錠せず,なし
窃盗,車上ねらい,兵庫,菊水西,281051,兵庫県,神戸市兵庫区,菊水町１０丁目,20240210,17,４階建て以上共同住宅,駐車（輪）場,施錠せず,なし
窃盗,車上ねらい,兵庫,皿池,281051,兵庫県,神戸市兵庫区,上沢通６丁目,20240323,0,その他,駐車（輪）場,施錠した,なし
窃盗,車上ねらい,兵庫,皿池,281051,兵庫県,神戸市兵庫区,下沢通３丁目,20241213,17,道路上,その他,施錠せず,なし
窃盗,車上ねらい,兵庫,皿池,281051,兵庫県,神戸市兵庫区,下沢通５丁目,20240901,20,その他の住宅（３階建て以下共同住宅等）,駐車（輪）場,施錠した,なし
窃盗,車上ねらい,兵庫,皿池,281051,兵庫県,神戸市兵庫区,下沢通８丁目,20240210,7,駐車（輪）場,駐車（輪）場,施錠せず,なし
窃盗,車上ねらい,兵庫,皿池,281051,兵庫県,神戸市兵庫区,中道通３丁目,20240901,18,駐車（輪）場,駐車（輪）場,施錠した,なし
窃盗,車上ねらい,兵庫,皿池,281051,兵庫県,神戸市兵庫区,中道通３丁目,20240915,8,道路上,その他,施錠せず,あり
窃盗,車上ねらい,兵庫,皿池,281051,兵庫県,神戸市兵庫区,中道通９丁目,20240524,10,道路上,その他,施錠せず,あり
窃盗,車上ねらい,兵庫,大開,281051,兵庫県,神戸市兵庫区,大開通５丁目,20241209,8,道路上,その他,施錠せず,なし
窃盗,車上ねらい,兵庫,大開,281051,兵庫県,神戸市兵庫区,大開通７丁目,20240315,18,道路上,その他,施錠せず,あり
窃盗,車上ねらい,兵庫,兵庫駅前,281051,兵庫県,神戸市兵庫区,駅前通１丁目,20240511,21,道路上,その他,施錠せず,なし
窃盗,車上ねらい,兵庫,兵庫駅前,281051,兵庫県,神戸市兵庫区,駅前通３丁目,20240712,4,駐車（輪）場,駐車（輪）場,施錠した,なし
窃盗,車上ねらい,兵庫,兵庫駅前,281051,兵庫県,神戸市兵庫区,駅南通５丁目,20240420,17,道路上,その他,施錠せず,なし
窃盗,車上ねらい,兵庫,兵庫駅前,281051,兵庫県,神戸市兵庫区,羽坂通４丁目,20240901,11,駐車（輪）場,駐車（輪）場,施錠した,なし
窃盗,車上ねらい,兵庫,七宮,281051,兵庫県,神戸市兵庫区,西柳原町,20240902,15,４階建て以上共同住宅,その他,施錠せず,あり
窃盗,車上ねらい,兵庫,七宮,281051,兵庫県,神戸市兵庫区,本町１丁目,20240922,22,４階建て以上共同住宅,駐車（輪）場,施錠した,あり
窃盗,車上ねらい,兵庫,七宮,281051,兵庫県,神戸市兵庫区,門口町,20240914,18,道路上,その他,施錠せず,あり
窃盗,車上ねらい,兵庫,中之島,281051,兵庫県,神戸市兵庫区,中之島１丁目,20240413,8,その他,その他,施錠せず,あり
窃盗,車上ねらい,兵庫,明親,281051,兵庫県,神戸市兵庫区,駅前通５丁目,20240415,7,４階建て以上共同住宅,駐車（輪）場,施錠せず,なし
窃盗,車上ねらい,兵庫,明親,281051,兵庫県,神戸市兵庫区,駅南通４丁目,20240928,12,その他,その他,施錠せず,あり
窃盗,車上ねらい,兵庫,明親,281051,兵庫県,神戸市兵庫区,明和通３丁目,20241114,15,その他,駐車（輪）場,施錠せず,あり
窃盗,車上ねらい,兵庫,御崎公園,281051,兵庫県,神戸市兵庫区,三石通２丁目,20240125,20,駐車（輪）場,駐車（輪）場,施錠せず,あり
窃盗,車上ねらい,長田,丸山,281069,兵庫県,神戸市長田区,萩乃町３丁目,20240504,19,４階建て以上共同住宅,駐車（輪）場,施錠した,あり
窃盗,車上ねらい,長田,丸山,281069,兵庫県,神戸市長田区,雲雀ケ丘１丁目,20240428,0,道路上,その他,施錠した,あり
窃盗,車上ねらい,長田,寺池,281069,兵庫県,神戸市長田区,片山町２丁目,20240813,14,その他,駐車（輪）場,施錠せず,なし
窃盗,車上ねらい,長田,長田,281069,兵庫県,神戸市長田区,長田町１丁目,20240301,19,駐車（輪）場,駐車（輪）場,施錠した,なし
窃盗,車上ねらい,長田,長田,281069,兵庫県,神戸市長田区,林山町,20240823,16,道路上,その他,施錠せず,なし
窃盗,車上ねらい,長田,長田,281069,兵庫県,神戸市長田区,宮川町９丁目,20240317,18,一戸建住宅,駐車（輪）場,施錠せず,あり
窃盗,車上ねらい,長田,上池田,281069,兵庫県,神戸市長田区,上池田５丁目,20241121,16,その他,駐車（輪）場,施錠せず,なし
窃盗,車上ねらい,長田,長田東,281069,兵庫県,神戸市長田区,五番町６丁目,20240801,11,その他,その他,施錠せず,あり
窃盗,車上ねらい,長田,長田東,281069,兵庫県,神戸市長田区,五番町７丁目,20240824,12,４階建て以上共同住宅,その他,施錠せず,なし
窃盗,車上ねらい,長田,長田東,281069,兵庫県,神戸市長田区,四番町１丁目,20240209,8,その他,駐車（輪）場,施錠した,なし
窃盗,車上ねらい,長田,長田東,281069,兵庫県,神戸市長田区,四番町８丁目,20240225,21,道路上,その他,施錠せず,なし
窃盗,車上ねらい,長田,御蔵,281069,兵庫県,神戸市長田区,北町２丁目,20240910,13,道路上,その他,施錠せず,あり
窃盗,車上ねらい,長田,御蔵,281069,兵庫県,神戸市長田区,北町２丁目,20241213,15,その他,駐車（輪）場,施錠せず,なし
窃盗,車上ねらい,長田,御蔵,281069,兵庫県,神戸市長田区,北町３丁目,20240422,15,その他,駐車（輪）場,施錠した,あり
窃盗,車上ねらい,長田,御蔵,281069,兵庫県,神戸市長田区,菅原通４丁目,20240430,12,道路上,その他,施錠せず,なし
窃盗,車上ねらい,長田,湊川大橋,281069,兵庫県,神戸市長田区,東尻池町４丁目,20240818,9,道路上,その他,施錠せず,あり
窃盗,車上ねらい,長田,大谷,281069,兵庫県,神戸市長田区,御船通３丁目,20240713,13,道路上,その他,施錠せず,あり
窃盗,車上ねらい,長田,大谷,281069,兵庫県,神戸市長田区,御船通５丁目,20240423,10,道路上,その他,施錠せず,なし
窃盗,車上ねらい,長田,大谷,281069,兵庫県,神戸市長田区,山下町１丁目,20240901,23,駐車（輪）場,駐車（輪）場,施錠した,なし
窃盗,車上ねらい,長田,新長田駅前,281069,兵庫県,神戸市長田区,大橋町６丁目,20241023,12,道路上,その他,施錠した,なし
窃盗,車上ねらい,長田,新長田駅前,281069,兵庫県,神戸市長田区,日吉町１丁目,20240521,19,その他,その他,施錠せず,あり
窃盗,車上ねらい,長田,新長田駅前,281069,兵庫県,神戸市長田区,日吉町１丁目,20240525,17,その他,その他,施錠せず,あり
窃盗,車上ねらい,長田,新長田駅前,281069,兵庫県,神戸市長田区,若松町４丁目,20240402,9,その他,駐車（輪）場,施錠せず,あり
窃盗,車上ねらい,長田,水笠,281069,兵庫県,神戸市長田区,御屋敷通１丁目,20240526,10,道路上,その他,施錠せず,あり
窃盗,車上ねらい,長田,水笠,281069,兵庫県,神戸市長田区,御屋敷通２丁目,20240713,9,駐車（輪）場,駐車（輪）場,施錠せず,なし
窃盗,車上ねらい,長田,水笠,281069,兵庫県,神戸市長田区,川西通４丁目,20240116,13,道路上,その他,施錠せず,あり
窃盗,車上ねらい,長田,水笠,281069,兵庫県,神戸市長田区,戸崎通３丁目,20241127,15,その他,その他,施錠せず,なし
窃盗,車上ねらい,長田,水笠,281069,兵庫県,神戸市長田区,細田町１丁目,20240107,15,その他,その他,施錠せず,あり
窃盗,車上ねらい,長田,水笠,281069,兵庫県,神戸市長田区,松野通１丁目,20240809,22,道路上,その他,施錠せず,なし
窃盗,車上ねらい,長田,久保,281069,兵庫県,神戸市長田区,腕塚町３丁目,20240301,12,道路上,その他,施錠せず,あり
窃盗,車上ねらい,長田,久保,281069,兵庫県,神戸市長田区,腕塚町７丁目,20240304,0,道路上,その他,施錠せず,あり
窃盗,車上ねらい,長田,久保,281069,兵庫県,神戸市長田区,南駒栄町,20240425,18,その他,駐車（輪）場,施錠せず,あり
窃盗,車上ねらい,須磨,板宿,281077,兵庫県,神戸市須磨区,菊池町２丁目,20240504,19,道路上,その他,施錠せず,なし
窃盗,車上ねらい,須磨,板宿,281077,兵庫県,神戸市須磨区,大黒町３丁目,20240809,11,駐車（輪）場,駐車（輪）場,施錠した,あり
窃盗,車上ねらい,須磨,板宿,281077,兵庫県,神戸市須磨区,平田町２丁目,20240325,14,道路上,その他,施錠した,あり
窃盗,車上ねらい,須磨,千歳,281077,兵庫県,神戸市須磨区,大田町５丁目,20240912,12,４階建て以上共同住宅,その他,施錠せず,あり
窃盗,車上ねらい,須磨,千歳,281077,兵庫県,神戸市須磨区,千歳町２丁目,20240319,4,その他,その他,施錠せず,あり
窃盗,車上ねらい,須磨,千歳,281077,兵庫県,神戸市須磨区,東町１丁目,20240407,8,道路上,その他,施錠せず,あり
窃盗,車上ねらい,須磨,若木,281077,兵庫県,神戸市須磨区,月見山町３丁目,20240901,18,駐車（輪）場,駐車（輪）場,施錠した,なし
窃盗,車上ねらい,須磨,若木,281077,兵庫県,神戸市須磨区,離宮前町１丁目,20240901,21,駐車（輪）場,駐車（輪）場,施錠した,あり
窃盗,車上ねらい,須磨,若木,281077,兵庫県,神戸市須磨区,離宮前町２丁目,20240831,20,駐車（輪）場,駐車（輪）場,施錠した,なし
窃盗,車上ねらい,須磨,若木,281077,兵庫県,神戸市須磨区,離宮前町２丁目,20240901,16,駐車（輪）場,駐車（輪）場,施錠した,なし
窃盗,車上ねらい,須磨,東須磨,281077,兵庫県,神戸市須磨区,行幸町３丁目,20241218,15,その他,その他,施錠せず,なし
窃盗,車上ねらい,須磨,須磨寺,281077,兵庫県,神戸市須磨区,千守町１丁目,20240427,21,駐車（輪）場,駐車（輪）場,施錠した,あり
窃盗,車上ねらい,須磨,須磨駅前,281077,兵庫県,神戸市須磨区,須磨浦通１丁目,20240517,19,その他,その他,施錠せず,あり
窃盗,車上ねらい,須磨,須磨駅前,281077,兵庫県,神戸市須磨区,須磨浦通４丁目,20241209,5,道路上,その他,施錠した,なし
窃盗,車上ねらい,須磨,妙法寺,281077,兵庫県,神戸市須磨区,車字西ノ鼻,20241101,13,駐車（輪）場,駐車（輪）場,施錠せず,なし
窃盗,車上ねらい,須磨,多井畑,281077,兵庫県,神戸市須磨区,多井畑,20241106,21,駐車（輪）場,駐車（輪）場,施錠せず,あり
窃盗,車上ねらい,須磨,白川台,281077,兵庫県,神戸市須磨区,白川台３丁目,20240715,8,駐車（輪）場,駐車（輪）場,施錠した,なし
窃盗,車上ねらい,須磨,名谷中央,281077,兵庫県,神戸市須磨区,神の谷６丁目,20240629,18,４階建て以上共同住宅,駐車（輪）場,施錠した,なし
窃盗,車上ねらい,須磨,名谷中央,281077,兵庫県,神戸市須磨区,中落合１丁目,20240530,15,４階建て以上共同住宅,駐車（輪）場,施錠せず,なし
窃盗,車上ねらい,須磨,名谷中央,281077,兵庫県,神戸市須磨区,中落合１丁目,20240526,16,４階建て以上共同住宅,駐車（輪）場,施錠せず,なし
窃盗,車上ねらい,須磨,名谷中央,281077,兵庫県,神戸市須磨区,中落合２丁目,20240525,10,その他,駐車（輪）場,施錠した,なし
窃盗,車上ねらい,須磨,名谷中央,281077,兵庫県,神戸市須磨区,中落合２丁目,20240829,20,駐車（輪）場,駐車（輪）場,施錠せず,なし
窃盗,車上ねらい,垂水,青山台,281085,兵庫県,神戸市垂水区,塩屋町１丁目,20240212,4,その他,その他,施錠せず,なし
窃盗,車上ねらい,垂水,塩屋,281085,兵庫県,神戸市垂水区,青山台６丁目,20240321,18,道路上,その他,施錠した,あり
窃盗,車上ねらい,垂水,塩屋,281085,兵庫県,神戸市垂水区,塩屋町４丁目,20241024,21,道路上,その他,施錠せず,あり
窃盗,車上ねらい,垂水,塩屋,281085,兵庫県,神戸市垂水区,塩屋町５丁目,20240328,22,一戸建住宅,駐車（輪）場,施錠せず,なし
窃盗,車上ねらい,垂水,塩屋,281085,兵庫県,神戸市垂水区,塩屋町８丁目,20241224,1,その他,駐車（輪）場,施錠せず,あり
窃盗,車上ねらい,垂水,塩屋,281085,兵庫県,神戸市垂水区,山手５丁目,20241206,14,その他,駐車（輪）場,施錠せず,なし
窃盗,車上ねらい,垂水,平尾,281085,兵庫県,神戸市垂水区,城が山１丁目,20240331,17,駐車（輪）場,駐車（輪）場,施錠した,あり
窃盗,車上ねらい,垂水,平尾,281085,兵庫県,神戸市垂水区,城が山５丁目,20240305,8,その他の住宅（３階建て以下共同住宅等）,駐車（輪）場,施錠した,なし
窃盗,車上ねらい,垂水,平尾,281085,兵庫県,神戸市垂水区,東垂水３丁目,20240304,18,一戸建住宅,駐車（輪）場,施錠した,なし
窃盗,車上ねらい,垂水,名谷,281085,兵庫県,神戸市垂水区,学が丘５丁目,20241012,15,その他,駐車（輪）場,施錠した,なし
窃盗,車上ねらい,垂水,名谷,281085,兵庫県,神戸市垂水区,名谷町,20240229,19,駐車（輪）場,駐車（輪）場,施錠した,なし
窃盗,車上ねらい,垂水,名谷,281085,兵庫県,神戸市垂水区,名谷町,20240406,23,その他,駐車（輪）場,施錠した,なし
窃盗,車上ねらい,垂水,名谷,281085,兵庫県,神戸市垂水区,名谷町字向井畑,20240428,18,その他,駐車（輪）場,施錠せず,あり
窃盗,車上ねらい,垂水,名谷,281085,兵庫県,神戸市垂水区,小束山本町１丁目,20240901,13,その他,駐車（輪）場,施錠した,あり
窃盗,車上ねらい,垂水,名谷,281085,兵庫県,神戸市垂水区,小束山手２丁目,20240805,22,その他,駐車（輪）場,施錠せず,なし
窃盗,車上ねらい,垂水,垂水駅前,281085,兵庫県,神戸市垂水区,日向１丁目,20241016,8,駐車（輪）場,駐車（輪）場,施錠せず,なし
窃盗,車上ねらい,垂水,垂水駅前,281085,兵庫県,神戸市垂水区,星が丘３丁目,20241016,12,道路上,その他,施錠せず,あり
窃盗,車上ねらい,垂水,舞子駅前,281085,兵庫県,神戸市垂水区,舞子台８丁目,20241216,18,４階建て以上共同住宅,駐車（輪）場,施錠せず,なし
窃盗,車上ねらい,垂水,西舞子,281085,兵庫県,神戸市垂水区,舞子陵,20240330,16,その他,その他,施錠した,あり
窃盗,車上ねらい,垂水,多聞,281085,兵庫県,神戸市垂水区,多聞町,20240715,16,その他,駐車（輪）場,施錠せず,なし
窃盗,車上ねらい,垂水,多聞,281085,兵庫県,神戸市垂水区,多聞町,20240906,18,その他,駐車（輪）場,施錠せず,なし
窃盗,車上ねらい,垂水,多聞,281085,兵庫県,神戸市垂水区,舞多聞西５丁目,20240430,23,一戸建住宅,駐車（輪）場,施錠せず,なし
窃盗,車上ねらい,垂水,上高丸,281085,兵庫県,神戸市垂水区,千鳥が丘３丁目,20241005,10,道路上,その他,施錠せず,あり
窃盗,車上ねらい,垂水,青山台,281085,兵庫県,神戸市垂水区,青山台７丁目,20240403,3,道路上,その他,施錠した,あり
窃盗,車上ねらい,垂水,青山台,281085,兵庫県,神戸市垂水区,青山台７丁目,20240901,12,その他,駐車（輪）場,施錠せず,なし
窃盗,車上ねらい,垂水,青山台,281085,兵庫県,神戸市垂水区,下畑町,20240222,16,４階建て以上共同住宅,駐車（輪）場,施錠した,なし
窃盗,車上ねらい,垂水,青山台,281085,兵庫県,神戸市垂水区,乙木３丁目,20240503,16,駐車（輪）場,駐車（輪）場,施錠した,なし
窃盗,車上ねらい,垂水,新多聞,281085,兵庫県,神戸市垂水区,学が丘１丁目,20241021,22,駐車（輪）場,駐車（輪）場,施錠した,あり
窃盗,車上ねらい,垂水,新多聞,281085,兵庫県,神戸市垂水区,学が丘３丁目,20241021,18,駐車（輪）場,駐車（輪）場,施錠した,なし
窃盗,車上ねらい,垂水,桃山台,281085,兵庫県,神戸市垂水区,下畑町,20240411,18,その他,駐車（輪）場,施錠した,あり
窃盗,車上ねらい,垂水,桃山台,281085,兵庫県,神戸市垂水区,下畑町,20240502,20,その他,駐車（輪）場,施錠した,あり
窃盗,車上ねらい,垂水,桃山台,281085,兵庫県,神戸市垂水区,つつじが丘５丁目,20241021,18,４階建て以上共同住宅,駐車（輪）場,施錠した,なし
窃盗,車上ねらい,垂水,桃山台,281085,兵庫県,神戸市垂水区,桃山台５丁目,20240901,15,４階建て以上共同住宅,駐車（輪）場,施錠した,あり
窃盗,車上ねらい,神戸水上,ポートアイランド,281107,兵庫県,神戸市中央区,港島１丁目,20241012,12,駐車（輪）場,駐車（輪）場,施錠せず,あり
窃盗,車上ねらい,神戸水上,ポートアイランド,281107,兵庫県,神戸市中央区,港島中町３丁目,20241206,20,駐車（輪）場,駐車（輪）場,施錠せず,なし
窃盗,車上ねらい,神戸水上,ポートアイランド,281107,兵庫県,神戸市中央区,港島中町５丁目,20241106,14,４階建て以上共同住宅,駐車（輪）場,施錠せず,あり
窃盗,車上ねらい,神戸水上,ポートアイランド,281107,兵庫県,神戸市中央区,港島南町２丁目,20240331,7,その他,駐車（輪）場,施錠せず,なし
窃盗,車上ねらい,神戸西,上池,281115,兵庫県,神戸市西区,玉津町　今津,20240401,0,駐車（輪）場,駐車（輪）場,施錠せず,あり
窃盗,車上ねらい,神戸西,上池,281115,兵庫県,神戸市西区,玉津町　新方,20240812,11,その他,その他,施錠せず,あり
窃盗,車上ねらい,神戸西,出合,281115,兵庫県,神戸市西区,王塚台４丁目,20240709,17,４階建て以上共同住宅,駐車（輪）場,施錠せず,なし
窃盗,車上ねらい,神戸西,出合,281115,兵庫県,神戸市西区,王塚台６丁目,20230930,10,駐車（輪）場,駐車（輪）場,施錠した,なし
窃盗,車上ねらい,神戸西,出合,281115,兵庫県,神戸市西区,平野町　中津,20241119,19,その他,駐車（輪）場,施錠した,なし
窃盗,車上ねらい,神戸西,春日台,281115,兵庫県,神戸市西区,春日台２丁目,20240615,9,道路上,その他,施錠せず,あり
窃盗,車上ねらい,神戸西,春日台,281115,兵庫県,神戸市西区,樫野台４丁目,20240416,15,道路上,その他,施錠せず,なし
窃盗,車上ねらい,神戸西,栄,281115,兵庫県,神戸市西区,押部谷町　福住,20240106,21,駐車（輪）場,駐車（輪）場,施錠した,あり
窃盗,車上ねらい,神戸西,栄,281115,兵庫県,神戸市西区,見津が丘３丁目,20241003,7,その他,駐車（輪）場,施錠せず,なし
窃盗,車上ねらい,神戸西,櫨谷,281115,兵庫県,神戸市西区,櫨谷町　長谷,20241008,0,その他,駐車（輪）場,施錠せず,あり
窃盗,車上ねらい,神戸西,伊川谷,281115,兵庫県,神戸市西区,池上１丁目,20240912,20,その他の住宅（３階建て以下共同住宅等）,駐車（輪）場,施錠せず,あり
窃盗,車上ねらい,神戸西,伊川谷,281115,兵庫県,神戸市西区,池上１丁目,20241119,9,その他,駐車（輪）場,施錠せず,なし
窃盗,車上ねらい,神戸西,伊川谷,281115,兵庫県,神戸市西区,池上４丁目,20240308,19,４階建て以上共同住宅,駐車（輪）場,施錠せず,なし
窃盗,車上ねらい,神戸西,伊川谷,281115,兵庫県,神戸市西区,大津和１丁目,20240910,9,その他の住宅（３階建て以下共同住宅等）,駐車（輪）場,施錠せず,あり
窃盗,車上ねらい,神戸西,伊川谷,281115,兵庫県,神戸市西区,大津和２丁目,20241112,19,その他の住宅（３階建て以下共同住宅等）,駐車（輪）場,施錠した,なし
窃盗,車上ねらい,神戸西,学園駅前,281115,兵庫県,神戸市西区,学園東町６丁目,20241025,8,駐車（輪）場,駐車（輪）場,施錠せず,なし
窃盗,車上ねらい,神戸西,有瀬,281115,兵庫県,神戸市西区,伊川谷町　有瀬,20240212,18,その他,駐車（輪）場,施錠せず,なし
窃盗,車上ねらい,神戸西,有瀬,281115,兵庫県,神戸市西区,伊川谷町　有瀬,20240105,11,駐車（輪）場,駐車（輪）場,施錠せず,なし
窃盗,車上ねらい,神戸西,有瀬,281115,兵庫県,神戸市西区,伊川谷町　有瀬,20240726,18,その他,駐車（輪）場,施錠した,あり
窃盗,車上ねらい,神戸西,有瀬,281115,兵庫県,神戸市西区,伊川谷町　有瀬,20240902,15,その他,駐車（輪）場,施錠せず,なし
窃盗,車上ねらい,神戸西,有瀬,281115,兵庫県,神戸市西区,伊川谷町　潤和,20241113,18,一戸建住宅,駐車（輪）場,施錠せず,なし
窃盗,車上ねらい,神戸西,枝吉,281115,兵庫県,神戸市西区,王塚台１丁目,20240323,12,その他,駐車（輪）場,施錠した,なし
窃盗,車上ねらい,神戸西,枝吉,281115,兵庫県,神戸市西区,玉津町　森友,20240209,12,その他,その他,施錠せず,あり
窃盗,車上ねらい,神戸西,枝吉,281115,兵庫県,神戸市西区,森友１丁目,20240912,10,道路上,その他,施錠せず,あり
窃盗,車上ねらい,神戸西,枝吉,281115,兵庫県,神戸市西区,森友２丁目,20241103,12,その他,駐車（輪）場,施錠せず,なし
窃盗,車上ねらい,神戸西,井吹台,281115,兵庫県,神戸市西区,井吹台西町４丁目,20241001,8,道路上,その他,施錠せず,あり
窃盗,車上ねらい,神戸西,,281115,兵庫県,神戸市西区,,20240727,12,道路上,その他,施錠せず,なし
窃盗,車上ねらい,神戸西,玉津,281115,兵庫県,神戸市西区,平野町　芝崎,20240421,20,その他,駐車（輪）場,施錠した,なし
窃盗,車上ねらい,神戸西,玉津,281115,兵庫県,神戸市西区,長畑町,20240828,11,その他,駐車（輪）場,施錠した,なし
窃盗,車上ねらい,神戸西,玉津,281115,兵庫県,神戸市西区,長畑町,20240828,10,その他,駐車（輪）場,施錠した,なし
窃盗,車上ねらい,神戸西,岩岡,281115,兵庫県,神戸市西区,岩岡町　岩岡,20240423,16,その他,駐車（輪）場,施錠した,なし
窃盗,車上ねらい,神戸西,高和,281115,兵庫県,神戸市西区,押部谷町　高和,20240416,7,その他,駐車（輪）場,施錠した,なし
窃盗,車上ねらい,有馬,唐櫃,281093,兵庫県,神戸市北区,唐櫃台１丁目,20240310,17,４階建て以上共同住宅,駐車（輪）場,施錠した,なし
窃盗,車上ねらい,有馬,有野,281093,兵庫県,神戸市北区,藤原台北町６丁目,20240924,9,その他,駐車（輪）場,施錠せず,あり
窃盗,車上ねらい,有馬,有野,281093,兵庫県,神戸市北区,藤原台北町７丁目,20240921,11,その他,駐車（輪）場,施錠せず,なし
窃盗,車上ねらい,有馬,有野,281093,兵庫県,神戸市北区,藤原台中町１丁目,20240119,16,その他,駐車（輪）場,施錠せず,なし
窃盗,車上ねらい,有馬,有野,281093,兵庫県,神戸市北区,有野中町３丁目,20240812,21,その他,駐車（輪）場,施錠した,なし
窃盗,車上ねらい,有馬,道場,281093,兵庫県,神戸市北区,有野町　二郎,20240901,18,その他の住宅（３階建て以下共同住宅等）,駐車（輪）場,施錠した,なし
窃盗,車上ねらい,有馬,道場,281093,兵庫県,神戸市北区,道場町　日下部,20241117,18,その他,駐車（輪）場,施錠した,なし
窃盗,車上ねらい,有馬,長尾,281093,兵庫県,神戸市北区,上津台１丁目,20240901,10,一戸建住宅,駐車（輪）場,施錠した,なし
窃盗,車上ねらい,有馬,長尾,281093,兵庫県,神戸市北区,上津台４丁目,20240901,18,その他の住宅（３階建て以下共同住宅等）,駐車（輪）場,施錠した,あり
窃盗,車上ねらい,有馬,長尾,281093,兵庫県,神戸市北区,上津台８丁目,20240208,12,その他,駐車（輪）場,施錠せず,なし
窃盗,車上ねらい,有馬,大沢,281093,兵庫県,神戸市北区,有野町　有野,20240722,8,道路上,その他,施錠せず,あり
窃盗,車上ねらい,神戸北,鈴蘭台,281093,兵庫県,神戸市北区,山田町　小部,20240122,16,駐車（輪）場,駐車（輪）場,施錠せず,あり
窃盗,車上ねらい,神戸北,谷上駅前,281093,兵庫県,神戸市北区,谷上東町,20240524,19,その他の住宅（３階建て以下共同住宅等）,その他,施錠せず,あり
窃盗,車上ねらい,神戸北,谷上駅前,281093,兵庫県,神戸市北区,谷上東町,20241220,10,駐車（輪）場,駐車（輪）場,施錠せず,なし
窃盗,車上ねらい,神戸北,谷上駅前,281093,兵庫県,神戸市北区,谷上東町,20241220,18,駐車（輪）場,駐車（輪）場,施錠せず,なし
窃盗,車上ねらい,神戸北,五葉,281093,兵庫県,神戸市北区,北五葉１丁目,20240128,11,その他,駐車（輪）場,施錠せず,あり
窃盗,車上ねらい,神戸北,五葉,281093,兵庫県,神戸市北区,南五葉１丁目,20240605,10,４階建て以上共同住宅,その他,施錠した,なし
窃盗,車上ねらい,神戸北,山の街,281093,兵庫県,神戸市北区,緑町４丁目,20240910,18,４階建て以上共同住宅,駐車（輪）場,施錠せず,なし
窃盗,車上ねらい,神戸北,山の街,281093,兵庫県,神戸市北区,緑町８丁目,20241202,10,４階建て以上共同住宅,駐車（輪）場,施錠せず,あり
窃盗,車上ねらい,神戸北,山の街,281093,兵庫県,神戸市北区,緑町８丁目,20241216,20,４階建て以上共同住宅,駐車（輪）場,施錠せず,なし
窃盗,車上ねらい,芦屋,業平橋,282065,兵庫県,芦屋市,茶屋之町,20240927,21,駐車（輪）場,駐車（輪）場,施錠した,なし
窃盗,車上ねらい,芦屋,業平橋,282065,兵庫県,芦屋市,茶屋之町,20240927,18,駐車（輪）場,駐車（輪）場,施錠した,なし
窃盗,車上ねらい,芦屋,業平橋,282065,兵庫県,芦屋市,津知町,20240823,17,駐車（輪）場,駐車（輪）場,施錠した,なし
窃盗,車上ねらい,芦屋,宮川,282065,兵庫県,芦屋市,楠町,20240724,14,４階建て以上共同住宅,駐車（輪）場,施錠した,なし
窃盗,車上ねらい,芦屋,宮川,282065,兵庫県,芦屋市,春日町,20240904,20,４階建て以上共同住宅,駐車（輪）場,施錠した,なし
窃盗,車上ねらい,芦屋,岩園,282065,兵庫県,芦屋市,朝日ケ丘町,20240826,23,駐車（輪）場,駐車（輪）場,施錠した,なし
窃盗,車上ねらい,芦屋,岩園,282065,兵庫県,芦屋市,岩園町,20240616,20,駐車（輪）場,駐車（輪）場,施錠せず,あり
窃盗,車上ねらい,芦屋,岩園,282065,兵庫県,芦屋市,岩園町,20241015,22,４階建て以上共同住宅,駐車（輪）場,施錠した,なし
窃盗,車上ねらい,芦屋,山芦屋,282065,兵庫県,芦屋市,月若町,20240509,17,道路上,その他,施錠せず,あり
窃盗,車上ねらい,芦屋,山芦屋,282065,兵庫県,芦屋市,西芦屋町,20240823,20,駐車（輪）場,駐車（輪）場,施錠した,あり
窃盗,車上ねらい,芦屋,山芦屋,282065,兵庫県,芦屋市,西山町,20240822,15,その他の住宅（３階建て以下共同住宅等）,駐車（輪）場,施錠した,なし
窃盗,車上ねらい,芦屋,山芦屋,282065,兵庫県,芦屋市,西山町,20240823,20,駐車（輪）場,駐車（輪）場,施錠した,なし
窃盗,車上ねらい,芦屋,山芦屋,282065,兵庫県,芦屋市,山手町,20240723,21,駐車（輪）場,駐車（輪）場,施錠した,あり
窃盗,車上ねらい,芦屋,芦屋駅前,282065,兵庫県,芦屋市,大原町,20240209,14,駐車（輪）場,駐車（輪）場,施錠せず,なし
窃盗,車上ねらい,芦屋,芦屋駅前,282065,兵庫県,芦屋市,親王塚町,20240905,23,駐車（輪）場,駐車（輪）場,施錠した,なし
窃盗,車上ねらい,芦屋,芦屋駅前,282065,兵庫県,芦屋市,親王塚町,20241207,12,一戸建住宅,駐車（輪）場,施錠せず,あり
窃盗,車上ねらい,芦屋,芦屋駅前,282065,兵庫県,芦屋市,翠ケ丘町,20240616,21,４階建て以上共同住宅,駐車（輪）場,施錠した,なし
窃盗,車上ねらい,芦屋,芦屋駅前,282065,兵庫県,芦屋市,翠ケ丘町,20240902,16,駐車（輪）場,駐車（輪）場,施錠した,なし
窃盗,車上ねらい,芦屋,芦屋駅前,282065,兵庫県,芦屋市,翠ケ丘町,20240901,17,４階建て以上共同住宅,駐車（輪）場,施錠した,なし
窃盗,車上ねらい,芦屋,芦屋駅前,282065,兵庫県,芦屋市,翠ケ丘町,20240905,19,駐車（輪）場,駐車（輪）場,施錠した,なし
窃盗,車上ねらい,芦屋,浜芦屋,282065,兵庫県,芦屋市,竹園町,20241017,23,駐車（輪）場,駐車（輪）場,施錠した,あり
窃盗,車上ねらい,芦屋,浜芦屋,282065,兵庫県,芦屋市,浜芦屋町,20240911,22,駐車（輪）場,駐車（輪）場,施錠した,あり
窃盗,車上ねらい,芦屋,浜芦屋,282065,兵庫県,芦屋市,平田町,20240130,13,一戸建住宅,駐車（輪）場,施錠せず,あり
窃盗,車上ねらい,芦屋,打出,282065,兵庫県,芦屋市,打出町,20240808,6,その他,駐車（輪）場,施錠した,あり
窃盗,車上ねらい,芦屋,高浜,282065,兵庫県,芦屋市,潮見町,20241219,16,一戸建住宅,駐車（輪）場,施錠せず,あり
窃盗,車上ねらい,西宮,札場筋,282049,兵庫県,西宮市,今在家町,20240419,19,その他,駐車（輪）場,施錠せず,なし
窃盗,車上ねらい,西宮,札場筋,282049,兵庫県,西宮市,社家町,20240415,11,その他,駐車（輪）場,施錠せず,なし
窃盗,車上ねらい,西宮,札場筋,282049,兵庫県,西宮市,田中町,20240415,16,その他,駐車（輪）場,施錠せず,なし
窃盗,車上ねらい,西宮,札場筋,282049,兵庫県,西宮市,与古道町,20240827,17,道路上,その他,施錠せず,なし
窃盗,車上ねらい,西宮,川添,282049,兵庫県,西宮市,大浜町,20240805,22,その他,その他,施錠せず,あり
窃盗,車上ねらい,西宮,市庭,282049,兵庫県,西宮市,弓場町,20240815,19,その他の住宅（３階建て以下共同住宅等）,駐車（輪）場,施錠した,なし
窃盗,車上ねらい,西宮,西宮浜,282049,兵庫県,西宮市,西宮浜３丁目,20240706,21,その他,その他,施錠せず,あり
窃盗,車上ねらい,西宮,夙川駅前,282049,兵庫県,西宮市,大谷町,20240822,7,駐車（輪）場,駐車（輪）場,施錠した,なし
窃盗,車上ねらい,西宮,夙川駅前,282049,兵庫県,西宮市,霞町,20240928,14,その他の住宅（３階建て以下共同住宅等）,駐車（輪）場,施錠した,なし
窃盗,車上ねらい,西宮,夙川駅前,282049,兵庫県,西宮市,松園町,20240810,23,駐車（輪）場,駐車（輪）場,施錠した,なし
窃盗,車上ねらい,西宮,夙川駅前,282049,兵庫県,西宮市,松園町,20240815,18,駐車（輪）場,駐車（輪）場,施錠した,なし
窃盗,車上ねらい,西宮,越木岩,282049,兵庫県,西宮市,菊谷町,20241009,21,駐車（輪）場,駐車（輪）場,施錠した,なし
窃盗,車上ねらい,西宮,越木岩,282049,兵庫県,西宮市,甑岩町,20240813,18,４階建て以上共同住宅,駐車（輪）場,施錠した,なし
窃盗,車上ねらい,西宮,越木岩,282049,兵庫県,西宮市,甑岩町,20241009,22,４階建て以上共同住宅,駐車（輪）場,施錠した,なし
窃盗,車上ねらい,西宮,越木岩,282049,兵庫県,西宮市,西平町,20241009,23,道路上,その他,施錠した,なし
窃盗,車上ねらい,西宮,越木岩,282049,兵庫県,西宮市,樋之池町,20240717,16,その他,駐車（輪）場,施錠せず,なし
窃盗,車上ねらい,西宮,越木岩,282049,兵庫県,西宮市,毘沙門町,20240727,8,その他,その他,施錠せず,なし
窃盗,車上ねらい,西宮,越木岩,282049,兵庫県,西宮市,松風町,20240719,19,道路上,その他,施錠した,なし
窃盗,車上ねらい,西宮,越木岩,282049,兵庫県,西宮市,美作町,20241004,19,駐車（輪）場,駐車（輪）場,施錠した,なし
窃盗,車上ねらい,西宮,苦楽園,282049,兵庫県,西宮市,柏堂西町,20241202,10,一戸建住宅,駐車（輪）場,施錠せず,あり
窃盗,車上ねらい,西宮,甲陽園,282049,兵庫県,西宮市,神園町,20240928,7,駐車（輪）場,駐車（輪）場,施錠した,なし
窃盗,車上ねらい,西宮,寿,282049,兵庫県,西宮市,結善町,20240815,17,その他の住宅（３階建て以下共同住宅等）,駐車（輪）場,施錠した,なし
窃盗,車上ねらい,西宮,寿,282049,兵庫県,西宮市,桜谷町,20240802,21,その他の住宅（３階建て以下共同住宅等）,駐車（輪）場,施錠した,なし
窃盗,車上ねらい,西宮,寿,282049,兵庫県,西宮市,清水町,20240801,17,駐車（輪）場,駐車（輪）場,施錠した,あり
窃盗,車上ねらい,西宮,寿,282049,兵庫県,西宮市,名次町,20240628,14,道路上,その他,施錠せず,あり
窃盗,車上ねらい,西宮,青木,282049,兵庫県,西宮市,青木町,20240815,19,４階建て以上共同住宅,駐車（輪）場,施錠した,あり
窃盗,車上ねらい,西宮,青木,282049,兵庫県,西宮市,大社町,20240204,9,その他,駐車（輪）場,施錠せず,あり
窃盗,車上ねらい,西宮,青木,282049,兵庫県,西宮市,室川町,20241219,8,その他,駐車（輪）場,施錠せず,なし
窃盗,車上ねらい,西宮,芦原,282049,兵庫県,西宮市,中須佐町,20240815,11,駐車（輪）場,駐車（輪）場,施錠した,なし
窃盗,車上ねらい,西宮,芦原,282049,兵庫県,西宮市,中前田町,20240731,17,その他,駐車（輪）場,施錠せず,あり
窃盗,車上ねらい,西宮,西宮駅前,282049,兵庫県,西宮市,池田町,20241012,12,その他,駐車（輪）場,施錠せず,なし
窃盗,車上ねらい,西宮,西宮駅前,282049,兵庫県,西宮市,津門稲荷町,20240717,17,その他,駐車（輪）場,施錠せず,なし
窃盗,車上ねらい,西宮,西宮駅前,282049,兵庫県,西宮市,津門大箇町,20240911,10,道路上,その他,施錠せず,なし
窃盗,車上ねらい,西宮,西宮駅前,282049,兵庫県,西宮市,津門大塚町,20240215,8,その他,駐車（輪）場,施錠せず,なし
窃盗,車上ねらい,西宮,西宮駅前,282049,兵庫県,西宮市,津門大塚町,20240626,13,その他,駐車（輪）場,施錠せず,あり
窃盗,車上ねらい,西宮,西宮駅前,282049,兵庫県,西宮市,津門大塚町,20241019,17,４階建て以上共同住宅,駐車（輪）場,施錠した,なし
窃盗,車上ねらい,西宮,西宮駅前,282049,兵庫県,西宮市,津門大塚町,20241026,14,その他,駐車（輪）場,施錠せず,あり
窃盗,車上ねらい,西宮,今津駅前,282049,兵庫県,西宮市,津門宝津町,20240929,17,その他,駐車（輪）場,施錠せず,あり
窃盗,車上ねらい,西宮,社前,282049,兵庫県,西宮市,浜松原町,20240124,19,その他,駐車（輪）場,施錠した,なし
窃盗,車上ねらい,西宮,西宮中央,282049,兵庫県,西宮市,北口町,20240219,8,その他,駐車（輪）場,施錠せず,なし
窃盗,車上ねらい,西宮,北口西,282049,兵庫県,西宮市,大畑町,20240802,21,駐車（輪）場,駐車（輪）場,施錠した,なし
窃盗,車上ねらい,西宮,北口西,282049,兵庫県,西宮市,甲風園１丁目,20240815,11,道路上,その他,施錠せず,あり
窃盗,車上ねらい,西宮,北口西,282049,兵庫県,西宮市,南昭和町,20240923,3,４階建て以上共同住宅,駐車（輪）場,施錠せず,あり
窃盗,車上ねらい,西宮,二見,282049,兵庫県,西宮市,大屋町,20241206,6,４階建て以上共同住宅,その他,施錠せず,あり
窃盗,車上ねらい,西宮,二見,282049,兵庫県,西宮市,中島町,20240815,23,その他の住宅（３階建て以下共同住宅等）,駐車（輪）場,施錠した,あり
窃盗,車上ねらい,西宮,二見,282049,兵庫県,西宮市,二見町,20241021,10,道路上,その他,施錠せず,あり
窃盗,車上ねらい,西宮,,282049,兵庫県,西宮市,,20240815,15,道路上,その他,施錠せず,あり
窃盗,車上ねらい,西宮,門戸,282049,兵庫県,西宮市,丸橋町,20240824,16,４階建て以上共同住宅,駐車（輪）場,施錠した,なし
窃盗,車上ねらい,西宮,甲武橋,282049,兵庫県,西宮市,上大市４丁目,20240323,8,道路上,その他,施錠せず,あり
窃盗,車上ねらい,西宮,甲武橋,282049,兵庫県,西宮市,田近野町,20240527,18,その他,駐車（輪）場,施錠せず,なし
窃盗,車上ねらい,西宮,甲武橋,282049,兵庫県,西宮市,樋ノ口町２丁目,20240715,22,駐車（輪）場,駐車（輪）場,施錠した,なし
窃盗,車上ねらい,西宮,甲東園,282049,兵庫県,西宮市,上甲東園１丁目,20240824,21,その他の住宅（３階建て以下共同住宅等）,駐車（輪）場,施錠した,なし
窃盗,車上ねらい,西宮,甲東園,282049,兵庫県,西宮市,甲東園３丁目,20240204,15,４階建て以上共同住宅,駐車（輪）場,施錠せず,なし
窃盗,車上ねらい,西宮,上ヶ原,282049,兵庫県,西宮市,上ケ原五番町,20240127,7,道路上,その他,施錠せず,なし
窃盗,車上ねらい,西宮,上ヶ原,282049,兵庫県,西宮市,上甲東園３丁目,20241103,19,その他の住宅（３階建て以下共同住宅等）,駐車（輪）場,施錠せず,なし
窃盗,車上ねらい,西宮,上ヶ原,282049,兵庫県,西宮市,仁川百合野町,20240222,8,駐車（輪）場,駐車（輪）場,施錠した,なし
窃盗,車上ねらい,西宮,名塩,282049,兵庫県,西宮市,塩瀬町　名塩,20240726,5,その他,駐車（輪）場,施錠した,あり
窃盗,車上ねらい,西宮,名塩,282049,兵庫県,西宮市,東山台３丁目,20240901,15,一戸建住宅,駐車（輪）場,施錠した,なし
窃盗,車上ねらい,西宮,名塩,282049,兵庫県,西宮市,名塩２丁目,20240628,19,道路上,その他,施錠せず,なし
窃盗,車上ねらい,西宮,山口,282049,兵庫県,西宮市,山口町名来,20240515,22,駐車（輪）場,駐車（輪）場,施錠した,なし
窃盗,車上ねらい,西宮,山口,282049,兵庫県,西宮市,北六甲台２丁目,20240601,不明,一戸建住宅,駐車（輪）場,施錠せず,なし
窃盗,車上ねらい,甲子園,本郷,282049,兵庫県,西宮市,池開町,20240422,13,その他,駐車（輪）場,施錠した,なし
窃盗,車上ねらい,甲子園,本郷,282049,兵庫県,西宮市,池開町,20241217,11,その他,駐車（輪）場,施錠せず,あり
窃盗,車上ねらい,甲子園,本郷,282049,兵庫県,西宮市,鳴尾町１丁目,20240730,17,駐車（輪）場,駐車（輪）場,施錠した,なし
窃盗,車上ねらい,甲子園,小松,282049,兵庫県,西宮市,上鳴尾町,20240809,8,道路上,その他,施錠せず,あり
窃盗,車上ねらい,甲子園,小松,282049,兵庫県,西宮市,小松西町１丁目,20240308,12,その他,駐車（輪）場,施錠せず,あり
窃盗,車上ねらい,甲子園,上田,282049,兵庫県,西宮市,上田中町,20240623,11,４階建て以上共同住宅,駐車（輪）場,施錠せず,なし
窃盗,車上ねらい,甲子園,上田,282049,兵庫県,西宮市,上田西町,20241119,11,その他,駐車（輪）場,施錠せず,あり
窃盗,車上ねらい,甲子園,枝川,282049,兵庫県,西宮市,枝川町,20240911,15,４階建て以上共同住宅,駐車（輪）場,施錠した,なし
窃盗,車上ねらい,甲子園,中津,282049,兵庫県,西宮市,甲子園町,20240511,15,その他,駐車（輪）場,施錠せず,なし
窃盗,車上ねらい,甲子園,浦風,282049,兵庫県,西宮市,甲子園浜田町,20240724,21,一戸建住宅,駐車（輪）場,施錠せず,なし
窃盗,車上ねらい,甲子園,浦風,282049,兵庫県,西宮市,甲子園春風町,20240207,16,その他,その他,施錠せず,なし
窃盗,車上ねらい,甲子園,上甲子園,282049,兵庫県,西宮市,甲子園三番町,20240821,20,駐車（輪）場,駐車（輪）場,施錠した,なし
窃盗,車上ねらい,甲子園,上甲子園,282049,兵庫県,西宮市,小曽根町４丁目,20240509,17,一戸建住宅,駐車（輪）場,施錠した,なし
窃盗,車上ねらい,甲子園,高須,282049,兵庫県,西宮市,高須町,20241118,13,道路上,その他,施錠せず,あり
窃盗,車上ねらい,甲子園,高須,282049,兵庫県,西宮市,高須町１丁目,20240201,0,４階建て以上共同住宅,駐車（輪）場,施錠せず,あり
窃盗,車上ねらい,甲子園,高須,282049,兵庫県,西宮市,高須町１丁目,20240624,10,４階建て以上共同住宅,駐車（輪）場,施錠せず,なし
窃盗,車上ねらい,甲子園,高須,282049,兵庫県,西宮市,高須町１丁目,20241009,3,４階建て以上共同住宅,駐車（輪）場,施錠せず,あり
窃盗,車上ねらい,甲子園,高須,282049,兵庫県,西宮市,高須町２丁目,20240612,17,４階建て以上共同住宅,その他,施錠せず,あり
窃盗,車上ねらい,尼崎南,東難波,282022,兵庫県,尼崎市,東難波町５丁目,20240501,18,駐車（輪）場,駐車（輪）場,施錠せず,あり
窃盗,車上ねらい,尼崎南,東難波,282022,兵庫県,尼崎市,東難波町５丁目,20240627,18,駐車（輪）場,駐車（輪）場,施錠せず,なし
窃盗,車上ねらい,尼崎南,西難波,282022,兵庫県,尼崎市,西難波町１丁目,20240810,8,道路上,その他,施錠せず,あり
窃盗,車上ねらい,尼崎南,西難波,282022,兵庫県,尼崎市,西難波町２丁目,20240921,16,一戸建住宅,駐車（輪）場,施錠せず,あり
窃盗,車上ねらい,尼崎南,西難波,282022,兵庫県,尼崎市,西難波町５丁目,20241002,17,道路上,その他,施錠せず,あり
窃盗,車上ねらい,尼崎南,西難波,282022,兵庫県,尼崎市,東難波町２丁目,20240610,14,その他,駐車（輪）場,施錠せず,あり
窃盗,車上ねらい,尼崎南,西難波,282022,兵庫県,尼崎市,東難波町２丁目,20240805,21,４階建て以上共同住宅,駐車（輪）場,施錠した,なし
窃盗,車上ねらい,尼崎南,西難波,282022,兵庫県,尼崎市,東難波町３丁目,20240905,10,道路上,その他,施錠せず,あり
窃盗,車上ねらい,尼崎南,昭和通,282022,兵庫県,尼崎市,昭和通７丁目,20240108,11,道路上,その他,施錠せず,あり
窃盗,車上ねらい,尼崎南,昭和通,282022,兵庫県,尼崎市,西難波町４丁目,20240110,16,道路上,その他,施錠せず,なし
窃盗,車上ねらい,尼崎南,竹谷,282022,兵庫県,尼崎市,北竹谷町２丁目,20240927,11,道路上,その他,施錠せず,なし
窃盗,車上ねらい,尼崎南,竹谷,282022,兵庫県,尼崎市,昭和通８丁目,20240808,5,その他,駐車（輪）場,施錠した,なし
窃盗,車上ねらい,尼崎南,竹谷,282022,兵庫県,尼崎市,昭和南通６丁目,20240801,19,道路上,その他,施錠せず,あり
窃盗,車上ねらい,尼崎南,竹谷,282022,兵庫県,尼崎市,昭和南通７丁目,20241215,23,道路上,その他,施錠した,なし
窃盗,車上ねらい,尼崎南,出屋敷,282022,兵庫県,尼崎市,玄番南之町,20240812,18,その他,駐車（輪）場,施錠した,なし
窃盗,車上ねらい,尼崎南,出屋敷,282022,兵庫県,尼崎市,南竹谷町１丁目,20240717,10,道路上,その他,施錠せず,あり
窃盗,車上ねらい,尼崎南,中央,282022,兵庫県,尼崎市,中在家町３丁目,20241004,15,その他,その他,施錠せず,あり
窃盗,車上ねらい,尼崎南,中央,282022,兵庫県,尼崎市,神田北通３丁目,20240721,21,道路上,その他,施錠せず,あり
窃盗,車上ねらい,尼崎南,中央,282022,兵庫県,尼崎市,神田北通４丁目,20241208,12,道路上,その他,施錠せず,なし
窃盗,車上ねらい,尼崎南,中央,282022,兵庫県,尼崎市,神田中通２丁目,20241029,11,その他,駐車（輪）場,施錠せず,なし
窃盗,車上ねらい,尼崎南,中央,282022,兵庫県,尼崎市,汐町,20231220,11,４階建て以上共同住宅,その他,施錠せず,なし
窃盗,車上ねらい,尼崎南,中央,282022,兵庫県,尼崎市,昭和通５丁目,20240407,9,その他,駐車（輪）場,施錠せず,なし
窃盗,車上ねらい,尼崎南,中央,282022,兵庫県,尼崎市,昭和南通５丁目,20240413,12,道路上,その他,施錠せず,あり
窃盗,車上ねらい,尼崎南,中央,282022,兵庫県,尼崎市,西本町２丁目,20240727,22,その他の住宅（３階建て以下共同住宅等）,駐車（輪）場,施錠した,あり
窃盗,車上ねらい,尼崎南,御茶屋橋,282022,兵庫県,尼崎市,築地２丁目,20240211,13,駐車（輪）場,駐車（輪）場,施錠せず,あり
窃盗,車上ねらい,尼崎南,大物,282022,兵庫県,尼崎市,北城内,20240813,7,４階建て以上共同住宅,駐車（輪）場,施錠せず,あり
窃盗,車上ねらい,尼崎南,大物,282022,兵庫県,尼崎市,東本町３丁目,20240821,19,道路上,その他,施錠せず,あり
窃盗,車上ねらい,尼崎南,大島,282022,兵庫県,尼崎市,稲葉荘２丁目,20240619,23,一戸建住宅,その他,施錠せず,あり
窃盗,車上ねらい,尼崎南,大島,282022,兵庫県,尼崎市,浜田町１丁目,20240508,19,その他,その他,施錠せず,あり
窃盗,車上ねらい,尼崎南,大島,282022,兵庫県,尼崎市,浜田町２丁目,20240324,18,その他,その他,施錠せず,あり
窃盗,車上ねらい,尼崎南,大島,282022,兵庫県,尼崎市,浜田町２丁目,20240518,14,その他の住宅（３階建て以下共同住宅等）,駐車（輪）場,施錠せず,あり
窃盗,車上ねらい,尼崎南,大島,282022,兵庫県,尼崎市,浜田町３丁目,20240727,11,一戸建住宅,その他,施錠せず,あり
窃盗,車上ねらい,尼崎南,大島,282022,兵庫県,尼崎市,浜田町５丁目,20240123,20,道路上,その他,施錠せず,なし
窃盗,車上ねらい,尼崎南,大島,282022,兵庫県,尼崎市,大庄　北４丁目,20240803,15,道路上,その他,施錠せず,あり
窃盗,車上ねらい,尼崎南,大島,282022,兵庫県,尼崎市,大庄　北４丁目,20240830,13,道路上,その他,施錠せず,あり
窃盗,車上ねらい,尼崎南,大島,282022,兵庫県,尼崎市,大庄　北４丁目,20241116,11,４階建て以上共同住宅,駐車（輪）場,施錠せず,なし
窃盗,車上ねらい,尼崎南,七松,282022,兵庫県,尼崎市,七松町１丁目,20240906,15,道路上,その他,施錠せず,あり
窃盗,車上ねらい,尼崎南,七松,282022,兵庫県,尼崎市,七松町１丁目,20240909,8,道路上,その他,施錠せず,あり
窃盗,車上ねらい,尼崎南,七松,282022,兵庫県,尼崎市,七松町１丁目,20241215,23,その他,駐車（輪）場,施錠せず,なし
窃盗,車上ねらい,尼崎南,七松,282022,兵庫県,尼崎市,七松町２丁目,20241009,11,道路上,その他,施錠せず,あり
窃盗,車上ねらい,尼崎南,七松,282022,兵庫県,尼崎市,東七松町１丁目,20240309,8,駐車（輪）場,駐車（輪）場,施錠せず,なし
窃盗,車上ねらい,尼崎南,七松,282022,兵庫県,尼崎市,東七松町１丁目,20240808,22,その他,その他,施錠せず,あり
窃盗,車上ねらい,尼崎南,七松,282022,兵庫県,尼崎市,南七松町１丁目,20241114,8,道路上,その他,施錠せず,あり
窃盗,車上ねらい,尼崎南,七松,282022,兵庫県,尼崎市,西立花町３丁目,20240414,20,その他,駐車（輪）場,施錠せず,なし
窃盗,車上ねらい,尼崎南,稲葉荘,282022,兵庫県,尼崎市,稲葉荘３丁目,20240405,19,道路上,その他,施錠した,あり
窃盗,車上ねらい,尼崎南,稲葉荘,282022,兵庫県,尼崎市,稲葉元町１丁目,20240803,4,一戸建住宅,駐車（輪）場,施錠した,なし
窃盗,車上ねらい,尼崎南,大庄,282022,兵庫県,尼崎市,大庄　中通１丁目,20240412,7,その他,その他,施錠せず,あり
窃盗,車上ねらい,尼崎南,大庄,282022,兵庫県,尼崎市,大庄　中通１丁目,20241008,8,道路上,その他,施錠せず,あり
窃盗,車上ねらい,尼崎南,大庄,282022,兵庫県,尼崎市,大庄　中通２丁目,20240926,9,道路上,その他,施錠せず,あり
窃盗,車上ねらい,尼崎南,大庄,282022,兵庫県,尼崎市,大庄　中通３丁目,20240920,22,道路上,その他,施錠せず,なし
窃盗,車上ねらい,尼崎南,大庄,282022,兵庫県,尼崎市,大庄　中通３丁目,20241223,14,道路上,その他,施錠せず,あり
窃盗,車上ねらい,尼崎南,大庄,282022,兵庫県,尼崎市,大島３丁目,20240508,14,その他,その他,施錠せず,あり
窃盗,車上ねらい,尼崎南,大庄,282022,兵庫県,尼崎市,大庄　西町２丁目,20231230,12,その他,駐車（輪）場,施錠せず,なし
窃盗,車上ねらい,尼崎南,大庄,282022,兵庫県,尼崎市,大庄　西町２丁目,20240112,10,道路上,その他,施錠せず,あり
窃盗,車上ねらい,尼崎南,大庄,282022,兵庫県,尼崎市,大庄　西町３丁目,20240731,14,道路上,その他,施錠せず,あり
窃盗,車上ねらい,尼崎南,元浜,282022,兵庫県,尼崎市,平左衛門町,20241211,23,その他,駐車（輪）場,施錠した,なし
窃盗,車上ねらい,尼崎南,元浜,282022,兵庫県,尼崎市,元浜町１丁目,20240720,20,４階建て以上共同住宅,駐車（輪）場,施錠せず,なし
窃盗,車上ねらい,尼崎南,センタープール前,282022,兵庫県,尼崎市,大庄　川田町,20240228,14,その他,駐車（輪）場,施錠せず,あり
窃盗,車上ねらい,尼崎南,センタープール前,282022,兵庫県,尼崎市,武庫川町２丁目,20240722,8,その他,駐車（輪）場,施錠せず,あり
窃盗,車上ねらい,尼崎南,センタープール前,282022,兵庫県,尼崎市,武庫川町３丁目,20241008,8,道路上,その他,施錠せず,あり
窃盗,車上ねらい,尼崎南,センタープール前,282022,兵庫県,尼崎市,武庫川町４丁目,20231229,17,道路上,その他,施錠せず,なし
窃盗,車上ねらい,尼崎南,センタープール前,282022,兵庫県,尼崎市,武庫川町４丁目,20240320,18,駐車（輪）場,駐車（輪）場,施錠せず,なし
窃盗,車上ねらい,尼崎南,センタープール前,282022,兵庫県,尼崎市,蓬川町,20240918,12,その他,その他,施錠せず,あり
窃盗,車上ねらい,尼崎南,センタープール前,282022,兵庫県,尼崎市,大庄　西町１丁目,20240205,7,その他,その他,施錠せず,なし
窃盗,車上ねらい,尼崎南,センタープール前,282022,兵庫県,尼崎市,大庄　西町１丁目,20240302,8,道路上,その他,施錠せず,あり
窃盗,車上ねらい,尼崎南,センタープール前,282022,兵庫県,尼崎市,大庄　西町１丁目,20240412,8,その他,その他,施錠せず,あり
窃盗,車上ねらい,尼崎南,センタープール前,282022,兵庫県,尼崎市,大庄　西町１丁目,20240820,10,道路上,その他,施錠せず,あり
窃盗,車上ねらい,尼崎東,,282022,兵庫県,尼崎市,,20240206,不明,その他,その他,施錠せず,なし
窃盗,車上ねらい,尼崎東,長洲,282022,兵庫県,尼崎市,長洲西通１丁目,20240513,22,その他,その他,施錠せず,あり
窃盗,車上ねらい,尼崎東,長洲,282022,兵庫県,尼崎市,金楽寺町２丁目,20240815,10,その他,駐車（輪）場,施錠せず,あり
窃盗,車上ねらい,尼崎東,長洲,282022,兵庫県,尼崎市,西長洲町３丁目,20240825,13,その他,駐車（輪）場,施錠した,なし
窃盗,車上ねらい,尼崎東,長洲,282022,兵庫県,尼崎市,西長洲町３丁目,20240825,12,その他,駐車（輪）場,施錠した,なし
窃盗,車上ねらい,尼崎東,杭瀬,282022,兵庫県,尼崎市,今福２丁目,20240328,7,その他,その他,施錠せず,あり
窃盗,車上ねらい,尼崎東,杭瀬,282022,兵庫県,尼崎市,今福２丁目,20240927,8,４階建て以上共同住宅,駐車（輪）場,施錠せず,あり
窃盗,車上ねらい,尼崎東,杭瀬,282022,兵庫県,尼崎市,梶ケ島,20241129,17,その他,その他,施錠した,あり
窃盗,車上ねらい,尼崎東,杭瀬,282022,兵庫県,尼崎市,杭瀬本町１丁目,20240612,6,道路上,その他,施錠せず,なし
窃盗,車上ねらい,尼崎東,杭瀬,282022,兵庫県,尼崎市,杭瀬本町１丁目,20241117,11,４階建て以上共同住宅,駐車（輪）場,施錠せず,なし
窃盗,車上ねらい,尼崎東,杭瀬,282022,兵庫県,尼崎市,杭瀬本町２丁目,20240526,17,その他,駐車（輪）場,施錠せず,なし
窃盗,車上ねらい,尼崎東,杭瀬,282022,兵庫県,尼崎市,常光寺１丁目,20240327,9,その他,その他,施錠せず,あり
窃盗,車上ねらい,尼崎東,常光寺,282022,兵庫県,尼崎市,常光寺１丁目,20240110,6,道路上,その他,施錠せず,あり
窃盗,車上ねらい,尼崎東,常光寺,282022,兵庫県,尼崎市,常光寺１丁目,20240110,4,道路上,その他,施錠せず,なし
窃盗,車上ねらい,尼崎東,尼崎駅前,282022,兵庫県,尼崎市,長洲西通１丁目,20240223,23,その他,駐車（輪）場,施錠せず,なし
窃盗,車上ねらい,尼崎東,潮江,282022,兵庫県,尼崎市,潮江１丁目,20240213,16,駐車（輪）場,駐車（輪）場,施錠せず,あり
窃盗,車上ねらい,尼崎東,潮江,282022,兵庫県,尼崎市,潮江１丁目,20240412,18,その他,駐車（輪）場,施錠せず,あり
窃盗,車上ねらい,尼崎東,潮江,282022,兵庫県,尼崎市,潮江１丁目,20240523,12,道路上,その他,施錠せず,あり
窃盗,車上ねらい,尼崎東,潮江,282022,兵庫県,尼崎市,潮江１丁目,20240812,14,駐車（輪）場,駐車（輪）場,施錠した,なし
窃盗,車上ねらい,尼崎東,潮江,282022,兵庫県,尼崎市,潮江１丁目,20240829,9,道路上,その他,施錠せず,あり
窃盗,車上ねらい,尼崎東,潮江,282022,兵庫県,尼崎市,潮江１丁目,20241012,21,その他,その他,施錠せず,なし
窃盗,車上ねらい,尼崎東,潮江,282022,兵庫県,尼崎市,潮江１丁目,20241128,18,道路上,その他,施錠せず,あり
窃盗,車上ねらい,尼崎東,潮江,282022,兵庫県,尼崎市,潮江２丁目,20240316,9,道路上,その他,施錠せず,あり
窃盗,車上ねらい,尼崎東,潮江,282022,兵庫県,尼崎市,潮江４丁目,20240926,20,駐車（輪）場,駐車（輪）場,施錠した,なし
窃盗,車上ねらい,尼崎東,潮江,282022,兵庫県,尼崎市,潮江５丁目,20241012,16,その他,その他,施錠せず,あり
窃盗,車上ねらい,尼崎東,潮江,282022,兵庫県,尼崎市,潮江５丁目,20241012,16,その他,その他,施錠した,あり
窃盗,車上ねらい,尼崎東,神崎,282022,兵庫県,尼崎市,高田町,20241113,22,駐車（輪）場,駐車（輪）場,施錠せず,あり
窃盗,車上ねらい,尼崎東,神崎,282022,兵庫県,尼崎市,西川２丁目,20240305,11,道路上,その他,施錠せず,あり
窃盗,車上ねらい,尼崎東,下坂部,282022,兵庫県,尼崎市,久々知西町２丁目,20240714,10,４階建て以上共同住宅,駐車（輪）場,施錠せず,なし
窃盗,車上ねらい,尼崎東,下坂部,282022,兵庫県,尼崎市,下坂部１丁目,20240827,9,４階建て以上共同住宅,駐車（輪）場,施錠せず,あり
窃盗,車上ねらい,尼崎東,下坂部,282022,兵庫県,尼崎市,下坂部４丁目,20240502,0,その他,駐車（輪）場,施錠せず,なし
窃盗,車上ねらい,尼崎東,下坂部,282022,兵庫県,尼崎市,下坂部４丁目,20240613,18,その他の住宅（３階建て以下共同住宅等）,駐車（輪）場,施錠せず,あり
窃盗,車上ねらい,尼崎東,上坂部,282022,兵庫県,尼崎市,瓦宮２丁目,20240915,12,その他の住宅（３階建て以下共同住宅等）,駐車（輪）場,施錠せず,なし
窃盗,車上ねらい,尼崎東,上坂部,282022,兵庫県,尼崎市,若王寺２丁目,20240208,20,その他,駐車（輪）場,施錠した,なし
窃盗,車上ねらい,尼崎東,上坂部,282022,兵庫県,尼崎市,若王寺２丁目,20240621,9,道路上,その他,施錠せず,なし
窃盗,車上ねらい,尼崎東,上坂部,282022,兵庫県,尼崎市,若王寺３丁目,20240119,9,道路上,その他,施錠せず,なし
窃盗,車上ねらい,尼崎東,食満,282022,兵庫県,尼崎市,食満２丁目,20240421,15,一戸建住宅,駐車（輪）場,施錠せず,あり
窃盗,車上ねらい,尼崎東,食満,282022,兵庫県,尼崎市,食満３丁目,20240131,13,駐車（輪）場,駐車（輪）場,施錠せず,あり
窃盗,車上ねらい,尼崎東,園田駅前,282022,兵庫県,尼崎市,東園田町５丁目,20231229,13,道路上,その他,施錠せず,あり
窃盗,車上ねらい,尼崎東,園田駅前,282022,兵庫県,尼崎市,東園田町６丁目,20240119,9,その他,駐車（輪）場,施錠せず,あり
窃盗,車上ねらい,尼崎東,園田,282022,兵庫県,尼崎市,東園田町４丁目,20240327,12,その他,その他,施錠せず,あり
窃盗,車上ねらい,尼崎東,園田,282022,兵庫県,尼崎市,東園田町９丁目,20240919,18,その他の住宅（３階建て以下共同住宅等）,駐車（輪）場,施錠せず,なし
窃盗,車上ねらい,尼崎東,モスリン橋,282022,兵庫県,尼崎市,戸ノ内町１丁目,20241109,19,駐車（輪）場,駐車（輪）場,施錠せず,なし
窃盗,車上ねらい,尼崎東,モスリン橋,282022,兵庫県,尼崎市,戸ノ内町３丁目,20240226,2,駐車（輪）場,駐車（輪）場,施錠せず,なし
窃盗,車上ねらい,尼崎東,モスリン橋,282022,兵庫県,尼崎市,戸ノ内町３丁目,20240401,17,駐車（輪）場,駐車（輪）場,施錠せず,なし
窃盗,車上ねらい,尼崎東,モスリン橋,282022,兵庫県,尼崎市,戸ノ内町３丁目,20240410,18,その他,駐車（輪）場,施錠せず,なし
窃盗,車上ねらい,尼崎東,モスリン橋,282022,兵庫県,尼崎市,東園田町８丁目,20240819,11,道路上,その他,施錠せず,あり
窃盗,車上ねらい,尼崎東,競馬場前,282022,兵庫県,尼崎市,椎堂１丁目,20240722,17,その他の住宅（３階建て以下共同住宅等）,駐車（輪）場,施錠した,なし
窃盗,車上ねらい,尼崎東,競馬場前,282022,兵庫県,尼崎市,東園田町２丁目,20240116,21,駐車（輪）場,駐車（輪）場,施錠した,なし
窃盗,車上ねらい,尼崎北,阪急塚口駅前,282022,兵庫県,尼崎市,南塚口町２丁目,20240330,15,その他,駐車（輪）場,施錠せず,なし
窃盗,車上ねらい,尼崎北,塚口東,282022,兵庫県,尼崎市,塚口本町２丁目,20241102,16,一戸建住宅,駐車（輪）場,施錠せず,なし
窃盗,車上ねらい,尼崎北,塚口東,282022,兵庫県,尼崎市,塚口本町４丁目,20240503,17,その他,駐車（輪）場,施錠せず,なし
窃盗,車上ねらい,尼崎北,塚口東,282022,兵庫県,尼崎市,塚口本町４丁目,20240703,13,その他,駐車（輪）場,施錠せず,なし
窃盗,車上ねらい,尼崎北,塚口東,282022,兵庫県,尼崎市,塚口本町４丁目,20240729,15,その他,駐車（輪）場,施錠せず,なし
窃盗,車上ねらい,尼崎北,塚口東,282022,兵庫県,尼崎市,塚口本町４丁目,20240407,11,その他,駐車（輪）場,施錠せず,なし
窃盗,車上ねらい,尼崎北,塚口西,282022,兵庫県,尼崎市,塚口町１丁目,20241026,10,駐車（輪）場,駐車（輪）場,施錠せず,なし
窃盗,車上ねらい,尼崎北,塚口西,282022,兵庫県,尼崎市,富松町１丁目,20240906,22,一戸建住宅,駐車（輪）場,施錠した,なし
窃盗,車上ねらい,尼崎北,生島,282022,兵庫県,尼崎市,大西町１丁目,20240827,16,駐車（輪）場,駐車（輪）場,施錠した,なし
窃盗,車上ねらい,尼崎北,生島,282022,兵庫県,尼崎市,大西町３丁目,20240419,13,その他,駐車（輪）場,施錠せず,あり
窃盗,車上ねらい,尼崎北,生島,282022,兵庫県,尼崎市,南武庫之荘２丁目,20240906,21,４階建て以上共同住宅,駐車（輪）場,施錠した,なし
窃盗,車上ねらい,尼崎北,生島,282022,兵庫県,尼崎市,南武庫之荘２丁目,20240906,7,４階建て以上共同住宅,駐車（輪）場,施錠した,なし
窃盗,車上ねらい,尼崎北,生島,282022,兵庫県,尼崎市,上ノ島町３丁目,20241130,23,道路上,その他,施錠した,なし
窃盗,車上ねらい,尼崎北,生島,282022,兵庫県,尼崎市,上ノ島町３丁目,20241202,18,その他,駐車（輪）場,施錠せず,なし
窃盗,車上ねらい,尼崎北,生島,282022,兵庫県,尼崎市,栗山町２丁目,20240106,14,その他,駐車（輪）場,施錠せず,なし
窃盗,車上ねらい,尼崎北,生島,282022,兵庫県,尼崎市,栗山町２丁目,20241226,10,４階建て以上共同住宅,駐車（輪）場,施錠せず,なし
窃盗,車上ねらい,尼崎北,塚口北,282022,兵庫県,尼崎市,武庫之荘本町３丁目,20240121,10,道路上,その他,施錠せず,あり
窃盗,車上ねらい,尼崎北,武庫之荘,282022,兵庫県,尼崎市,南武庫之荘６丁目,20240509,4,その他,駐車（輪）場,施錠せず,あり
窃盗,車上ねらい,尼崎北,武庫之荘,282022,兵庫県,尼崎市,武庫之荘１丁目,20240527,13,道路上,その他,施錠せず,あり
窃盗,車上ねらい,尼崎北,武庫之荘,282022,兵庫県,尼崎市,武庫之荘２丁目,20240817,16,駐車（輪）場,駐車（輪）場,施錠した,あり
窃盗,車上ねらい,尼崎北,武庫之荘,282022,兵庫県,尼崎市,武庫之荘４丁目,20240913,8,道路上,その他,施錠せず,あり
窃盗,車上ねらい,尼崎北,武庫之荘,282022,兵庫県,尼崎市,武庫之荘４丁目,20240918,8,道路上,その他,施錠せず,あり
窃盗,車上ねらい,尼崎北,武庫之荘,282022,兵庫県,尼崎市,武庫之荘７丁目,20241106,8,その他,その他,施錠せず,あり
窃盗,車上ねらい,尼崎北,南武庫之荘,282022,兵庫県,尼崎市,水堂町４丁目,20240625,15,その他,その他,施錠せず,なし
窃盗,車上ねらい,尼崎北,南武庫之荘,282022,兵庫県,尼崎市,水堂町４丁目,20240817,17,４階建て以上共同住宅,駐車（輪）場,施錠した,なし
窃盗,車上ねらい,尼崎北,南武庫之荘,282022,兵庫県,尼崎市,水堂町４丁目,20241006,17,その他,駐車（輪）場,施錠せず,なし
窃盗,車上ねらい,尼崎北,南武庫之荘,282022,兵庫県,尼崎市,南武庫之荘６丁目,20240816,22,４階建て以上共同住宅,駐車（輪）場,施錠した,なし
窃盗,車上ねらい,尼崎北,南武庫之荘,282022,兵庫県,尼崎市,南武庫之荘８丁目,20240530,12,道路上,その他,施錠せず,あり
窃盗,車上ねらい,尼崎北,南武庫之荘,282022,兵庫県,尼崎市,南武庫之荘９丁目,20240918,8,その他,その他,施錠せず,あり
窃盗,車上ねらい,尼崎北,南武庫之荘,282022,兵庫県,尼崎市,南武庫之荘９丁目,20241115,14,道路上,その他,施錠せず,あり
窃盗,車上ねらい,尼崎北,南武庫之荘,282022,兵庫県,尼崎市,南武庫之荘１０丁目,20241112,13,その他,その他,施錠せず,あり
窃盗,車上ねらい,尼崎北,西昆陽,282022,兵庫県,尼崎市,西昆陽２丁目,20240327,18,一戸建住宅,駐車（輪）場,施錠せず,あり
窃盗,車上ねらい,尼崎北,西昆陽,282022,兵庫県,尼崎市,武庫之荘９丁目,20241109,20,４階建て以上共同住宅,駐車（輪）場,施錠した,なし
窃盗,車上ねらい,尼崎北,西武庫,282022,兵庫県,尼崎市,常松１丁目,20240424,22,一戸建住宅,駐車（輪）場,施錠した,あり
窃盗,車上ねらい,尼崎北,西武庫,282022,兵庫県,尼崎市,常吉２丁目,20240422,17,その他の住宅（３階建て以下共同住宅等）,駐車（輪）場,施錠せず,あり
窃盗,車上ねらい,尼崎北,西武庫,282022,兵庫県,尼崎市,武庫町１丁目,20240208,18,その他,駐車（輪）場,施錠せず,あり
窃盗,車上ねらい,尼崎北,西武庫,282022,兵庫県,尼崎市,武庫町１丁目,20240516,17,その他,駐車（輪）場,施錠した,なし
窃盗,車上ねらい,尼崎北,西武庫,282022,兵庫県,尼崎市,武庫町１丁目,20240902,18,駐車（輪）場,駐車（輪）場,施錠した,あり
窃盗,車上ねらい,尼崎北,尾浜,282022,兵庫県,尼崎市,尾浜町１丁目,20240126,0,その他,その他,施錠せず,なし
窃盗,車上ねらい,尼崎北,尾浜,282022,兵庫県,尼崎市,名神町２丁目,20241203,16,その他,駐車（輪）場,施錠せず,なし
窃盗,車上ねらい,尼崎北,立花駅前,282022,兵庫県,尼崎市,三反田町２丁目,20231129,4,道路上,その他,施錠せず,なし
窃盗,車上ねらい,尼崎北,立花駅前,282022,兵庫県,尼崎市,三反田町２丁目,20240818,22,駐車（輪）場,駐車（輪）場,施錠した,なし
窃盗,車上ねらい,尼崎北,立花駅前,282022,兵庫県,尼崎市,立花町１丁目,20240524,14,道路上,その他,施錠せず,なし
窃盗,車上ねらい,尼崎北,立花駅前,282022,兵庫県,尼崎市,立花町１丁目,20240817,15,道路上,その他,施錠せず,あり
窃盗,車上ねらい,尼崎北,立花駅前,282022,兵庫県,尼崎市,立花町２丁目,20240412,9,道路上,その他,施錠せず,あり
窃盗,車上ねらい,尼崎北,立花駅前,282022,兵庫県,尼崎市,水堂町１丁目,20240816,9,道路上,その他,施錠せず,あり
窃盗,車上ねらい,尼崎北,立花駅前,282022,兵庫県,尼崎市,水堂町２丁目,20240522,8,その他,駐車（輪）場,施錠せず,あり
窃盗,車上ねらい,尼崎北,立花駅前,282022,兵庫県,尼崎市,水堂町２丁目,20240614,11,道路上,その他,施錠せず,なし
窃盗,車上ねらい,尼崎北,立花駅前,282022,兵庫県,尼崎市,水堂町２丁目,20240817,22,駐車（輪）場,駐車（輪）場,施錠した,なし
窃盗,車上ねらい,尼崎北,立花駅前,282022,兵庫県,尼崎市,南武庫之荘２丁目,20240720,21,駐車（輪）場,駐車（輪）場,施錠した,あり
窃盗,車上ねらい,尼崎北,立花駅前,282022,兵庫県,尼崎市,南武庫之荘３丁目,20240906,16,４階建て以上共同住宅,駐車（輪）場,施錠した,なし
窃盗,車上ねらい,尼崎北,立花駅前,282022,兵庫県,尼崎市,南武庫之荘３丁目,20240415,17,その他,駐車（輪）場,施錠せず,あり
窃盗,車上ねらい,伊丹,,,,,,20241108,9,その他,駐車（輪）場,施錠せず,あり
窃盗,車上ねらい,伊丹,阪急駅前,282073,兵庫県,伊丹市,中央１丁目,20240330,15,駐車（輪）場,駐車（輪）場,施錠せず,なし
窃盗,車上ねらい,伊丹,阪急駅前,282073,兵庫県,伊丹市,中央１丁目,20240529,16,その他,駐車（輪）場,施錠せず,なし
窃盗,車上ねらい,伊丹,阪急駅前,282073,兵庫県,伊丹市,中央１丁目,20240805,18,駐車（輪）場,駐車（輪）場,施錠した,あり
窃盗,車上ねらい,伊丹,阪急駅前,282073,兵庫県,伊丹市,中央１丁目,20241012,3,道路上,その他,施錠せず,あり
窃盗,車上ねらい,伊丹,阪急駅前,282073,兵庫県,伊丹市,中央３丁目,20240722,9,その他,駐車（輪）場,施錠せず,なし
窃盗,車上ねらい,伊丹,阪急駅前,282073,兵庫県,伊丹市,中央４丁目,20240513,19,道路上,その他,施錠せず,なし
窃盗,車上ねらい,伊丹,阪急駅前,282073,兵庫県,伊丹市,西台１丁目,20241026,12,駐車（輪）場,駐車（輪）場,施錠せず,なし
窃盗,車上ねらい,伊丹,阪急駅前,282073,兵庫県,伊丹市,西台３丁目,20240707,4,道路上,その他,施錠せず,なし
窃盗,車上ねらい,伊丹,阪急駅前,282073,兵庫県,伊丹市,宮ノ前３丁目,20240719,20,駐車（輪）場,駐車（輪）場,施錠した,なし
窃盗,車上ねらい,伊丹,南本町,282073,兵庫県,伊丹市,伊丹６丁目,20240924,8,道路上,その他,施錠せず,あり
窃盗,車上ねらい,伊丹,南本町,282073,兵庫県,伊丹市,南町３丁目,20241117,16,４階建て以上共同住宅,駐車（輪）場,施錠せず,なし
窃盗,車上ねらい,伊丹,南本町,282073,兵庫県,伊丹市,南町４丁目,20240518,11,駐車（輪）場,駐車（輪）場,施錠した,なし
窃盗,車上ねらい,伊丹,新伊丹,282073,兵庫県,伊丹市,梅ノ木２丁目,20240818,20,その他の住宅（３階建て以下共同住宅等）,駐車（輪）場,施錠した,なし
窃盗,車上ねらい,伊丹,稲野,282073,兵庫県,伊丹市,安堂寺町１丁目,20240818,21,４階建て以上共同住宅,駐車（輪）場,施錠した,なし
窃盗,車上ねらい,伊丹,稲野,282073,兵庫県,伊丹市,稲野町１丁目,20240723,1,駐車（輪）場,駐車（輪）場,施錠した,なし
窃盗,車上ねらい,伊丹,野間,282073,兵庫県,伊丹市,野間１丁目,20240531,19,その他,駐車（輪）場,施錠した,なし
窃盗,車上ねらい,伊丹,野間,282073,兵庫県,伊丹市,野間５丁目,20240214,18,一戸建住宅,その他,施錠せず,なし
窃盗,車上ねらい,伊丹,野間,282073,兵庫県,伊丹市,野間８丁目,20240818,9,４階建て以上共同住宅,駐車（輪）場,施錠した,なし
窃盗,車上ねらい,伊丹,野間,282073,兵庫県,伊丹市,堀池３丁目,20240404,17,その他,その他,施錠せず,あり
窃盗,車上ねらい,伊丹,野間,282073,兵庫県,伊丹市,南野北３丁目,20241009,10,道路上,その他,施錠せず,あり
窃盗,車上ねらい,伊丹,伊丹駅前,282073,兵庫県,伊丹市,伊丹１丁目,20240819,6,４階建て以上共同住宅,駐車（輪）場,施錠した,なし
窃盗,車上ねらい,伊丹,伊丹駅前,282073,兵庫県,伊丹市,伊丹１丁目,20241021,11,その他,駐車（輪）場,施錠せず,なし
窃盗,車上ねらい,伊丹,伊丹駅前,282073,兵庫県,伊丹市,伊丹３丁目,20240817,14,４階建て以上共同住宅,駐車（輪）場,施錠した,なし
窃盗,車上ねらい,伊丹,伊丹駅前,282073,兵庫県,伊丹市,北本町１丁目,20240307,17,その他,その他,施錠せず,あり
窃盗,車上ねらい,伊丹,伊丹駅前,282073,兵庫県,伊丹市,藤ノ木１丁目,20240904,18,その他,駐車（輪）場,施錠せず,なし
窃盗,車上ねらい,伊丹,神津,282073,兵庫県,伊丹市,森本２丁目,20240301,4,駐車（輪）場,駐車（輪）場,施錠した,なし
窃盗,車上ねらい,伊丹,北村,282073,兵庫県,伊丹市,北本町２丁目,20240119,17,道路上,その他,施錠せず,あり
窃盗,車上ねらい,伊丹,緑ヶ丘,282073,兵庫県,伊丹市,大鹿２丁目,20240725,12,駐車（輪）場,駐車（輪）場,施錠した,なし
窃盗,車上ねらい,伊丹,緑ヶ丘,282073,兵庫県,伊丹市,春日丘１丁目,20240727,11,道路上,その他,施錠せず,あり
窃盗,車上ねらい,伊丹,緑ヶ丘,282073,兵庫県,伊丹市,春日丘２丁目,20240725,20,一戸建住宅,駐車（輪）場,施錠した,なし
窃盗,車上ねらい,伊丹,緑ヶ丘,282073,兵庫県,伊丹市,瑞穂町２丁目,20240721,20,駐車（輪）場,駐車（輪）場,施錠した,あり
窃盗,車上ねらい,伊丹,緑ヶ丘,282073,兵庫県,伊丹市,緑ケ丘２丁目,20240523,23,一戸建住宅,駐車（輪）場,施錠せず,あり
窃盗,車上ねらい,伊丹,昆陽,282073,兵庫県,伊丹市,昆陽池３丁目,20241121,15,その他,その他,施錠せず,あり
窃盗,車上ねらい,伊丹,昆陽,282073,兵庫県,伊丹市,千僧２丁目,20240119,16,道路上,その他,施錠せず,あり
窃盗,車上ねらい,伊丹,昆陽,282073,兵庫県,伊丹市,昆陽東３丁目,20240720,17,駐車（輪）場,駐車（輪）場,施錠した,あり
窃盗,車上ねらい,伊丹,昆陽,282073,兵庫県,伊丹市,昆陽南１丁目,20240422,18,４階建て以上共同住宅,駐車（輪）場,施錠せず,なし
窃盗,車上ねらい,伊丹,昆陽,282073,兵庫県,伊丹市,昆陽南２丁目,20240818,20,４階建て以上共同住宅,駐車（輪）場,施錠した,あり
窃盗,車上ねらい,伊丹,昆陽ノ里,282073,兵庫県,伊丹市,池尻４丁目,20240404,16,その他,駐車（輪）場,施錠せず,なし
窃盗,車上ねらい,伊丹,昆陽ノ里,282073,兵庫県,伊丹市,池尻４丁目,20240510,11,その他,駐車（輪）場,施錠せず,なし
窃盗,車上ねらい,伊丹,昆陽ノ里,282073,兵庫県,伊丹市,池尻４丁目,20240630,13,その他,駐車（輪）場,施錠せず,あり
窃盗,車上ねらい,伊丹,昆陽ノ里,282073,兵庫県,伊丹市,寺本５丁目,20240601,10,駐車（輪）場,駐車（輪）場,施錠した,なし
窃盗,車上ねらい,伊丹,中野,282073,兵庫県,伊丹市,西野２丁目,20240130,10,道路上,その他,施錠せず,あり
窃盗,車上ねらい,伊丹,荒牧,282073,兵庫県,伊丹市,荻野３丁目,20240105,15,その他,その他,施錠せず,あり
窃盗,車上ねらい,伊丹,荒牧,282073,兵庫県,伊丹市,荻野６丁目,20240601,15,その他,駐車（輪）場,施錠した,なし
窃盗,車上ねらい,伊丹,荒牧,282073,兵庫県,伊丹市,北野６丁目,20240604,17,道路上,その他,施錠した,なし
窃盗,車上ねらい,川西,中央,282171,兵庫県,川西市,小花１丁目,20240201,9,その他,駐車（輪）場,施錠せず,なし
窃盗,車上ねらい,川西,中央,282171,兵庫県,川西市,小花１丁目,20240726,10,駐車（輪）場,駐車（輪）場,施錠せず,なし
窃盗,車上ねらい,川西,中央,282171,兵庫県,川西市,小花１丁目,20240902,7,その他,駐車（輪）場,施錠した,なし
窃盗,車上ねらい,川西,中央,282171,兵庫県,川西市,栄町,20231226,15,その他,駐車（輪）場,施錠せず,なし
窃盗,車上ねらい,川西,中央,282171,兵庫県,川西市,栄町,20240102,14,その他,駐車（輪）場,施錠せず,なし
窃盗,車上ねらい,川西,中央,282171,兵庫県,川西市,栄町,20240104,20,道路上,その他,施錠せず,なし
窃盗,車上ねらい,川西,中央,282171,兵庫県,川西市,栄町,20240817,20,駐車（輪）場,駐車（輪）場,施錠せず,なし
窃盗,車上ねらい,川西,中央,282171,兵庫県,川西市,栄町,20240829,2,その他の住宅（３階建て以下共同住宅等）,駐車（輪）場,施錠せず,なし
窃盗,車上ねらい,川西,中央,282171,兵庫県,川西市,栄町,20240904,9,駐車（輪）場,駐車（輪）場,施錠せず,なし
窃盗,車上ねらい,川西,小花,282171,兵庫県,川西市,小花１丁目,20240923,11,駐車（輪）場,駐車（輪）場,施錠せず,あり
窃盗,車上ねらい,川西,久代,282171,兵庫県,川西市,久代５丁目,20240826,14,その他,駐車（輪）場,施錠せず,なし
窃盗,車上ねらい,川西,久代,282171,兵庫県,川西市,久代５丁目,20241021,21,その他,駐車（輪）場,施錠した,なし
窃盗,車上ねらい,川西,日の出,282171,兵庫県,川西市,火打１丁目,20240119,19,その他,駐車（輪）場,施錠せず,なし
窃盗,車上ねらい,川西,日の出,282171,兵庫県,川西市,火打１丁目,20240222,14,その他,駐車（輪）場,施錠せず,なし
窃盗,車上ねらい,川西,日の出,282171,兵庫県,川西市,火打１丁目,20240622,6,道路上,その他,施錠せず,あり
窃盗,車上ねらい,川西,多田東,282171,兵庫県,川西市,多田桜木２丁目,20240801,17,その他,駐車（輪）場,施錠せず,なし
窃盗,車上ねらい,川西,多田東,282171,兵庫県,川西市,鼓が滝３丁目,20241213,23,一戸建住宅,駐車（輪）場,施錠せず,あり
窃盗,車上ねらい,川西,山下,282171,兵庫県,川西市,見野３丁目,20241207,19,一戸建住宅,駐車（輪）場,施錠せず,なし
窃盗,車上ねらい,川西,猪名川パークタウン,283011,兵庫県,猪名川町,白金２丁目,20240126,18,その他,駐車（輪）場,施錠せず,なし
窃盗,車上ねらい,川西,猪名川パークタウン,283011,兵庫県,猪名川町,白金２丁目,20240508,19,その他,駐車（輪）場,施錠せず,なし
窃盗,車上ねらい,川西,加茂,282171,兵庫県,川西市,栄根２丁目,20240204,14,その他,駐車（輪）場,施錠せず,なし
窃盗,車上ねらい,川西,加茂,282171,兵庫県,川西市,栄根２丁目,20240712,0,駐車（輪）場,駐車（輪）場,施錠せず,なし
窃盗,車上ねらい,川西,加茂,282171,兵庫県,川西市,栄根２丁目,20240802,5,その他,駐車（輪）場,施錠せず,なし
窃盗,車上ねらい,川西,加茂,282171,兵庫県,川西市,栄根２丁目,20240825,10,その他,駐車（輪）場,施錠せず,なし
窃盗,車上ねらい,川西,加茂,282171,兵庫県,川西市,栄根２丁目,20240901,8,駐車（輪）場,駐車（輪）場,施錠せず,なし
窃盗,車上ねらい,川西,加茂,282171,兵庫県,川西市,南花屋敷１丁目,20240608,10,その他,駐車（輪）場,施錠せず,あり
窃盗,車上ねらい,川西,清和台,282171,兵庫県,川西市,清和台東１丁目,20241112,20,一戸建住宅,駐車（輪）場,施錠せず,あり
窃盗,車上ねらい,宝塚,宝塚駅前,282146,兵庫県,宝塚市,旭町２丁目,20240113,9,その他,その他,施錠せず,あり
窃盗,車上ねらい,宝塚,宝塚駅前,282146,兵庫県,宝塚市,川面４丁目,20240925,16,道路上,その他,施錠せず,なし
窃盗,車上ねらい,宝塚,逆瀬川,282146,兵庫県,宝塚市,伊孑志４丁目,20240608,20,その他,駐車（輪）場,施錠せず,なし
窃盗,車上ねらい,宝塚,逆瀬川,282146,兵庫県,宝塚市,逆瀬川１丁目,20240808,19,４階建て以上共同住宅,駐車（輪）場,施錠せず,なし
窃盗,車上ねらい,宝塚,逆瀬川,282146,兵庫県,宝塚市,末広町,20241027,13,その他,その他,施錠せず,あり
窃盗,車上ねらい,宝塚,逆瀬川,282146,兵庫県,宝塚市,東洋町,20240712,21,その他,駐車（輪）場,施錠せず,なし
窃盗,車上ねらい,宝塚,小浜,282146,兵庫県,宝塚市,中筋８丁目,20240603,11,その他の住宅（３階建て以下共同住宅等）,駐車（輪）場,施錠した,なし
窃盗,車上ねらい,宝塚,小浜,282146,兵庫県,宝塚市,売布東の町,20240527,20,その他,駐車（輪）場,施錠せず,なし
窃盗,車上ねらい,宝塚,安倉,282146,兵庫県,宝塚市,安倉南４丁目,20240131,21,一戸建住宅,駐車（輪）場,施錠せず,あり
窃盗,車上ねらい,宝塚,安倉,282146,兵庫県,宝塚市,小浜２丁目,20240814,13,その他,駐車（輪）場,施錠せず,なし
窃盗,車上ねらい,宝塚,小林,282146,兵庫県,宝塚市,小林１丁目,20240719,23,その他の住宅（３階建て以下共同住宅等）,駐車（輪）場,施錠した,あり
窃盗,車上ねらい,宝塚,小林,282146,兵庫県,宝塚市,小林３丁目,20240804,1,その他,駐車（輪）場,施錠した,あり
窃盗,車上ねらい,宝塚,小林,282146,兵庫県,宝塚市,小林５丁目,20240630,16,その他,駐車（輪）場,施錠せず,なし
窃盗,車上ねらい,宝塚,仁川,282146,兵庫県,宝塚市,中野町,20240413,14,道路上,その他,施錠せず,なし
窃盗,車上ねらい,宝塚,仁川,282146,兵庫県,宝塚市,仁川北２丁目,20240404,13,その他の住宅（３階建て以下共同住宅等）,駐車（輪）場,施錠した,あり
窃盗,車上ねらい,宝塚,仁川,282146,兵庫県,宝塚市,仁川北２丁目,20241117,17,その他,駐車（輪）場,施錠した,なし
窃盗,車上ねらい,宝塚,中山台,282146,兵庫県,宝塚市,中山五月台６丁目,20241016,9,駐車（輪）場,駐車（輪）場,施錠せず,あり
窃盗,車上ねらい,三田,三田南,282197,兵庫県,三田市,天神３丁目,20240515,21,その他の住宅（３階建て以下共同住宅等）,駐車（輪）場,施錠した,なし
窃盗,車上ねらい,三田,三田南,282197,兵庫県,三田市,西山１丁目,20240515,16,その他の住宅（３階建て以下共同住宅等）,駐車（輪）場,施錠した,あり
窃盗,車上ねらい,三田,三田南,282197,兵庫県,三田市,八景町,20240515,22,その他の住宅（３階建て以下共同住宅等）,駐車（輪）場,施錠した,なし
窃盗,車上ねらい,三田,三田南,282197,兵庫県,三田市,三田町,20241022,13,道路上,その他,施錠せず,なし
窃盗,車上ねらい,三田,三田駅前,282197,兵庫県,三田市,大原,20240317,16,一戸建住宅,駐車（輪）場,施錠せず,あり
窃盗,車上ねらい,三田,三田駅前,282197,兵庫県,三田市,大原,20240320,9,その他,駐車（輪）場,施錠した,なし
窃盗,車上ねらい,三田,三田駅前,282197,兵庫県,三田市,中町,20240108,18,その他の住宅（３階建て以下共同住宅等）,駐車（輪）場,施錠せず,あり
窃盗,車上ねらい,三田,あいの里,282197,兵庫県,三田市,大川瀬,20240607,18,その他,駐車（輪）場,施錠せず,なし
窃盗,車上ねらい,三田,あいの里,282197,兵庫県,三田市,大川瀬,20240101,不明,その他,駐車（輪）場,施錠せず,なし
窃盗,車上ねらい,三田,あいの里,282197,兵庫県,三田市,大川瀬,20240401,不明,その他,駐車（輪）場,施錠せず,なし
窃盗,車上ねらい,三田,フラワータウン,282197,兵庫県,三田市,富士が丘３丁目,20240810,23,４階建て以上共同住宅,駐車（輪）場,施錠せず,なし
窃盗,車上ねらい,三田,フラワータウン,282197,兵庫県,三田市,弥生が丘１丁目,20241221,19,その他,駐車（輪）場,施錠せず,なし
窃盗,車上ねらい,三田,南ウッディタウン,282197,兵庫県,三田市,沢谷,20240913,7,その他,駐車（輪）場,施錠した,なし
窃盗,車上ねらい,三田,南ウッディタウン,282197,兵庫県,三田市,福島,20240504,12,道路上,その他,施錠せず,あり
窃盗,車上ねらい,三田,ウッディタウン中央,282197,兵庫県,三田市,学園８丁目,20240607,22,一戸建住宅,駐車（輪）場,施錠した,あり
窃盗,車上ねらい,三田,広野,282197,兵庫県,三田市,下井沢,20240814,4,道路上,その他,施錠した,あり
窃盗,車上ねらい,篠山,篠山,282219,兵庫県,丹波篠山市,池上,20241130,22,その他の住宅（３階建て以下共同住宅等）,駐車（輪）場,施錠せず,なし
窃盗,車上ねらい,篠山,篠山,282219,兵庫県,丹波篠山市,河原町,20240428,6,その他,駐車（輪）場,施錠せず,なし
窃盗,車上ねらい,篠山,篠山,282219,兵庫県,丹波篠山市,西岡屋,20241222,1,その他,駐車（輪）場,施錠せず,あり
窃盗,車上ねらい,篠山,村雲,282219,兵庫県,丹波篠山市,小立,20240116,18,一戸建住宅,駐車（輪）場,施錠せず,あり
窃盗,車上ねらい,丹波,柏原駅前,282235,兵庫県,丹波市,柏原町　鴨野,20240707,10,その他,駐車（輪）場,施錠せず,あり
窃盗,車上ねらい,丹波,和田,282235,兵庫県,丹波市,山南町　北和田,20241112,16,駐車（輪）場,駐車（輪）場,施錠せず,あり
窃盗,車上ねらい,丹波,石生,282235,兵庫県,丹波市,氷上町　横田,20240401,20,その他の住宅（３階建て以下共同住宅等）,駐車（輪）場,施錠せず,なし
窃盗,車上ねらい,丹波,氷上,282235,兵庫県,丹波市,氷上町　黒田,20240511,21,その他の住宅（３階建て以下共同住宅等）,駐車（輪）場,施錠した,あり
窃盗,車上ねらい,丹波,黒井,282235,兵庫県,丹波市,春日町　黒井,20240520,0,駐車（輪）場,駐車（輪）場,施錠せず,あり
窃盗,車上ねらい,丹波,黒井,282235,兵庫県,丹波市,春日町　野村,20241117,17,その他の住宅（３階建て以下共同住宅等）,駐車（輪）場,施錠した,あり
窃盗,車上ねらい,丹波,市島,282235,兵庫県,丹波市,市島町　上田,20240322,17,その他,その他,施錠せず,あり
窃盗,車上ねらい,明石,明石駅前,282031,兵庫県,明石市,大明石町１丁目,20241104,8,その他,駐車（輪）場,施錠せず,あり
窃盗,車上ねらい,明石,本町,282031,兵庫県,明石市,大観町,20240614,9,道路上,その他,施錠せず,あり
窃盗,車上ねらい,明石,本町,282031,兵庫県,明石市,本町２丁目,20240506,7,駐車（輪）場,駐車（輪）場,施錠せず,なし
窃盗,車上ねらい,明石,大蔵,282031,兵庫県,明石市,東人丸町,20240319,19,道路上,その他,施錠せず,なし
窃盗,車上ねらい,明石,大蔵,282031,兵庫県,明石市,大蔵海岸通１丁目,20241004,7,その他,駐車（輪）場,施錠せず,なし
窃盗,車上ねらい,明石,大蔵,282031,兵庫県,明石市,大蔵海岸通２丁目,20240216,10,その他,駐車（輪）場,施錠せず,あり
窃盗,車上ねらい,明石,西新町,282031,兵庫県,明石市,硯町３丁目,20240720,19,駐車（輪）場,駐車（輪）場,施錠せず,なし
窃盗,車上ねらい,明石,西新町,282031,兵庫県,明石市,田町１丁目,20241003,6,その他,駐車（輪）場,施錠せず,なし
窃盗,車上ねらい,明石,西新町,282031,兵庫県,明石市,西新町２丁目,20240526,17,その他,駐車（輪）場,施錠せず,あり
窃盗,車上ねらい,明石,西新町,282031,兵庫県,明石市,西新町２丁目,20240714,13,駐車（輪）場,駐車（輪）場,施錠した,あり
窃盗,車上ねらい,明石,小久保,282031,兵庫県,明石市,小久保２丁目,20240717,8,その他,その他,施錠せず,なし
窃盗,車上ねらい,明石,小久保,282031,兵庫県,明石市,野々上３丁目,20240131,22,その他,駐車（輪）場,施錠せず,なし
窃盗,車上ねらい,明石,小久保,282031,兵庫県,明石市,野々上３丁目,20240511,2,一戸建住宅,駐車（輪）場,施錠した,あり
窃盗,車上ねらい,明石,小久保,282031,兵庫県,明石市,野々上３丁目,20240818,18,駐車（輪）場,駐車（輪）場,施錠した,なし
窃盗,車上ねらい,明石,大久保,282031,兵庫県,明石市,大久保町　江井島,20240317,10,その他,駐車（輪）場,施錠せず,なし
窃盗,車上ねらい,明石,大久保,282031,兵庫県,明石市,大久保町　大窪,20240204,20,その他,駐車（輪）場,施錠せず,あり
窃盗,車上ねらい,明石,大久保,282031,兵庫県,明石市,大久保町　大窪,20240904,10,その他,駐車（輪）場,施錠せず,なし
窃盗,車上ねらい,明石,大久保,282031,兵庫県,明石市,大久保町　松陰,20240415,12,一戸建住宅,駐車（輪）場,施錠せず,なし
窃盗,車上ねらい,明石,大久保,282031,兵庫県,明石市,大久保町　駅前１丁目,20240701,18,その他,駐車（輪）場,施錠せず,なし
窃盗,車上ねらい,明石,大久保南,282031,兵庫県,明石市,魚住町　金ケ崎,20240825,19,その他,駐車（輪）場,施錠せず,あり
窃盗,車上ねらい,明石,大久保南,282031,兵庫県,明石市,大久保町　西島,20240330,22,駐車（輪）場,駐車（輪）場,施錠せず,あり
窃盗,車上ねらい,明石,大久保南,282031,兵庫県,明石市,大久保町　西島,20240713,17,その他,その他,施錠せず,なし
窃盗,車上ねらい,明石,大久保南,282031,兵庫県,明石市,松が丘２丁目,20240212,3,その他,駐車（輪）場,施錠せず,なし
窃盗,車上ねらい,明石,大久保南,282031,兵庫県,明石市,大久保町　ゆりのき通１丁目,20240103,13,駐車（輪）場,駐車（輪）場,施錠せず,あり
窃盗,車上ねらい,明石,大久保南,282031,兵庫県,明石市,大久保町　ゆりのき通１丁目,20240506,5,その他,駐車（輪）場,施錠せず,なし
窃盗,車上ねらい,明石,大久保南,282031,兵庫県,明石市,大久保町　ゆりのき通３丁目,20240724,8,その他,駐車（輪）場,施錠せず,なし
窃盗,車上ねらい,明石,高丘,282031,兵庫県,明石市,大久保町　高丘５丁目,20241101,14,駐車（輪）場,駐車（輪）場,施錠した,なし
窃盗,車上ねらい,明石,八木,282031,兵庫県,明石市,大久保町　八木,20240302,15,道路上,その他,施錠せず,なし
窃盗,車上ねらい,明石,魚住,282031,兵庫県,明石市,魚住町　住吉１丁目,20241113,20,その他,駐車（輪）場,施錠せず,なし
窃盗,車上ねらい,明石,東二見,282031,兵庫県,明石市,二見町　西二見,20240404,13,その他,駐車（輪）場,施錠せず,あり
窃盗,車上ねらい,明石,西二見,282031,兵庫県,明石市,魚住町　清水,20240327,17,その他,駐車（輪）場,施錠せず,あり
窃盗,車上ねらい,明石,西二見,282031,兵庫県,明石市,魚住町　清水,20240610,21,その他,駐車（輪）場,施錠せず,なし
窃盗,車上ねらい,明石,西明石,282031,兵庫県,明石市,西明石南町３丁目,20240323,19,その他,駐車（輪）場,施錠せず,なし
窃盗,車上ねらい,明石,西明石,282031,兵庫県,明石市,別所町,20240121,12,駐車（輪）場,駐車（輪）場,施錠せず,あり
窃盗,車上ねらい,明石,朝霧町,282031,兵庫県,明石市,東山町,20240213,17,一戸建住宅,駐車（輪）場,施錠した,なし
窃盗,車上ねらい,明石,明舞,282031,兵庫県,明石市,大蔵谷字奥,20240213,21,４階建て以上共同住宅,駐車（輪）場,施錠せず,なし
窃盗,車上ねらい,明石,明舞,282031,兵庫県,明石市,朝霧南町１丁目,20241109,11,その他,駐車（輪）場,施錠せず,あり
窃盗,車上ねらい,三木,大塚,282154,兵庫県,三木市,大塚１丁目,20240204,17,その他の住宅（３階建て以下共同住宅等）,駐車（輪）場,施錠した,なし
窃盗,車上ねらい,三木,大塚,282154,兵庫県,三木市,大塚２丁目,20240508,17,その他,駐車（輪）場,施錠せず,なし
窃盗,車上ねらい,三木,大塚,282154,兵庫県,三木市,大塚２丁目,20240802,11,その他,その他,施錠せず,なし
窃盗,車上ねらい,三木,大塚,282154,兵庫県,三木市,大塚２丁目,20241217,6,その他,駐車（輪）場,施錠せず,なし
窃盗,車上ねらい,三木,大塚,282154,兵庫県,三木市,宿原,20240204,23,４階建て以上共同住宅,駐車（輪）場,施錠した,なし
窃盗,車上ねらい,三木,本町,282154,兵庫県,三木市,大村,20240308,18,その他,駐車（輪）場,施錠せず,なし
窃盗,車上ねらい,三木,本町,282154,兵庫県,三木市,大村,20240422,9,その他,駐車（輪）場,施錠せず,なし
窃盗,車上ねらい,三木,本町,282154,兵庫県,三木市,大村,20241213,13,その他,駐車（輪）場,施錠せず,なし
窃盗,車上ねらい,三木,本町,282154,兵庫県,三木市,末広１丁目,20240103,7,その他,駐車（輪）場,施錠した,なし
窃盗,車上ねらい,三木,本町,282154,兵庫県,三木市,末広３丁目,20240511,13,その他の住宅（３階建て以下共同住宅等）,駐車（輪）場,施錠した,なし
窃盗,車上ねらい,三木,本町,282154,兵庫県,三木市,平田２丁目,20240127,12,その他,駐車（輪）場,施錠せず,なし
窃盗,車上ねらい,三木,本町,282154,兵庫県,三木市,平田２丁目,20240302,11,その他,駐車（輪）場,施錠せず,なし
窃盗,車上ねらい,三木,本町,282154,兵庫県,三木市,福井１丁目,20240514,16,その他,その他,施錠せず,なし
窃盗,車上ねらい,三木,自由が丘,282154,兵庫県,三木市,志染町　広野１丁目,20240823,10,その他,駐車（輪）場,施錠した,なし
窃盗,車上ねらい,三木,自由が丘,282154,兵庫県,三木市,別所町　小林,20240116,11,その他,駐車（輪）場,施錠せず,あり
窃盗,車上ねらい,三木,緑が丘,282154,兵庫県,三木市,緑が丘町中１丁目,20240908,11,その他,駐車（輪）場,施錠せず,なし
窃盗,車上ねらい,三木,緑が丘,282154,兵庫県,三木市,緑が丘町本町１丁目,20240729,6,その他,駐車（輪）場,施錠せず,なし
窃盗,車上ねらい,三木,緑が丘,282154,兵庫県,三木市,志染町　青山３丁目,20240823,15,その他,駐車（輪）場,施錠せず,なし
窃盗,車上ねらい,三木,緑が丘,282154,兵庫県,三木市,志染町　青山６丁目,20240827,15,その他,駐車（輪）場,施錠せず,なし
窃盗,車上ねらい,三木,緑が丘,282154,兵庫県,三木市,緑が丘町本町１丁目,20240511,18,一戸建住宅,駐車（輪）場,施錠した,あり
窃盗,車上ねらい,三木,吉川,282154,兵庫県,三木市,吉川町　米田,20240406,7,一戸建住宅,駐車（輪）場,施錠せず,あり
窃盗,車上ねらい,三木,細川,282154,兵庫県,三木市,細川町　細川中,20240303,16,その他,駐車（輪）場,施錠せず,なし
窃盗,車上ねらい,三木,前田,282154,兵庫県,三木市,吉川町　実楽,20240314,8,その他,駐車（輪）場,施錠せず,なし
窃盗,車上ねらい,加東,社,282286,兵庫県,加東市,社,20241128,20,駐車（輪）場,駐車（輪）場,施錠せず,なし
窃盗,車上ねらい,加東,滝野,282286,兵庫県,加東市,上滝野,20240310,18,駐車（輪）場,駐車（輪）場,施錠した,あり
窃盗,車上ねらい,加東,滝野,282286,兵庫県,加東市,上滝野,20240310,15,駐車（輪）場,駐車（輪）場,施錠した,あり
窃盗,車上ねらい,加東,滝野,282286,兵庫県,加東市,上滝野,20240310,21,駐車（輪）場,駐車（輪）場,施錠した,あり
窃盗,車上ねらい,加東,滝野,282286,兵庫県,加東市,上滝野,20240501,19,駐車（輪）場,駐車（輪）場,施錠した,なし
窃盗,車上ねらい,加東,滝野,282286,兵庫県,加東市,上滝野,20240803,8,その他,駐車（輪）場,施錠せず,なし
窃盗,車上ねらい,加東,滝野,282286,兵庫県,加東市,上滝野,20240918,16,その他,駐車（輪）場,施錠せず,なし
窃盗,車上ねらい,加東,滝野,282286,兵庫県,加東市,北野,20240402,17,その他の住宅（３階建て以下共同住宅等）,その他,施錠せず,あり
窃盗,車上ねらい,加東,滝野,282286,兵庫県,加東市,北野,20240501,20,駐車（輪）場,駐車（輪）場,施錠した,あり
窃盗,車上ねらい,加東,滝野,282286,兵庫県,加東市,北野,20240812,21,駐車（輪）場,駐車（輪）場,施錠せず,あり
窃盗,車上ねらい,加東,滝野,282286,兵庫県,加東市,新町,20240911,13,その他,その他,施錠せず,あり
窃盗,車上ねらい,加東,三草,282286,兵庫県,加東市,下三草,20241216,12,その他,その他,施錠せず,あり
窃盗,車上ねらい,加東,天神,282286,兵庫県,加東市,天神,20240418,14,一戸建住宅,駐車（輪）場,施錠せず,あり
窃盗,車上ねらい,加東,天神,282286,兵庫県,加東市,天神,20241018,18,一戸建住宅,駐車（輪）場,施錠せず,なし
窃盗,車上ねらい,加西,北条,282201,兵庫県,加西市,北条町　古坂,20240616,13,その他,駐車（輪）場,施錠した,なし
窃盗,車上ねらい,加西,北条,282201,兵庫県,加西市,北条町　北条,20241028,14,４階建て以上共同住宅,駐車（輪）場,施錠せず,なし
窃盗,車上ねらい,加西,三口,282201,兵庫県,加西市,東笠原町,20240615,17,一戸建住宅,その他,施錠せず,なし
窃盗,車上ねらい,加西,日吉,282201,兵庫県,加西市,野上町,20240531,15,一戸建住宅,駐車（輪）場,施錠せず,あり
窃盗,車上ねらい,加西,西在田,282201,兵庫県,加西市,上万願寺町,20240726,18,一戸建住宅,駐車（輪）場,施錠せず,なし
窃盗,車上ねらい,西脇,西脇中央,282138,兵庫県,西脇市,西脇,20240511,23,その他の住宅（３階建て以下共同住宅等）,駐車（輪）場,施錠した,あり
窃盗,車上ねらい,西脇,西脇中央,282138,兵庫県,西脇市,和田町,20240310,22,その他の住宅（３階建て以下共同住宅等）,駐車（輪）場,施錠した,なし
窃盗,車上ねらい,西脇,野村,282138,兵庫県,西脇市,下戸田,20240103,8,その他,駐車（輪）場,施錠せず,なし
窃盗,車上ねらい,西脇,野村,282138,兵庫県,西脇市,下戸田,20241003,23,その他の住宅（３階建て以下共同住宅等）,駐車（輪）場,施錠した,あり
窃盗,車上ねらい,西脇,野村,282138,兵庫県,西脇市,下戸田,20241003,22,駐車（輪）場,駐車（輪）場,施錠せず,あり
窃盗,車上ねらい,西脇,日野,282138,兵庫県,西脇市,小坂町,20240812,17,一戸建住宅,駐車（輪）場,施錠した,あり
窃盗,車上ねらい,西脇,中町,283657,兵庫県,多可町,中区　茂利,20240709,7,その他,駐車（輪）場,施錠した,あり
窃盗,車上ねらい,西脇,中町,283657,兵庫県,多可町,中区　中村町,20241206,14,その他,駐車（輪）場,施錠せず,あり
窃盗,車上ねらい,西脇,津万,282138,兵庫県,西脇市,寺内,20240129,11,その他,その他,施錠せず,あり
窃盗,車上ねらい,西脇,比延,282138,兵庫県,西脇市,比延町,20240511,22,その他の住宅（３階建て以下共同住宅等）,駐車（輪）場,施錠した,なし
窃盗,車上ねらい,加古川,加古川駅前,282103,兵庫県,加古川市,加古川町　篠原町,20240406,10,その他,駐車（輪）場,施錠せず,なし
窃盗,車上ねらい,加古川,加古川駅前,282103,兵庫県,加古川市,加古川町　篠原町,20240930,17,その他,その他,施錠した,なし
窃盗,車上ねらい,加古川,加古川駅前,282103,兵庫県,加古川市,加古川町　篠原町,20241226,12,４階建て以上共同住宅,駐車（輪）場,施錠せず,なし
窃盗,車上ねらい,加古川,加古川駅前,282103,兵庫県,加古川市,加古川町　寺家町,20240411,10,その他,駐車（輪）場,施錠せず,なし
窃盗,車上ねらい,加古川,加古川駅前,282103,兵庫県,加古川市,加古川町　溝之口,20240301,18,その他,駐車（輪）場,施錠せず,なし
窃盗,車上ねらい,加古川,鳩里,282103,兵庫県,加古川市,加古川町　粟津,20241222,23,その他,駐車（輪）場,施錠せず,なし
窃盗,車上ねらい,加古川,鳩里,282103,兵庫県,加古川市,加古川町　北在家,20241029,9,その他,その他,施錠した,なし
窃盗,車上ねらい,加古川,尾上,282103,兵庫県,加古川市,尾上町　今福,20240604,22,その他,駐車（輪）場,施錠せず,なし
窃盗,車上ねらい,加古川,尾上,282103,兵庫県,加古川市,尾上町　口里,20240902,17,その他,駐車（輪）場,施錠せず,なし
窃盗,車上ねらい,加古川,尾上,282103,兵庫県,加古川市,尾上町　長田,20240628,13,その他,駐車（輪）場,施錠せず,なし
窃盗,車上ねらい,加古川,尾上,282103,兵庫県,加古川市,尾上町　安田,20240114,9,その他,駐車（輪）場,施錠せず,なし
窃盗,車上ねらい,加古川,尾上,282103,兵庫県,加古川市,尾上町　安田,20240516,11,その他,駐車（輪）場,施錠せず,あり
窃盗,車上ねらい,加古川,野口,282103,兵庫県,加古川市,野口町　坂元,20240224,19,その他,駐車（輪）場,施錠せず,なし
窃盗,車上ねらい,加古川,野口,282103,兵庫県,加古川市,野口町　長砂,20241126,5,その他,駐車（輪）場,施錠せず,あり
窃盗,車上ねらい,加古川,野口,282103,兵庫県,加古川市,野口町　古大内,20241006,23,駐車（輪）場,駐車（輪）場,施錠した,なし
窃盗,車上ねらい,加古川,別府,282103,兵庫県,加古川市,金沢町,20241125,17,その他,駐車（輪）場,施錠せず,なし
窃盗,車上ねらい,加古川,別府,282103,兵庫県,加古川市,金沢町,20241213,8,その他,その他,施錠せず,あり
窃盗,車上ねらい,加古川,別府,282103,兵庫県,加古川市,平岡町　八反田,20240831,18,その他,駐車（輪）場,施錠せず,なし
窃盗,車上ねらい,加古川,別府,282103,兵庫県,加古川市,別府町　新野辺,20240212,16,その他の住宅（３階建て以下共同住宅等）,駐車（輪）場,施錠した,あり
窃盗,車上ねらい,加古川,別府,282103,兵庫県,加古川市,別府町　新野辺北町１丁目,20241005,18,駐車（輪）場,駐車（輪）場,施錠せず,なし
窃盗,車上ねらい,加古川,別府,282103,兵庫県,加古川市,別府町　新野辺北町６丁目,20240212,18,その他の住宅（３階建て以下共同住宅等）,駐車（輪）場,施錠した,あり
窃盗,車上ねらい,加古川,別府,282103,兵庫県,加古川市,別府町　新野辺北町７丁目,20240107,11,道路上,その他,施錠せず,あり
窃盗,車上ねらい,加古川,別府,282103,兵庫県,加古川市,別府町　別府,20240830,7,その他,駐車（輪）場,施錠せず,なし
窃盗,車上ねらい,加古川,東加古川,282103,兵庫県,加古川市,平岡町　新在家,20240617,18,その他,駐車（輪）場,施錠せず,なし
窃盗,車上ねらい,加古川,東加古川,282103,兵庫県,加古川市,平岡町　新在家,20240727,0,４階建て以上共同住宅,駐車（輪）場,施錠した,あり
窃盗,車上ねらい,加古川,東加古川,282103,兵庫県,加古川市,平岡町　新在家,20240726,19,駐車（輪）場,駐車（輪）場,施錠した,あり
窃盗,車上ねらい,加古川,東加古川,282103,兵庫県,加古川市,平岡町　新在家,20240726,22,その他の住宅（３階建て以下共同住宅等）,駐車（輪）場,施錠した,あり
窃盗,車上ねらい,加古川,東加古川,282103,兵庫県,加古川市,平岡町　新在家,20240708,16,その他,駐車（輪）場,施錠せず,なし
窃盗,車上ねらい,加古川,東加古川,282103,兵庫県,加古川市,平岡町　新在家,20240814,14,道路上,その他,施錠せず,あり
窃盗,車上ねらい,加古川,東加古川,282103,兵庫県,加古川市,平岡町　新在家,20240905,16,その他,駐車（輪）場,施錠せず,なし
窃盗,車上ねらい,加古川,東加古川,282103,兵庫県,加古川市,平岡町　新在家２丁目,20240405,11,道路上,その他,施錠せず,なし
窃盗,車上ねらい,加古川,東加古川,282103,兵庫県,加古川市,平岡町　新在家２丁目,20240606,16,その他,駐車（輪）場,施錠せず,あり
窃盗,車上ねらい,加古川,土山,282103,兵庫県,加古川市,平岡町　土山,20240821,7,その他,駐車（輪）場,施錠せず,あり
窃盗,車上ねらい,加古川,稲美,283819,兵庫県,稲美町,加古,20241006,17,４階建て以上共同住宅,駐車（輪）場,施錠せず,なし
窃盗,車上ねらい,加古川,稲美,283819,兵庫県,稲美町,国岡１丁目,20240921,14,その他,駐車（輪）場,施錠せず,なし
窃盗,車上ねらい,加古川,稲美,283819,兵庫県,稲美町,六分一,20240225,22,４階建て以上共同住宅,駐車（輪）場,施錠した,あり
窃盗,車上ねらい,加古川,両荘,282103,兵庫県,加古川市,平荘町　養老,20240217,15,その他の住宅（３階建て以下共同住宅等）,駐車（輪）場,施錠した,なし
窃盗,車上ねらい,加古川,平津,282103,兵庫県,加古川市,東神吉町　西井ノ口,20240920,16,一戸建住宅,駐車（輪）場,施錠せず,あり
窃盗,車上ねらい,加古川,志方,282103,兵庫県,加古川市,志方町　原,20240615,10,一戸建住宅,駐車（輪）場,施錠した,なし
窃盗,車上ねらい,加古川,新神野,282103,兵庫県,加古川市,神野町　西条,20240827,8,その他,駐車（輪）場,施錠せず,あり
窃盗,車上ねらい,加古川,県農前,282103,兵庫県,加古川市,野口町　水足,20240203,5,その他,駐車（輪）場,施錠せず,あり
窃盗,車上ねらい,加古川,県農前,282103,兵庫県,加古川市,平岡町　新在家,20240426,15,その他,駐車（輪）場,施錠せず,なし
窃盗,車上ねらい,加古川,県農前,282103,兵庫県,加古川市,平岡町　新在家,20240517,21,一戸建住宅,駐車（輪）場,施錠せず,なし
窃盗,車上ねらい,加古川,志方東,282103,兵庫県,加古川市,志方町　野尻,20240611,7,道路上,その他,施錠せず,なし
窃盗,車上ねらい,高砂,荒井,282162,兵庫県,高砂市,緑丘２丁目,20240902,10,その他,駐車（輪）場,施錠せず,あり
窃盗,車上ねらい,高砂,伊保,282162,兵庫県,高砂市,伊保港町１丁目,20240729,7,その他,駐車（輪）場,施錠せず,なし
窃盗,車上ねらい,高砂,伊保,282162,兵庫県,高砂市,松陽１丁目,20240703,18,その他,駐車（輪）場,施錠せず,なし
窃盗,車上ねらい,高砂,伊保,282162,兵庫県,高砂市,竜山２丁目,20241104,19,その他,駐車（輪）場,施錠せず,なし
窃盗,車上ねらい,高砂,伊保,282162,兵庫県,高砂市,梅井４丁目,20240507,14,その他,その他,施錠せず,あり
窃盗,車上ねらい,高砂,米田,282103,兵庫県,加古川市,米田町　平津,20241107,12,その他,その他,施錠せず,あり
窃盗,車上ねらい,高砂,米田,282162,兵庫県,高砂市,米田町　古新,20240214,10,その他,その他,施錠せず,あり
窃盗,車上ねらい,高砂,米田,282162,兵庫県,高砂市,米田町　塩市,20240613,8,その他,駐車（輪）場,施錠せず,あり
窃盗,車上ねらい,高砂,米田,282162,兵庫県,高砂市,米田町　島,20240330,9,その他,その他,施錠せず,あり
窃盗,車上ねらい,高砂,米田,282162,兵庫県,高砂市,米田町　島,20240401,9,その他,その他,施錠せず,あり
窃盗,車上ねらい,高砂,米田,282162,兵庫県,高砂市,米田町　島,20241113,9,その他,駐車（輪）場,施錠せず,なし
窃盗,車上ねらい,高砂,米田,282162,兵庫県,高砂市,米田町　島,20241124,17,その他,駐車（輪）場,施錠した,なし
窃盗,車上ねらい,高砂,米田,282162,兵庫県,高砂市,米田町　米田,20240309,13,道路上,その他,施錠せず,あり
窃盗,車上ねらい,高砂,米田,282162,兵庫県,高砂市,米田町　米田,20240401,16,一戸建住宅,駐車（輪）場,施錠せず,なし
窃盗,車上ねらい,高砂,米田,282162,兵庫県,高砂市,米田町　米田,20240603,18,一戸建住宅,駐車（輪）場,施錠せず,なし
窃盗,車上ねらい,高砂,米田,282162,兵庫県,高砂市,米田町　米田新,20241016,19,その他,駐車（輪）場,施錠した,あり
窃盗,車上ねらい,高砂,阿弥陀,282162,兵庫県,高砂市,阿弥陀町　魚橋,20241202,13,道路上,その他,施錠せず,あり
窃盗,車上ねらい,高砂,阿弥陀,282162,兵庫県,高砂市,阿弥陀町　北池,20240501,3,一戸建住宅,駐車（輪）場,施錠せず,あり
窃盗,車上ねらい,高砂,阿弥陀,282162,兵庫県,高砂市,阿弥陀町　北池,20240727,0,その他の住宅（３階建て以下共同住宅等）,駐車（輪）場,施錠した,なし
窃盗,車上ねらい,高砂,曽根,282162,兵庫県,高砂市,曽根町,20240118,7,その他,駐車（輪）場,施錠せず,なし
窃盗,車上ねらい,高砂,曽根,282162,兵庫県,高砂市,曽根町,20240901,11,駐車（輪）場,駐車（輪）場,施錠せず,なし
窃盗,車上ねらい,高砂,曽根,282162,兵庫県,高砂市,曽根町,20240905,16,その他,駐車（輪）場,施錠せず,なし
窃盗,車上ねらい,高砂,曽根,282162,兵庫県,高砂市,曽根町,20241023,20,４階建て以上共同住宅,駐車（輪）場,施錠せず,あり
窃盗,車上ねらい,高砂,阿弥陀,282162,兵庫県,高砂市,阿弥陀町　南池,20240201,0,その他,駐車（輪）場,施錠せず,なし
窃盗,車上ねらい,小野,小野駅前,282189,兵庫県,小野市,王子町,20231231,19,駐車（輪）場,駐車（輪）場,施錠せず,なし
窃盗,車上ねらい,小野,小野駅前,282189,兵庫県,小野市,敷地町,20240906,7,その他,その他,施錠せず,あり
窃盗,車上ねらい,小野,小野駅前,282189,兵庫県,小野市,中島町,20241116,10,駐車（輪）場,駐車（輪）場,施錠せず,なし
窃盗,車上ねらい,小野,小野駅前,282189,兵庫県,小野市,日吉町,不明,不明,一戸建住宅,駐車（輪）場,施錠せず,あり
窃盗,車上ねらい,小野,小野駅前,282189,兵庫県,小野市,日吉町,不明,不明,一戸建住宅,駐車（輪）場,施錠せず,なし
窃盗,車上ねらい,小野,市場,282189,兵庫県,小野市,大島町,20240226,16,その他,駐車（輪）場,施錠せず,なし
窃盗,車上ねらい,小野,栗生,282189,兵庫県,小野市,粟生町,20241202,6,その他,駐車（輪）場,施錠せず,なし
窃盗,車上ねらい,小野,下来住,282189,兵庫県,小野市,下来住町,20240912,7,駐車（輪）場,駐車（輪）場,施錠せず,なし
窃盗,車上ねらい,小野,下来住,282189,兵庫県,小野市,下来住町,20241029,6,その他,駐車（輪）場,施錠した,なし
窃盗,車上ねらい,姫路,大手前,282014,兵庫県,姫路市,綿町,20241210,4,道路上,その他,施錠せず,なし
窃盗,車上ねらい,姫路,大手前,282014,兵庫県,姫路市,二階町,20240517,19,その他,駐車（輪）場,施錠せず,なし
窃盗,車上ねらい,姫路,姫路駅前,282014,兵庫県,姫路市,駅前町,20240119,18,道路上,その他,施錠せず,なし
窃盗,車上ねらい,姫路,姫路駅前,282014,兵庫県,姫路市,駅前町,20240209,16,駐車（輪）場,駐車（輪）場,施錠せず,なし
窃盗,車上ねらい,姫路,姫路駅前,282014,兵庫県,姫路市,駅前町,20240326,17,駐車（輪）場,駐車（輪）場,施錠せず,なし
窃盗,車上ねらい,姫路,姫路駅前,282014,兵庫県,姫路市,駅前町,20240329,18,その他,駐車（輪）場,施錠せず,なし
窃盗,車上ねらい,姫路,姫路駅前,282014,兵庫県,姫路市,駅前町,20240503,7,駐車（輪）場,駐車（輪）場,施錠せず,なし
窃盗,車上ねらい,姫路,姫路駅前,282014,兵庫県,姫路市,駅前町,20240602,15,駐車（輪）場,駐車（輪）場,施錠せず,なし
窃盗,車上ねらい,姫路,姫路駅前,282014,兵庫県,姫路市,駅前町,20240819,0,道路上,その他,施錠せず,あり
窃盗,車上ねらい,姫路,姫路駅前,282014,兵庫県,姫路市,南町,20240506,8,道路上,その他,施錠せず,なし
窃盗,車上ねらい,姫路,姫路駅南,282014,兵庫県,姫路市,北条,20241118,13,駐車（輪）場,駐車（輪）場,施錠した,あり
窃盗,車上ねらい,姫路,姫路駅南,282014,兵庫県,姫路市,北条,20241118,18,４階建て以上共同住宅,駐車（輪）場,施錠した,あり
窃盗,車上ねらい,姫路,姫路駅南,282014,兵庫県,姫路市,三左衛門堀東の町,20240109,20,その他,駐車（輪）場,施錠せず,あり
窃盗,車上ねらい,姫路,姫路駅南,282014,兵庫県,姫路市,北条宮の町,20241229,2,道路上,その他,施錠せず,あり
窃盗,車上ねらい,姫路,城南,282014,兵庫県,姫路市,柿山伏,20240902,19,駐車（輪）場,駐車（輪）場,施錠せず,あり
窃盗,車上ねらい,姫路,城南,282014,兵庫県,姫路市,新在家３丁目,20241011,13,駐車（輪）場,駐車（輪）場,施錠した,あり
窃盗,車上ねらい,姫路,城南,282014,兵庫県,姫路市,千代田町,20240507,8,その他,駐車（輪）場,施錠せず,あり
窃盗,車上ねらい,姫路,城南,282014,兵庫県,姫路市,千代田町,20240507,14,道路上,その他,施錠せず,あり
窃盗,車上ねらい,姫路,城南,282014,兵庫県,姫路市,花影町４丁目,20240904,19,道路上,その他,施錠せず,あり
窃盗,車上ねらい,姫路,城南,282014,兵庫県,姫路市,南今宿,20240424,12,その他,駐車（輪）場,施錠した,なし
窃盗,車上ねらい,姫路,城南,282014,兵庫県,姫路市,塩町,20240128,7,道路上,その他,施錠せず,なし
窃盗,車上ねらい,姫路,城南,282014,兵庫県,姫路市,塩町,20240710,4,道路上,その他,施錠せず,あり
窃盗,車上ねらい,姫路,八代,282014,兵庫県,姫路市,上大野２丁目,20240722,23,その他の住宅（３階建て以下共同住宅等）,駐車（輪）場,施錠せず,あり
窃盗,車上ねらい,姫路,野里,282014,兵庫県,姫路市,伊伝居,20240202,8,一戸建住宅,駐車（輪）場,施錠せず,なし
窃盗,車上ねらい,姫路,野里,282014,兵庫県,姫路市,広峰２丁目,20241026,12,その他,駐車（輪）場,施錠せず,あり
窃盗,車上ねらい,姫路,野里駅前,282014,兵庫県,姫路市,野里,20240215,17,その他,駐車（輪）場,施錠した,なし
窃盗,車上ねらい,姫路,野里駅前,282014,兵庫県,姫路市,保城,20240519,13,道路上,その他,施錠した,あり
窃盗,車上ねらい,姫路,野里駅前,282014,兵庫県,姫路市,増位新町１丁目,20240828,14,その他,駐車（輪）場,施錠せず,なし
窃盗,車上ねらい,姫路,花田,282014,兵庫県,姫路市,花田町　小川,20241226,17,その他,その他,施錠せず,あり
窃盗,車上ねらい,姫路,豊国,282014,兵庫県,姫路市,飾東町　庄,20240314,20,駐車（輪）場,駐車（輪）場,施錠せず,あり
窃盗,車上ねらい,姫路,豊国,282014,兵庫県,姫路市,飾磨区　阿成鹿古,20241127,17,一戸建住宅,駐車（輪）場,施錠せず,なし
窃盗,車上ねらい,姫路,豊富,282014,兵庫県,姫路市,豊富町　豊富,20240316,12,駐車（輪）場,駐車（輪）場,施錠せず,あり
窃盗,車上ねらい,姫路,飾西,282014,兵庫県,姫路市,青山西１丁目,20241124,17,道路上,その他,施錠せず,あり
窃盗,車上ねらい,姫路,田寺,282014,兵庫県,姫路市,田寺３丁目,20241127,15,その他,駐車（輪）場,施錠せず,あり
窃盗,車上ねらい,姫路,田寺,282014,兵庫県,姫路市,御立西５丁目,20240815,10,その他,駐車（輪）場,施錠せず,あり
窃盗,車上ねらい,姫路,書写,282014,兵庫県,姫路市,書写,20240317,20,道路上,その他,施錠せず,あり
窃盗,車上ねらい,姫路,書写,282014,兵庫県,姫路市,書写,20241018,13,その他,駐車（輪）場,施錠せず,なし
窃盗,車上ねらい,姫路,林田,282014,兵庫県,姫路市,大津区　新町,20241201,14,一戸建住宅,駐車（輪）場,施錠せず,あり
窃盗,車上ねらい,姫路,林田,282014,兵庫県,姫路市,林田町　林谷,20240710,14,その他,駐車（輪）場,施錠せず,あり
窃盗,車上ねらい,姫路,香寺,282014,兵庫県,姫路市,香寺町　広瀬,20240712,1,一戸建住宅,駐車（輪）場,施錠せず,あり
窃盗,車上ねらい,姫路,香寺,282014,兵庫県,姫路市,香寺町　溝口,20231226,12,その他,駐車（輪）場,施錠せず,なし
窃盗,車上ねらい,姫路,城東,282014,兵庫県,姫路市,市川台２丁目,20241119,6,４階建て以上共同住宅,駐車（輪）場,施錠した,なし
窃盗,車上ねらい,姫路,城東,282014,兵庫県,姫路市,市之郷,20240504,3,その他,駐車（輪）場,施錠せず,なし
窃盗,車上ねらい,姫路,城東,282014,兵庫県,姫路市,市之郷町３丁目,20241018,18,４階建て以上共同住宅,駐車（輪）場,施錠せず,なし
窃盗,車上ねらい,姫路,城東,282014,兵庫県,姫路市,東郷町,20240716,19,その他,駐車（輪）場,施錠せず,なし
窃盗,車上ねらい,姫路,置本,282014,兵庫県,姫路市,夢前町　宮置,20240404,12,その他,その他,施錠せず,あり
窃盗,車上ねらい,飾磨,大塩,282014,兵庫県,姫路市,大塩町,20240717,17,その他,その他,施錠せず,あり
窃盗,車上ねらい,飾磨,東山,282014,兵庫県,姫路市,東山,20241225,16,その他,駐車（輪）場,施錠せず,なし
窃盗,車上ねらい,飾磨,白浜,282014,兵庫県,姫路市,白浜町,20240401,14,一戸建住宅,駐車（輪）場,施錠せず,あり
窃盗,車上ねらい,飾磨,白浜,282014,兵庫県,姫路市,白浜町,20240714,14,その他,駐車（輪）場,施錠せず,あり
窃盗,車上ねらい,飾磨,白浜,282014,兵庫県,姫路市,白浜町,20240901,11,一戸建住宅,駐車（輪）場,施錠せず,あり
窃盗,車上ねらい,飾磨,飾磨東,282014,兵庫県,姫路市,飾磨区　中島,20240301,18,その他,その他,施錠せず,なし
窃盗,車上ねらい,飾磨,飾磨東,282014,兵庫県,姫路市,飾磨区　中島,20240502,18,その他の住宅（３階建て以下共同住宅等）,駐車（輪）場,施錠した,あり
窃盗,車上ねらい,飾磨,飾磨東,282014,兵庫県,姫路市,飾磨区　中島,20241017,8,その他,駐車（輪）場,施錠せず,あり
窃盗,車上ねらい,飾磨,飾磨東,282014,兵庫県,姫路市,飾磨区　中野田２丁目,20240214,11,その他の住宅（３階建て以下共同住宅等）,駐車（輪）場,施錠せず,あり
窃盗,車上ねらい,飾磨,飾磨東,282014,兵庫県,姫路市,飾磨区　阿成植木,20240502,21,その他の住宅（３階建て以下共同住宅等）,駐車（輪）場,施錠した,あり
窃盗,車上ねらい,飾磨,清水,282014,兵庫県,姫路市,飾磨区　栄町,20241001,20,道路上,その他,施錠せず,あり
窃盗,車上ねらい,飾磨,清水,282014,兵庫県,姫路市,飾磨区　三宅１丁目,20240107,13,４階建て以上共同住宅,駐車（輪）場,施錠せず,あり
窃盗,車上ねらい,飾磨,宮,282014,兵庫県,姫路市,飾磨区　細江,20240604,16,その他,その他,施錠せず,なし
窃盗,車上ねらい,飾磨,宮,282014,兵庫県,姫路市,飾磨区　恵美酒,20240319,18,その他,駐車（輪）場,施錠せず,なし
窃盗,車上ねらい,飾磨,宮,282014,兵庫県,姫路市,飾磨区　細江,20240320,9,その他,駐車（輪）場,施錠せず,あり
窃盗,車上ねらい,飾磨,宮,282014,兵庫県,姫路市,飾磨区　細江,20240331,15,その他,その他,施錠せず,あり
窃盗,車上ねらい,飾磨,宮,282014,兵庫県,姫路市,飾磨区　細江,20240515,17,その他,その他,施錠せず,あり
窃盗,車上ねらい,飾磨,宮,282014,兵庫県,姫路市,飾磨区　細江,20241026,5,駐車（輪）場,駐車（輪）場,施錠した,あり
窃盗,車上ねらい,飾磨,思案橋,282014,兵庫県,姫路市,飾磨区　今在家,20240721,16,道路上,その他,施錠せず,あり
窃盗,車上ねらい,飾磨,思案橋,282014,兵庫県,姫路市,飾磨区　今在家３丁目,20240822,14,一戸建住宅,その他,施錠せず,あり
窃盗,車上ねらい,飾磨,思案橋,282014,兵庫県,姫路市,飾磨区　構４丁目,20241119,23,その他,駐車（輪）場,施錠せず,あり
窃盗,車上ねらい,飾磨,英賀保駅前,282014,兵庫県,姫路市,飾磨区　英賀,20241220,13,その他,駐車（輪）場,施錠せず,あり
窃盗,車上ねらい,飾磨,英賀保駅前,282014,兵庫県,姫路市,飾磨区　矢倉町２丁目,20240923,14,その他,その他,施錠せず,なし
窃盗,車上ねらい,飾磨,手柄,282014,兵庫県,姫路市,亀山,20240420,6,道路上,その他,施錠せず,あり
窃盗,車上ねらい,飾磨,手柄,282014,兵庫県,姫路市,延末,20240831,15,その他,駐車（輪）場,施錠した,あり
窃盗,車上ねらい,飾磨,手柄,282014,兵庫県,姫路市,東延末１丁目,20241118,21,駐車（輪）場,駐車（輪）場,施錠した,なし
窃盗,車上ねらい,飾磨,手柄,282014,兵庫県,姫路市,安田４丁目,20240723,18,４階建て以上共同住宅,駐車（輪）場,施錠せず,あり
窃盗,車上ねらい,飾磨,今宿,282014,兵庫県,姫路市,上手野,20240906,17,その他,駐車（輪）場,施錠せず,なし
窃盗,車上ねらい,飾磨,今宿,282014,兵庫県,姫路市,下手野１丁目,20240112,16,一戸建住宅,駐車（輪）場,施錠せず,あり
窃盗,車上ねらい,飾磨,今宿,282014,兵庫県,姫路市,西今宿６丁目,20240329,19,一戸建住宅,駐車（輪）場,施錠せず,あり
窃盗,車上ねらい,飾磨,今宿,282014,兵庫県,姫路市,西今宿６丁目,20241030,18,一戸建住宅,駐車（輪）場,施錠せず,あり
窃盗,車上ねらい,飾磨,今宿,282014,兵庫県,姫路市,車崎２丁目,20211125,22,一戸建住宅,駐車（輪）場,施錠せず,あり
窃盗,車上ねらい,飾磨,御国野,282014,兵庫県,姫路市,四郷町　見野,20240210,6,駐車（輪）場,駐車（輪）場,施錠せず,なし
窃盗,車上ねらい,飾磨,御国野,282014,兵庫県,姫路市,御国野町　西御着,20240222,9,その他,駐車（輪）場,施錠せず,あり
窃盗,車上ねらい,網干,新在家,282014,兵庫県,姫路市,網干区　新在家,20240621,16,駐車（輪）場,駐車（輪）場,施錠せず,なし
窃盗,車上ねらい,網干,新在家,282014,兵庫県,姫路市,網干区　宮内,20240904,19,その他の住宅（３階建て以下共同住宅等）,駐車（輪）場,施錠せず,あり
窃盗,車上ねらい,網干,新在家,282014,兵庫県,姫路市,網干区　余子浜,20240702,20,その他,駐車（輪）場,施錠せず,なし
窃盗,車上ねらい,網干,新在家,282014,兵庫県,姫路市,網干区　北新在家,20241105,20,その他,駐車（輪）場,施錠せず,あり
窃盗,車上ねらい,網干,新在家,282014,兵庫県,姫路市,網干区　垣内北町,20240108,9,その他,その他,施錠せず,あり
窃盗,車上ねらい,網干,新在家,282014,兵庫県,姫路市,網干区　垣内北町,20240609,17,その他,その他,施錠せず,あり
窃盗,車上ねらい,網干,新在家,282014,兵庫県,姫路市,網干区　垣内本町,20240603,12,その他の住宅（３階建て以下共同住宅等）,駐車（輪）場,施錠せず,あり
窃盗,車上ねらい,網干,本町,282014,兵庫県,姫路市,網干区　新在家,20240724,8,その他,その他,施錠せず,なし
窃盗,車上ねらい,網干,東芝前,282014,兵庫県,姫路市,網干区　福井,20241017,20,その他,駐車（輪）場,施錠せず,なし
窃盗,車上ねらい,網干,東芝前,282014,兵庫県,姫路市,余部区　上余部,20240213,21,その他の住宅（３階建て以下共同住宅等）,駐車（輪）場,施錠した,あり
窃盗,車上ねらい,網干,東芝前,282014,兵庫県,姫路市,余部区　上余部,20240213,23,その他の住宅（３階建て以下共同住宅等）,駐車（輪）場,施錠した,あり
窃盗,車上ねらい,網干,東芝前,282014,兵庫県,姫路市,余部区　上余部,20240513,18,一戸建住宅,駐車（輪）場,施錠せず,あり
窃盗,車上ねらい,網干,網干駅前,282014,兵庫県,姫路市,網干区　坂上,20240531,0,その他,駐車（輪）場,施錠せず,あり
窃盗,車上ねらい,網干,網干駅前,282014,兵庫県,姫路市,網干区　坂出,20240808,0,一戸建住宅,駐車（輪）場,施錠せず,なし
窃盗,車上ねらい,網干,勝原,282014,兵庫県,姫路市,勝原区　熊見,20240721,15,一戸建住宅,駐車（輪）場,施錠せず,あり
窃盗,車上ねらい,網干,勝原,282014,兵庫県,姫路市,勝原区　宮田,20240922,20,一戸建住宅,駐車（輪）場,施錠せず,あり
窃盗,車上ねらい,網干,勝原,282014,兵庫県,姫路市,勝原区　山戸,20240120,20,一戸建住宅,駐車（輪）場,施錠せず,あり
窃盗,車上ねらい,網干,天満,282014,兵庫県,姫路市,網干区　田井,20240520,0,一戸建住宅,駐車（輪）場,施錠せず,なし
窃盗,車上ねらい,網干,天満,282014,兵庫県,姫路市,大津区　大津町２丁目,20240313,18,道路上,その他,施錠せず,なし
窃盗,車上ねらい,網干,天満,282014,兵庫県,姫路市,大津区　大津町２丁目,20241212,16,その他,駐車（輪）場,施錠せず,なし
窃盗,車上ねらい,網干,天満,282014,兵庫県,姫路市,大津区　大津町３丁目,20240917,3,一戸建住宅,駐車（輪）場,施錠せず,なし
窃盗,車上ねらい,網干,天満,282014,兵庫県,姫路市,大津区　長松,20240902,2,一戸建住宅,駐車（輪）場,施錠せず,なし
窃盗,車上ねらい,網干,天満,282014,兵庫県,姫路市,大津区　西土井,20240228,22,その他の住宅（３階建て以下共同住宅等）,駐車（輪）場,施錠した,なし
窃盗,車上ねらい,網干,吉美,282014,兵庫県,姫路市,大津区　天神町２丁目,20240605,8,その他,その他,施錠せず,あり
窃盗,車上ねらい,網干,吉美,282014,兵庫県,姫路市,大津区　平松,20240726,18,一戸建住宅,駐車（輪）場,施錠せず,あり
窃盗,車上ねらい,網干,広畑,282014,兵庫県,姫路市,広畑区　高浜町２丁目,20240122,10,その他,駐車（輪）場,施錠せず,なし
窃盗,車上ねらい,網干,広畑,282014,兵庫県,姫路市,広畑区　高浜町４丁目,20241121,16,一戸建住宅,駐車（輪）場,施錠せず,あり
窃盗,車上ねらい,網干,広畑,282014,兵庫県,姫路市,広畑区　東新町３丁目,20240928,21,駐車（輪）場,駐車（輪）場,施錠せず,あり
窃盗,車上ねらい,福崎,粟賀,284467,兵庫県,神河町,柏尾,20240403,21,一戸建住宅,駐車（輪）場,施錠せず,あり
窃盗,車上ねらい,福崎,粟賀,284467,兵庫県,神河町,柏尾,20240403,20,一戸建住宅,駐車（輪）場,施錠せず,あり
窃盗,車上ねらい,福崎,粟賀,284467,兵庫県,神河町,加納,20240403,16,一戸建住宅,駐車（輪）場,施錠せず,あり
窃盗,車上ねらい,福崎,市川,284424,兵庫県,市川町,甘地,20241104,19,一戸建住宅,駐車（輪）場,施錠せず,あり
窃盗,車上ねらい,福崎,市川,284424,兵庫県,市川町,東川辺,20241104,19,一戸建住宅,駐車（輪）場,施錠せず,あり
窃盗,車上ねらい,福崎,寺前,284467,兵庫県,神河町,新野,20240313,17,一戸建住宅,駐車（輪）場,施錠せず,あり
窃盗,車上ねらい,たつの,太田,284645,兵庫県,太子町,東出,20231126,17,その他,駐車（輪）場,施錠せず,なし
窃盗,車上ねらい,たつの,,282294,兵庫県,たつの市,,20240624,13,道路上,その他,施錠せず,なし
窃盗,車上ねらい,たつの,新宮,282294,兵庫県,たつの市,新宮町　新宮,20231231,18,その他,その他,施錠せず,あり
窃盗,車上ねらい,たつの,本龍野駅前,282294,兵庫県,たつの市,龍野町　富永,20240610,13,駐車（輪）場,駐車（輪）場,施錠した,あり
窃盗,車上ねらい,たつの,本龍野駅前,282294,兵庫県,たつの市,龍野町　富永,20240610,8,駐車（輪）場,駐車（輪）場,施錠した,なし
窃盗,車上ねらい,たつの,西構,282294,兵庫県,たつの市,揖保町　中臣,20240726,19,一戸建住宅,駐車（輪）場,施錠せず,あり
窃盗,車上ねらい,たつの,神部,282294,兵庫県,たつの市,揖保川町　正條,20240308,21,４階建て以上共同住宅,駐車（輪）場,施錠した,あり
窃盗,車上ねらい,たつの,神部,282294,兵庫県,たつの市,揖保川町　大門,20241019,9,その他,駐車（輪）場,施錠せず,あり
窃盗,車上ねらい,たつの,斑鳩,284645,兵庫県,太子町,鵤,20240714,4,その他,その他,施錠した,なし
窃盗,車上ねらい,たつの,斑鳩,284645,兵庫県,太子町,立岡,20240401,12,駐車（輪）場,駐車（輪）場,施錠せず,あり
窃盗,車上ねらい,たつの,斑鳩,284645,兵庫県,太子町,矢田部,20240602,16,その他,駐車（輪）場,施錠した,なし
窃盗,車上ねらい,たつの,斑鳩,284645,兵庫県,太子町,矢田部,20240622,8,その他,駐車（輪）場,施錠せず,なし
窃盗,車上ねらい,たつの,太田,284645,兵庫県,太子町,東出,20241104,10,その他,駐車（輪）場,施錠せず,なし
窃盗,車上ねらい,たつの,太田,284645,兵庫県,太子町,東出,20241108,21,その他,駐車（輪）場,施錠せず,なし
窃盗,車上ねらい,たつの,大住寺,282294,兵庫県,たつの市,神岡町　大住寺,20240810,19,その他,駐車（輪）場,施錠せず,なし
窃盗,車上ねらい,たつの,住吉,282294,兵庫県,たつの市,揖西町　前地,20241212,14,その他,駐車（輪）場,施錠せず,あり
窃盗,車上ねらい,たつの,福吉,285013,兵庫県,佐用町,才金,20240428,17,その他,その他,施錠した,なし
窃盗,車上ねらい,たつの,下徳久,285013,兵庫県,佐用町,平松,20241018,13,駐車（輪）場,駐車（輪）場,施錠せず,あり
窃盗,車上ねらい,相生,那波野,282081,兵庫県,相生市,向陽台,20240308,19,その他の住宅（３階建て以下共同住宅等）,駐車（輪）場,施錠した,あり
窃盗,車上ねらい,相生,那波野,282081,兵庫県,相生市,向陽台,20240308,23,その他の住宅（３階建て以下共同住宅等）,駐車（輪）場,施錠した,あり
窃盗,車上ねらい,相生,中央通,282081,兵庫県,相生市,旭１丁目,20240321,16,その他,その他,施錠せず,あり
窃盗,車上ねらい,相生,中央通,282081,兵庫県,相生市,那波大浜町,20240219,22,その他の住宅（３階建て以下共同住宅等）,駐車（輪）場,施錠した,あり
窃盗,車上ねらい,相生,丘の台,282081,兵庫県,相生市,千尋町,20240213,19,その他の住宅（３階建て以下共同住宅等）,駐車（輪）場,施錠した,あり
窃盗,車上ねらい,相生,梨ヶ原,284815,兵庫県,上郡町,梨ケ原,20240308,17,一戸建住宅,駐車（輪）場,施錠せず,なし
窃盗,車上ねらい,赤穂,赤穂駅前,282120,兵庫県,赤穂市,中広,20240216,13,その他,駐車（輪）場,施錠せず,なし
窃盗,車上ねらい,赤穂,赤穂駅前,282120,兵庫県,赤穂市,山手町,20240321,14,その他,その他,施錠せず,なし
窃盗,車上ねらい,赤穂,有年,282120,兵庫県,赤穂市,西有年,20231224,12,その他,駐車（輪）場,施錠せず,なし
窃盗,車上ねらい,赤穂,新田,282120,兵庫県,赤穂市,新田,20241029,10,その他,駐車（輪）場,施錠せず,あり
窃盗,車上ねらい,赤穂,坂越駅前,282120,兵庫県,赤穂市,北野中,20240213,21,その他の住宅（３階建て以下共同住宅等）,駐車（輪）場,施錠した,あり
窃盗,車上ねらい,赤穂,坂越駅前,282120,兵庫県,赤穂市,北野中,20240213,20,その他の住宅（３階建て以下共同住宅等）,駐車（輪）場,施錠した,あり
窃盗,車上ねらい,赤穂,坂越駅前,282120,兵庫県,赤穂市,北野中,20240219,21,その他の住宅（３階建て以下共同住宅等）,駐車（輪）場,施錠した,なし
窃盗,車上ねらい,赤穂,高谷,282120,兵庫県,赤穂市,坂越,20240219,9,その他の住宅（３階建て以下共同住宅等）,駐車（輪）場,施錠した,あり
窃盗,車上ねらい,宍粟,山崎中央,282278,兵庫県,宍粟市,山崎町　中井,20240729,16,その他,駐車（輪）場,施錠せず,なし
窃盗,車上ねらい,宍粟,安積,282278,兵庫県,宍粟市,一宮町　安黒,20241009,17,一戸建住宅,駐車（輪）場,施錠せず,あり
窃盗,車上ねらい,宍粟,田井,282278,兵庫県,宍粟市,山崎町　三津,20240724,6,その他,駐車（輪）場,施錠した,なし
窃盗,車上ねらい,宍粟,河東,282278,兵庫県,宍粟市,山崎町　神谷,20240331,20,一戸建住宅,駐車（輪）場,施錠した,なし
窃盗,車上ねらい,宍粟,千草,282278,兵庫県,宍粟市,千種町　河呂,20240906,19,一戸建住宅,駐車（輪）場,施錠せず,あり
窃盗,車上ねらい,南但馬,和田山駅前,282251,兵庫県,朝来市,和田山町　寺谷,20240817,19,駐車（輪）場,駐車（輪）場,施錠した,あり
窃盗,車上ねらい,南但馬,和田山駅前,282251,兵庫県,朝来市,和田山町　枚田岡,20240519,17,道路上,その他,施錠せず,あり
窃盗,車上ねらい,南但馬,関宮,282227,兵庫県,養父市,関宮,20240724,10,その他,駐車（輪）場,施錠せず,なし
窃盗,車上ねらい,豊岡,豊岡駅前,282090,兵庫県,豊岡市,寿町,20240109,15,その他,駐車（輪）場,施錠せず,あり
窃盗,車上ねらい,豊岡,立野,282090,兵庫県,豊岡市,小田井町,20240817,21,その他の住宅（３階建て以下共同住宅等）,駐車（輪）場,施錠した,あり
窃盗,車上ねらい,豊岡,立野,282090,兵庫県,豊岡市,三坂町,20240123,3,その他,駐車（輪）場,施錠せず,なし
窃盗,車上ねらい,豊岡,下陰,282090,兵庫県,豊岡市,滝,20241105,16,道路上,その他,施錠せず,あり
窃盗,車上ねらい,豊岡,九日市,282090,兵庫県,豊岡市,九日市下町,20240617,16,その他,駐車（輪）場,施錠せず,あり
窃盗,車上ねらい,豊岡,土渕,282090,兵庫県,豊岡市,加陽,20240823,17,一戸建住宅,駐車（輪）場,施錠せず,あり
窃盗,車上ねらい,豊岡,中山,282090,兵庫県,豊岡市,但東町　坂野,20240509,10,道路上,その他,施錠せず,なし
窃盗,車上ねらい,豊岡,中山,282090,兵庫県,豊岡市,但東町　虫生,20240606,8,その他,その他,施錠せず,あり
窃盗,車上ねらい,美方,浜坂駅前,285862,兵庫県,新温泉町,浜坂,20241122,10,一戸建住宅,その他,施錠せず,あり
窃盗,車上ねらい,洲本,内町,282057,兵庫県,洲本市,栄町２丁目,20240115,16,道路上,その他,施錠せず,あり
窃盗,車上ねらい,洲本,内町,282057,兵庫県,洲本市,塩屋１丁目,20240105,18,その他,その他,施錠した,あり
窃盗,車上ねらい,洲本,内町,282057,兵庫県,洲本市,塩屋１丁目,20240215,19,その他,駐車（輪）場,施錠せず,あり
窃盗,車上ねらい,洲本,内町,282057,兵庫県,洲本市,塩屋１丁目,20240303,15,その他,駐車（輪）場,施錠せず,なし
窃盗,車上ねらい,洲本,内町,282057,兵庫県,洲本市,塩屋１丁目,20240329,19,その他,その他,施錠せず,あり
窃盗,車上ねらい,洲本,内町,282057,兵庫県,洲本市,塩屋１丁目,20240712,17,その他,駐車（輪）場,施錠せず,なし
窃盗,車上ねらい,洲本,内町,282057,兵庫県,洲本市,塩屋１丁目,20240716,20,その他,駐車（輪）場,施錠した,なし
窃盗,車上ねらい,洲本,内町,282057,兵庫県,洲本市,塩屋１丁目,20240730,17,その他,駐車（輪）場,施錠せず,なし
窃盗,車上ねらい,洲本,内町,282057,兵庫県,洲本市,塩屋１丁目,20240728,16,その他,駐車（輪）場,施錠せず,なし
窃盗,車上ねらい,洲本,内町,282057,兵庫県,洲本市,塩屋１丁目,20240801,12,その他,駐車（輪）場,施錠せず,なし
窃盗,車上ねらい,洲本,内町,282057,兵庫県,洲本市,塩屋１丁目,20240803,12,その他,駐車（輪）場,施錠せず,なし
窃盗,車上ねらい,洲本,内町,282057,兵庫県,洲本市,塩屋１丁目,20240808,16,その他,駐車（輪）場,施錠せず,なし
窃盗,車上ねらい,洲本,内町,282057,兵庫県,洲本市,塩屋１丁目,20240726,12,その他,駐車（輪）場,施錠せず,なし
窃盗,車上ねらい,洲本,内町,282057,兵庫県,洲本市,塩屋１丁目,20240720,15,その他,駐車（輪）場,施錠せず,なし
窃盗,車上ねらい,洲本,内町,282057,兵庫県,洲本市,塩屋１丁目,20220401,0,その他,駐車（輪）場,施錠せず,なし
窃盗,車上ねらい,洲本,内町,282057,兵庫県,洲本市,塩屋１丁目,20240907,18,その他,その他,施錠せず,あり
窃盗,車上ねらい,洲本,内町,282057,兵庫県,洲本市,港,20240731,15,駐車（輪）場,駐車（輪）場,施錠せず,なし
窃盗,車上ねらい,洲本,外通,282057,兵庫県,洲本市,物部１丁目,20240418,18,その他の住宅（３階建て以下共同住宅等）,駐車（輪）場,施錠した,あり
窃盗,車上ねらい,洲本,宇山,282057,兵庫県,洲本市,桑間,20240106,20,その他の住宅（３階建て以下共同住宅等）,駐車（輪）場,施錠した,なし
窃盗,車上ねらい,洲本,宇山,282057,兵庫県,洲本市,下加茂,20240106,22,その他の住宅（３階建て以下共同住宅等）,駐車（輪）場,施錠した,あり
窃盗,車上ねらい,洲本,宇山,282057,兵庫県,洲本市,炬口１丁目,20240120,20,その他,その他,施錠せず,あり
窃盗,車上ねらい,洲本,安乎,282057,兵庫県,洲本市,安乎町　山田原,20241126,18,その他の住宅（３階建て以下共同住宅等）,その他,施錠せず,あり
窃盗,車上ねらい,洲本,大野,282057,兵庫県,洲本市,大野,20240106,9,駐車（輪）場,駐車（輪）場,施錠した,なし
窃盗,車上ねらい,洲本,広石,282057,兵庫県,洲本市,五色町　広石中,20240827,13,一戸建住宅,その他,施錠せず,あり
窃盗,車上ねらい,淡路,岩屋,282260,兵庫県,淡路市,岩屋,20240302,1,その他,駐車（輪）場,施錠した,なし
窃盗,車上ねらい,淡路,岩屋,282260,兵庫県,淡路市,岩屋,20240917,8,駐車（輪）場,駐車（輪）場,施錠せず,なし
窃盗,車上ねらい,淡路,浦,282260,兵庫県,淡路市,浦,20241025,6,駐車（輪）場,駐車（輪）場,施錠した,なし
窃盗,車上ねらい,淡路,浦,282260,兵庫県,淡路市,大磯,20240816,13,道路上,その他,施錠せず,なし
窃盗,車上ねらい,淡路,浦,282260,兵庫県,淡路市,楠本,20240405,15,その他,その他,施錠せず,あり
窃盗,車上ねらい,淡路,志筑,282260,兵庫県,淡路市,志筑,20240106,22,その他の住宅（３階建て以下共同住宅等）,駐車（輪）場,施錠した,あり
窃盗,車上ねらい,淡路,志筑,282260,兵庫県,淡路市,志筑,20240226,22,その他,駐車（輪）場,施錠せず,あり
窃盗,車上ねらい,淡路,志筑,282260,兵庫県,淡路市,志筑新島,20240824,10,その他,駐車（輪）場,施錠せず,あり
窃盗,車上ねらい,南あわじ,青木,282243,兵庫県,南あわじ市,市福永,20240105,16,その他,その他,施錠せず,あり
窃盗,車上ねらい,南あわじ,広田,282243,兵庫県,南あわじ市,中条中筋,20241220,8,その他,その他,施錠せず,あり
窃盗,車上ねらい,南あわじ,八木,282243,兵庫県,南あわじ市,八木鳥井,20240718,13,駐車（輪）場,駐車（輪）場,施錠せず,あり
窃盗,車上ねらい,南あわじ,慶野,282243,兵庫県,南あわじ市,松帆北浜,20240207,22,その他,その他,施錠した,あり
窃盗,車上ねらい,南あわじ,慶野,282243,兵庫県,南あわじ市,松帆北浜,20240327,18,一戸建住宅,その他,施錠せず,あり
窃盗,車上ねらい,南あわじ,慶野,282243,兵庫県,南あわじ市,松帆古津路,20240727,20,その他,その他,施錠せず,なし
