罪名,手口,管轄警察署（発生地）,管轄交番・駐在所（発生地）,市区町村コード（発生地）,都道府県（発生地）,市区町村（発生地）,町丁目（発生地）,発生年月日（始期）,発生時（始期）,発生場所,発生場所の詳細,施錠関係,盗難防止装置の有無,現金以外の主な被害品
窃盗,オートバイ盗,三田,フラワータウン,282197,兵庫県,三田市,狭間が丘２丁目,2019[sanitize]05[sanitize]30,17,一戸建住宅,駐車（輪）場,キーなし,なし,その他
窃盗,オートバイ盗,三田,三田南,282197,兵庫県,三田市,横山町,2023[sanitize]05[sanitize]01,00,４階建て以上共同住宅,駐車（輪）場,キーなし,なし,その他
窃盗,オートバイ盗,三田,志手原,282197,兵庫県,三田市,香下,2023[sanitize]08[sanitize]23,21,一戸建住宅,駐車（輪）場,キーあり,なし,その他
窃盗,オートバイ盗,東灘,六甲アイランド,281018,兵庫県,神戸市東灘区,向洋町中６丁目,2022[sanitize]09[sanitize]12,20,駐車（輪）場,駐車（輪）場,キーなし,なし,その他
窃盗,オートバイ盗,東灘,岡本,281018,兵庫県,神戸市東灘区,岡本１丁目,2023[sanitize]04[sanitize]16,08,道路上,その他,キーなし,なし,その他
窃盗,オートバイ盗,東灘,岡本,281018,兵庫県,神戸市東灘区,岡本１丁目,2023[sanitize]09[sanitize]02,16,駐車（輪）場,駐車（輪）場,キーあり,なし,その他
窃盗,オートバイ盗,東灘,森,281018,兵庫県,神戸市東灘区,本山南町１丁目,2021[sanitize]02[sanitize]10,17,４階建て以上共同住宅,駐車（輪）場,キーなし,なし,その他
窃盗,オートバイ盗,東灘,田中,281018,兵庫県,神戸市東灘区,田中町２丁目,2023[sanitize]04[sanitize]28,21,駐車（輪）場,駐車（輪）場,キーなし,なし,その他
窃盗,オートバイ盗,東灘,石屋川,281018,兵庫県,神戸市東灘区,御影石町２丁目,2023[sanitize]07[sanitize]31,23,道路上,その他,キーなし,なし,その他
窃盗,オートバイ盗,東灘,石屋川,281018,兵庫県,神戸市東灘区,御影石町２丁目,2023[sanitize]10[sanitize]24,23,駐車（輪）場,駐車（輪）場,キーなし,なし,その他
窃盗,オートバイ盗,東灘,石屋川,281018,兵庫県,神戸市東灘区,御影塚町２丁目,2023[sanitize]04[sanitize]30,16,４階建て以上共同住宅,駐車（輪）場,キーなし,なし,その他
窃盗,オートバイ盗,東灘,魚崎,281018,兵庫県,神戸市東灘区,魚崎北町２丁目,2023[sanitize]07[sanitize]23,15,その他の住宅（３階建て以下共同住宅等）,駐車（輪）場,キーなし,なし,その他
窃盗,オートバイ盗,東灘,ＪＲ住吉駅前,281018,兵庫県,神戸市東灘区,住吉本町１丁目,2023[sanitize]03[sanitize]30,20,その他,その他,キーあり,なし,その他
窃盗,オートバイ盗,灘,八幡,281026,兵庫県,神戸市灘区,宮山町２丁目,2023[sanitize]11[sanitize]18,16,駐車（輪）場,駐車（輪）場,キーあり,なし,その他
窃盗,オートバイ盗,灘,六甲,281026,兵庫県,神戸市灘区,神前町２丁目,2022[sanitize]05[sanitize]20,16,道路上,その他,キーあり,あり,その他
窃盗,オートバイ盗,灘,大石,281026,兵庫県,神戸市灘区,新在家南町３丁目,2023[sanitize]12[sanitize]20,02,道路上,その他,キーあり,なし,その他
窃盗,オートバイ盗,灘,桜口,281026,兵庫県,神戸市灘区,深田町３丁目,2023[sanitize]05[sanitize]25,08,４階建て以上共同住宅,駐車（輪）場,キーなし,なし,その他
窃盗,オートバイ盗,灘,桜口,281026,兵庫県,神戸市灘区,深田町４丁目,2023[sanitize]11[sanitize]08,13,４階建て以上共同住宅,駐車（輪）場,キーあり,あり,その他
窃盗,オートバイ盗,灘,王子公園,281026,兵庫県,神戸市灘区,灘北通８丁目,2023[sanitize]02[sanitize]10,15,４階建て以上共同住宅,駐車（輪）場,キーなし,なし,その他
窃盗,オートバイ盗,灘,西灘,281026,兵庫県,神戸市灘区,摩耶海岸通１丁目,2023[sanitize]01[sanitize]26,22,４階建て以上共同住宅,駐車（輪）場,キーなし,なし,その他
窃盗,オートバイ盗,灘,西灘,281026,兵庫県,神戸市灘区,摩耶海岸通２丁目,2021[sanitize]08[sanitize]17,10,４階建て以上共同住宅,駐車（輪）場,キーなし,なし,その他
窃盗,オートバイ盗,灘,西灘,281026,兵庫県,神戸市灘区,摩耶海岸通２丁目,2023[sanitize]01[sanitize]17,05,４階建て以上共同住宅,駐車（輪）場,キーなし,なし,その他
窃盗,オートバイ盗,灘,鶴甲,281026,兵庫県,神戸市灘区,六甲台町,2023[sanitize]10[sanitize]30,14,その他,駐車（輪）場,キーあり,なし,その他
窃盗,オートバイ盗,灘,,281026,兵庫県,神戸市灘区,宮山町３丁目,2023[sanitize]11[sanitize]13,04,その他,駐車（輪）場,キーあり,なし,その他
窃盗,オートバイ盗,葺合,三宮センター,281107,兵庫県,神戸市中央区,旭通３丁目,2023[sanitize]08[sanitize]23,19,その他の住宅（３階建て以下共同住宅等）,その他,キーあり,なし,その他
窃盗,オートバイ盗,葺合,三宮センター,281107,兵庫県,神戸市中央区,小野柄通６丁目,2023[sanitize]08[sanitize]06,01,その他,駐車（輪）場,キーあり,なし,その他
窃盗,オートバイ盗,葺合,三宮センター,281107,兵庫県,神戸市中央区,雲井通７丁目,2023[sanitize]10[sanitize]02,19,駐車（輪）場,駐車（輪）場,キーあり,なし,その他
窃盗,オートバイ盗,葺合,三宮センター,281107,兵庫県,神戸市中央区,雲井通８丁目,2023[sanitize]12[sanitize]11,21,駐車（輪）場,駐車（輪）場,キーあり,なし,その他
窃盗,オートバイ盗,葺合,三宮センター,281107,兵庫県,神戸市中央区,浜辺通６丁目,2023[sanitize]02[sanitize]12,00,４階建て以上共同住宅,駐車（輪）場,キーなし,なし,その他
窃盗,オートバイ盗,葺合,二宮,281107,兵庫県,神戸市中央区,二宮町４丁目,2023[sanitize]11[sanitize]09,14,その他,その他,キーなし,なし,その他
窃盗,オートバイ盗,葺合,割塚,281107,兵庫県,神戸市中央区,東雲通１丁目,2023[sanitize]04[sanitize]24,21,４階建て以上共同住宅,駐車（輪）場,キーなし,なし,その他
窃盗,オートバイ盗,葺合,割塚,281107,兵庫県,神戸市中央区,割塚通７丁目,2023[sanitize]03[sanitize]07,17,道路上,その他,キーあり,なし,その他
窃盗,オートバイ盗,葺合,小野柄,281107,兵庫県,神戸市中央区,雲井通４丁目,2023[sanitize]01[sanitize]01,21,道路上,その他,キーなし,なし,その他
窃盗,オートバイ盗,葺合,熊内,281107,兵庫県,神戸市中央区,葺合町字布引山,2023[sanitize]11[sanitize]17,16,駐車（輪）場,駐車（輪）場,キーなし,なし,その他
窃盗,オートバイ盗,葺合,ＨＡＴ神戸,281107,兵庫県,神戸市中央区,脇浜海岸通３丁目,2023[sanitize]03[sanitize]31,12,４階建て以上共同住宅,駐車（輪）場,キーなし,なし,その他
窃盗,オートバイ盗,生田,デュオこうべ,281107,兵庫県,神戸市中央区,中町通３丁目,2023[sanitize]07[sanitize]14,20,駐車（輪）場,駐車（輪）場,キーなし,なし,その他
窃盗,オートバイ盗,生田,ハーバーランド,281107,兵庫県,神戸市中央区,東川崎町１丁目,2020[sanitize]12[sanitize]20,11,駐車（輪）場,駐車（輪）場,キーなし,なし,その他
窃盗,オートバイ盗,生田,京町,281107,兵庫県,神戸市中央区,明石町,2023[sanitize]09[sanitize]19,11,道路上,その他,キーあり,なし,その他
窃盗,オートバイ盗,生田,元町通,281107,兵庫県,神戸市中央区,海岸通３丁目,2022[sanitize]11[sanitize]01,09,４階建て以上共同住宅,駐車（輪）場,キーなし,なし,その他
窃盗,オートバイ盗,生田,元町通,281107,兵庫県,神戸市中央区,元町通６丁目,2023[sanitize]06[sanitize]01,04,道路上,その他,キーあり,なし,その他
窃盗,オートバイ盗,生田,元町駅,281107,兵庫県,神戸市中央区,北長狭通３丁目,2023[sanitize]10[sanitize]09,16,駐車（輪）場,駐車（輪）場,キーあり,なし,その他
窃盗,オートバイ盗,生田,北野,281107,兵庫県,神戸市中央区,山本通３丁目,2019[sanitize]03[sanitize]31,00,駐車（輪）場,駐車（輪）場,キーなし,なし,その他
窃盗,オートバイ盗,生田,大倉山,281107,兵庫県,神戸市中央区,楠町３丁目,2023[sanitize]09[sanitize]05,03,４階建て以上共同住宅,その他,キーあり,なし,その他
窃盗,オートバイ盗,生田,大倉山,281107,兵庫県,神戸市中央区,橘通１丁目,2023[sanitize]11[sanitize]06,03,道路上,その他,キーなし,なし,その他
窃盗,オートバイ盗,生田,生田前,281107,兵庫県,神戸市中央区,加納町３丁目,2022[sanitize]01[sanitize]05,13,駐車（輪）場,駐車（輪）場,キーなし,あり,その他
窃盗,オートバイ盗,生田,生田前,281107,兵庫県,神戸市中央区,加納町３丁目,2022[sanitize]01[sanitize]05,13,駐車（輪）場,駐車（輪）場,キーなし,なし,その他
窃盗,オートバイ盗,生田,生田前,281107,兵庫県,神戸市中央区,加納町４丁目,2023[sanitize]02[sanitize]06,19,道路上,その他,キーなし,なし,その他
窃盗,オートバイ盗,生田,生田前,281107,兵庫県,神戸市中央区,加納町４丁目,2023[sanitize]10[sanitize]09,20,道路上,その他,キーあり,なし,その他
窃盗,オートバイ盗,生田,生田前,281107,兵庫県,神戸市中央区,北長狭通１丁目,2023[sanitize]08[sanitize]29,14,駐車（輪）場,駐車（輪）場,キーなし,なし,その他
窃盗,オートバイ盗,生田,生田前,281107,兵庫県,神戸市中央区,北長狭通１丁目,2023[sanitize]09[sanitize]11,00,駐車（輪）場,駐車（輪）場,キーあり,なし,その他
窃盗,オートバイ盗,生田,生田前,281107,兵庫県,神戸市中央区,北長狭通１丁目,2023[sanitize]09[sanitize]18,01,道路上,その他,キーあり,なし,その他
窃盗,オートバイ盗,生田,生田前,281107,兵庫県,神戸市中央区,北長狭通２丁目,2023[sanitize]09[sanitize]09,20,駐車（輪）場,駐車（輪）場,キーなし,なし,その他
窃盗,オートバイ盗,生田,生田前,281107,兵庫県,神戸市中央区,北長狭通２丁目,2023[sanitize]11[sanitize]12,21,駐車（輪）場,駐車（輪）場,キーなし,なし,その他
窃盗,オートバイ盗,生田,生田前,281107,兵庫県,神戸市中央区,中山手通１丁目,2023[sanitize]03[sanitize]24,10,道路上,その他,キーあり,なし,その他
窃盗,オートバイ盗,生田,諏訪山,281107,兵庫県,神戸市中央区,中山手通４丁目,2023[sanitize]07[sanitize]15,09,その他,駐車（輪）場,キーなし,あり,その他
窃盗,オートバイ盗,生田,諏訪山,281107,兵庫県,神戸市中央区,中山手通４丁目,2023[sanitize]10[sanitize]10,15,その他,駐車（輪）場,キーなし,なし,その他
窃盗,オートバイ盗,兵庫,七宮,281051,兵庫県,神戸市兵庫区,本町２丁目,2023[sanitize]09[sanitize]25,09,４階建て以上共同住宅,駐車（輪）場,キーなし,なし,その他
窃盗,オートバイ盗,兵庫,兵庫駅前,281051,兵庫県,神戸市兵庫区,駅前通１丁目,2023[sanitize]03[sanitize]07,13,道路上,その他,キーなし,なし,その他
窃盗,オートバイ盗,兵庫,兵庫駅前,281051,兵庫県,神戸市兵庫区,駅前通１丁目,2023[sanitize]06[sanitize]18,21,４階建て以上共同住宅,駐車（輪）場,キーあり,あり,その他
窃盗,オートバイ盗,兵庫,兵庫駅前,281051,兵庫県,神戸市兵庫区,駅前通５丁目,2023[sanitize]03[sanitize]24,08,駐車（輪）場,駐車（輪）場,キーなし,あり,その他
窃盗,オートバイ盗,兵庫,大開,281051,兵庫県,神戸市兵庫区,塚本通２丁目,2023[sanitize]01[sanitize]05,09,道路上,その他,キーなし,なし,その他
窃盗,オートバイ盗,兵庫,御崎公園,281051,兵庫県,神戸市兵庫区,上庄通２丁目,2023[sanitize]05[sanitize]20,03,その他,その他,キーなし,なし,その他
窃盗,オートバイ盗,兵庫,御崎公園,281051,兵庫県,神戸市兵庫区,御崎町２丁目,2023[sanitize]10[sanitize]04,18,一戸建住宅,その他,キーあり,なし,その他
窃盗,オートバイ盗,兵庫,御崎公園,281051,兵庫県,神戸市兵庫区,吉田町１丁目,2023[sanitize]05[sanitize]01,08,４階建て以上共同住宅,駐車（輪）場,キーなし,なし,その他
窃盗,オートバイ盗,兵庫,新開地,281051,兵庫県,神戸市兵庫区,佐比江町,2021[sanitize]07[sanitize]01,00,４階建て以上共同住宅,駐車（輪）場,キーなし,なし,その他
窃盗,オートバイ盗,兵庫,新開地,281051,兵庫県,神戸市兵庫区,新開地３丁目,2023[sanitize]05[sanitize]03,14,道路上,その他,キーあり,なし,その他
窃盗,オートバイ盗,兵庫,新開地,281051,兵庫県,神戸市兵庫区,西出町１丁目,2023[sanitize]06[sanitize]27,17,４階建て以上共同住宅,駐車（輪）場,キーなし,なし,その他
窃盗,オートバイ盗,兵庫,新開地,281051,兵庫県,神戸市兵庫区,湊町３丁目,2023[sanitize]04[sanitize]27,17,駐車（輪）場,駐車（輪）場,キーあり,なし,その他
窃盗,オートバイ盗,兵庫,新開地,281051,兵庫県,神戸市兵庫区,湊町４丁目,2023[sanitize]07[sanitize]15,19,道路上,その他,キーなし,なし,その他
窃盗,オートバイ盗,兵庫,明親,281051,兵庫県,神戸市兵庫区,駅南通５丁目,2022[sanitize]12[sanitize]01,00,４階建て以上共同住宅,駐車（輪）場,キーなし,なし,その他
窃盗,オートバイ盗,兵庫,明親,281051,兵庫県,神戸市兵庫区,駅南通５丁目,2023[sanitize]01[sanitize]15,12,４階建て以上共同住宅,駐車（輪）場,キーなし,なし,その他
窃盗,オートバイ盗,兵庫,明親,281051,兵庫県,神戸市兵庫区,駅南通５丁目,2023[sanitize]05[sanitize]01,00,４階建て以上共同住宅,駐車（輪）場,キーなし,なし,その他
窃盗,オートバイ盗,兵庫,湊川,281051,兵庫県,神戸市兵庫区,新開地１丁目,2023[sanitize]06[sanitize]07,14,その他,その他,キーあり,なし,その他
窃盗,オートバイ盗,兵庫,湊川,281051,兵庫県,神戸市兵庫区,新開地１丁目,2023[sanitize]10[sanitize]21,17,道路上,その他,キーあり,なし,その他
窃盗,オートバイ盗,兵庫,湊川,281051,兵庫県,神戸市兵庫区,中道通１丁目,2023[sanitize]03[sanitize]09,21,道路上,その他,キーなし,なし,その他
窃盗,オートバイ盗,兵庫,皿池,281051,兵庫県,神戸市兵庫区,上沢通７丁目,2023[sanitize]06[sanitize]25,14,道路上,その他,キーあり,なし,その他
窃盗,オートバイ盗,兵庫,皿池,281051,兵庫県,神戸市兵庫区,中道通６丁目,2023[sanitize]08[sanitize]03,18,その他,その他,キーあり,なし,その他
窃盗,オートバイ盗,兵庫,皿池,281051,兵庫県,神戸市兵庫区,中道通８丁目,2023[sanitize]10[sanitize]27,18,一戸建住宅,駐車（輪）場,キーあり,なし,その他
窃盗,オートバイ盗,兵庫,福原,281051,兵庫県,神戸市兵庫区,福原町,2023[sanitize]04[sanitize]01,00,道路上,その他,キーなし,なし,その他
窃盗,オートバイ盗,兵庫,福原,281051,兵庫県,神戸市兵庫区,福原町,2023[sanitize]09[sanitize]30,02,道路上,その他,キーなし,なし,その他
窃盗,オートバイ盗,兵庫,荒田,281051,兵庫県,神戸市兵庫区,荒田町３丁目,2023[sanitize]12[sanitize]01,16,その他,その他,キーなし,なし,その他
窃盗,オートバイ盗,兵庫,菊水西,281051,兵庫県,神戸市兵庫区,菊水町１０丁目,2023[sanitize]05[sanitize]15,19,４階建て以上共同住宅,駐車（輪）場,キーなし,なし,その他
窃盗,オートバイ盗,長田,丸山,281069,兵庫県,神戸市長田区,雲雀ケ丘３丁目,2023[sanitize]05[sanitize]08,18,４階建て以上共同住宅,駐車（輪）場,キーなし,なし,その他
窃盗,オートバイ盗,長田,久保,281069,兵庫県,神戸市長田区,久保町７丁目,2023[sanitize]08[sanitize]17,00,道路上,その他,キーあり,なし,その他
窃盗,オートバイ盗,長田,久保,281069,兵庫県,神戸市長田区,駒栄町３丁目,2023[sanitize]04[sanitize]27,09,その他,駐車（輪）場,キーあり,なし,その他
窃盗,オートバイ盗,長田,久保,281069,兵庫県,神戸市長田区,庄田町２丁目,2023[sanitize]09[sanitize]06,22,道路上,その他,キーあり,なし,その他
窃盗,オートバイ盗,長田,久保,281069,兵庫県,神戸市長田区,庄田町２丁目,2023[sanitize]12[sanitize]18,17,道路上,その他,キーあり,なし,その他
窃盗,オートバイ盗,長田,久保,281069,兵庫県,神戸市長田区,二葉町７丁目,2023[sanitize]06[sanitize]21,21,一戸建住宅,その他,キーなし,なし,その他
窃盗,オートバイ盗,長田,寺池,281069,兵庫県,神戸市長田区,房王寺町３丁目,2023[sanitize]07[sanitize]07,13,４階建て以上共同住宅,駐車（輪）場,キーあり,なし,その他
窃盗,オートバイ盗,長田,平和台,281069,兵庫県,神戸市長田区,高取山町２丁目,2023[sanitize]02[sanitize]03,15,道路上,その他,キーなし,なし,その他
窃盗,オートバイ盗,長田,平和台,281069,兵庫県,神戸市長田区,平和台町２丁目,2023[sanitize]10[sanitize]18,19,道路上,その他,キーなし,なし,その他
窃盗,オートバイ盗,長田,御蔵,281069,兵庫県,神戸市長田区,北町１丁目,2023[sanitize]09[sanitize]01,10,その他,駐車（輪）場,キーあり,なし,その他
窃盗,オートバイ盗,長田,御蔵,281069,兵庫県,神戸市長田区,菅原通７丁目,2023[sanitize]12[sanitize]02,01,道路上,その他,キーなし,なし,その他
窃盗,オートバイ盗,長田,御蔵,281069,兵庫県,神戸市長田区,二番町４丁目,2023[sanitize]12[sanitize]13,15,道路上,その他,キーあり,なし,その他
窃盗,オートバイ盗,長田,御蔵,281069,兵庫県,神戸市長田区,御蔵通２丁目,2023[sanitize]03[sanitize]17,15,その他の住宅（３階建て以下共同住宅等）,駐車（輪）場,キーあり,あり,その他
窃盗,オートバイ盗,長田,新長田駅前,281069,兵庫県,神戸市長田区,大橋町６丁目,2023[sanitize]07[sanitize]06,11,４階建て以上共同住宅,その他,キーなし,なし,その他
窃盗,オートバイ盗,長田,水笠,281069,兵庫県,神戸市長田区,御屋敷通２丁目,2023[sanitize]09[sanitize]17,16,駐車（輪）場,駐車（輪）場,キーあり,なし,その他
窃盗,オートバイ盗,長田,水笠,281069,兵庫県,神戸市長田区,御屋敷通２丁目,2023[sanitize]10[sanitize]14,10,駐車（輪）場,駐車（輪）場,キーあり,なし,その他
窃盗,オートバイ盗,長田,水笠,281069,兵庫県,神戸市長田区,御屋敷通２丁目,2023[sanitize]12[sanitize]14,20,駐車（輪）場,駐車（輪）場,キーあり,なし,その他
窃盗,オートバイ盗,長田,水笠,281069,兵庫県,神戸市長田区,御屋敷通３丁目,2023[sanitize]10[sanitize]02,07,駐車（輪）場,駐車（輪）場,キーなし,なし,その他
窃盗,オートバイ盗,長田,水笠,281069,兵庫県,神戸市長田区,御屋敷通３丁目,2023[sanitize]11[sanitize]03,09,駐車（輪）場,駐車（輪）場,キーあり,なし,その他
窃盗,オートバイ盗,長田,水笠,281069,兵庫県,神戸市長田区,西代通１丁目,2023[sanitize]09[sanitize]04,18,駐車（輪）場,駐車（輪）場,キーあり,なし,その他
窃盗,オートバイ盗,長田,水笠,281069,兵庫県,神戸市長田区,西代通１丁目,2023[sanitize]09[sanitize]04,20,駐車（輪）場,駐車（輪）場,キーあり,なし,その他
窃盗,オートバイ盗,長田,湊川大橋,281069,兵庫県,神戸市長田区,苅藻通３丁目,2023[sanitize]08[sanitize]07,17,その他の住宅（３階建て以下共同住宅等）,その他,キーなし,なし,その他
窃盗,オートバイ盗,長田,野田,281069,兵庫県,神戸市長田区,長楽町２丁目,2023[sanitize]09[sanitize]21,11,駐車（輪）場,駐車（輪）場,キーあり,なし,その他
窃盗,オートバイ盗,長田,長田,281069,兵庫県,神戸市長田区,大塚町１丁目,2023[sanitize]04[sanitize]27,09,駐車（輪）場,駐車（輪）場,キーなし,なし,その他
窃盗,オートバイ盗,長田,長田,281069,兵庫県,神戸市長田区,長田町６丁目,2023[sanitize]04[sanitize]13,19,その他の住宅（３階建て以下共同住宅等）,その他,キーなし,なし,その他
窃盗,オートバイ盗,長田,長田東,281069,兵庫県,神戸市長田区,五番町８丁目,2023[sanitize]10[sanitize]28,16,駐車（輪）場,駐車（輪）場,キーあり,なし,その他
窃盗,オートバイ盗,長田,長田東,281069,兵庫県,神戸市長田区,五番町８丁目,2023[sanitize]12[sanitize]01,09,駐車（輪）場,駐車（輪）場,キーあり,なし,その他
窃盗,オートバイ盗,長田,長田東,281069,兵庫県,神戸市長田区,三番町４丁目,2023[sanitize]11[sanitize]04,21,その他,駐車（輪）場,キーあり,なし,その他
窃盗,オートバイ盗,長田,長田東,281069,兵庫県,神戸市長田区,四番町３丁目,2022[sanitize]10[sanitize]03,00,４階建て以上共同住宅,駐車（輪）場,キーなし,なし,その他
窃盗,オートバイ盗,長田,長田東,281069,兵庫県,神戸市長田区,四番町８丁目,2023[sanitize]10[sanitize]08,21,道路上,その他,キーあり,なし,その他
窃盗,オートバイ盗,須磨,千歳,281077,兵庫県,神戸市須磨区,大田町２丁目,2023[sanitize]10[sanitize]22,10,４階建て以上共同住宅,駐車（輪）場,キーあり,なし,その他
窃盗,オートバイ盗,須磨,千歳,281077,兵庫県,神戸市須磨区,大田町８丁目,2023[sanitize]10[sanitize]20,08,一戸建住宅,駐車（輪）場,キーなし,なし,その他
窃盗,オートバイ盗,須磨,名谷中央,281077,兵庫県,神戸市須磨区,中落合２丁目,2023[sanitize]04[sanitize]07,12,その他,駐車（輪）場,キーあり,なし,その他
窃盗,オートバイ盗,須磨,板宿,281077,兵庫県,神戸市須磨区,磯馴町１丁目,2023[sanitize]10[sanitize]13,07,駐車（輪）場,駐車（輪）場,キーあり,なし,その他
窃盗,オートバイ盗,須磨,板宿,281077,兵庫県,神戸市須磨区,神撫町３丁目,2023[sanitize]08[sanitize]15,12,道路上,その他,キーあり,なし,その他
窃盗,オートバイ盗,須磨,板宿,281077,兵庫県,神戸市須磨区,飛松町１丁目,2023[sanitize]08[sanitize]06,22,道路上,その他,キーあり,なし,その他
窃盗,オートバイ盗,須磨,白川台,281077,兵庫県,神戸市須磨区,白川台１丁目,2023[sanitize]10[sanitize]17,23,４階建て以上共同住宅,駐車（輪）場,キーあり,なし,なし
窃盗,オートバイ盗,須磨,若宮,281077,兵庫県,神戸市須磨区,鷹取町４丁目,2023[sanitize]06[sanitize]18,19,道路上,その他,キーなし,なし,その他
窃盗,オートバイ盗,須磨,須磨駅前,281077,兵庫県,神戸市須磨区,潮見台町１丁目,2023[sanitize]05[sanitize]29,07,駐車（輪）場,駐車（輪）場,キーあり,なし,その他
窃盗,オートバイ盗,須磨,,281077,兵庫県,神戸市須磨区,車字下大道,2023[sanitize]03[sanitize]12,不明,その他の住宅（３階建て以下共同住宅等）,駐車（輪）場,キーあり,なし,その他
窃盗,オートバイ盗,垂水,上高丸,281085,兵庫県,神戸市垂水区,高丸７丁目,2023[sanitize]03[sanitize]18,18,４階建て以上共同住宅,駐車（輪）場,キーなし,あり,その他
窃盗,オートバイ盗,垂水,名谷,281085,兵庫県,神戸市垂水区,名谷町,2021[sanitize]10[sanitize]01,12,駐車（輪）場,駐車（輪）場,キーなし,なし,その他
窃盗,オートバイ盗,垂水,垂水駅前,281085,兵庫県,神戸市垂水区,海岸通,2023[sanitize]12[sanitize]15,19,その他,駐車（輪）場,キーあり,なし,その他
窃盗,オートバイ盗,垂水,垂水駅前,281085,兵庫県,神戸市垂水区,日向１丁目,2023[sanitize]07[sanitize]25,19,駐車（輪）場,駐車（輪）場,キーなし,なし,その他
窃盗,オートバイ盗,垂水,垂水駅前,281085,兵庫県,神戸市垂水区,日向１丁目,2023[sanitize]11[sanitize]06,09,駐車（輪）場,駐車（輪）場,キーあり,なし,その他
窃盗,オートバイ盗,垂水,垂水駅前,281085,兵庫県,神戸市垂水区,平磯３丁目,2023[sanitize]11[sanitize]12,10,駐車（輪）場,駐車（輪）場,キーなし,なし,その他
窃盗,オートバイ盗,垂水,垂水駅前,281085,兵庫県,神戸市垂水区,星が丘３丁目,2023[sanitize]03[sanitize]13,13,その他の住宅（３階建て以下共同住宅等）,駐車（輪）場,キーなし,なし,その他
窃盗,オートバイ盗,垂水,垂水駅前,281085,兵庫県,神戸市垂水区,宮本町,2023[sanitize]10[sanitize]01,01,その他,その他,キーあり,なし,その他
窃盗,オートバイ盗,垂水,塩屋,281085,兵庫県,神戸市垂水区,塩屋町４丁目,2023[sanitize]12[sanitize]23,04,その他,駐車（輪）場,キーあり,なし,その他
窃盗,オートバイ盗,垂水,平尾,281085,兵庫県,神戸市垂水区,王居殿２丁目,2023[sanitize]11[sanitize]07,21,道路上,その他,キーなし,なし,その他
窃盗,オートバイ盗,垂水,新多聞,281085,兵庫県,神戸市垂水区,本多聞５丁目,2018[sanitize]06[sanitize]01,00,駐車（輪）場,駐車（輪）場,キーなし,なし,その他
窃盗,オートバイ盗,垂水,新多聞,281085,兵庫県,神戸市垂水区,本多聞５丁目,2023[sanitize]01[sanitize]18,14,駐車（輪）場,駐車（輪）場,キーあり,なし,その他
窃盗,オートバイ盗,垂水,明舞,281085,兵庫県,神戸市垂水区,神陵台１丁目,2023[sanitize]09[sanitize]19,08,４階建て以上共同住宅,駐車（輪）場,キーなし,なし,その他
窃盗,オートバイ盗,垂水,明舞,281085,兵庫県,神戸市垂水区,神陵台９丁目,2023[sanitize]06[sanitize]25,23,一戸建住宅,その他,キーなし,なし,その他
窃盗,オートバイ盗,垂水,明舞,281085,兵庫県,神戸市垂水区,南多聞台４丁目,2023[sanitize]06[sanitize]17,23,４階建て以上共同住宅,駐車（輪）場,キーなし,あり,その他
窃盗,オートバイ盗,垂水,西舞子,281085,兵庫県,神戸市垂水区,西舞子４丁目,2023[sanitize]11[sanitize]23,20,駐車（輪）場,駐車（輪）場,キーなし,なし,その他
窃盗,オートバイ盗,垂水,霞ヶ丘,281085,兵庫県,神戸市垂水区,霞ケ丘４丁目,2023[sanitize]01[sanitize]21,15,一戸建住宅,その他,キーなし,なし,その他
窃盗,オートバイ盗,垂水,霞ヶ丘,281085,兵庫県,神戸市垂水区,霞ケ丘７丁目,2023[sanitize]07[sanitize]01,15,駐車（輪）場,駐車（輪）場,キーなし,あり,その他
窃盗,オートバイ盗,垂水,青山台,281085,兵庫県,神戸市垂水区,青山台４丁目,2023[sanitize]05[sanitize]16,21,４階建て以上共同住宅,駐車（輪）場,キーなし,なし,その他
窃盗,オートバイ盗,垂水,青山台,281085,兵庫県,神戸市垂水区,青山台５丁目,2022[sanitize]12[sanitize]30,17,駐車（輪）場,駐車（輪）場,キーなし,なし,その他
窃盗,オートバイ盗,神戸西,伊川谷,281115,兵庫県,神戸市西区,伊川谷町上脇,2022[sanitize]06[sanitize]22,17,その他,その他,キーあり,なし,その他
窃盗,オートバイ盗,神戸西,伊川谷,281115,兵庫県,神戸市西区,伊川谷町上脇,2023[sanitize]05[sanitize]06,09,一戸建住宅,その他,キーあり,なし,その他
窃盗,オートバイ盗,神戸西,伊川谷,281115,兵庫県,神戸市西区,北別府２丁目,2022[sanitize]12[sanitize]25,22,その他,駐車（輪）場,キーなし,なし,その他
窃盗,オートバイ盗,神戸西,伊川谷,281115,兵庫県,神戸市西区,池上３丁目,2023[sanitize]09[sanitize]23,15,その他,駐車（輪）場,キーあり,なし,その他
窃盗,オートバイ盗,神戸西,伊川谷,281115,兵庫県,神戸市西区,大津和２丁目,2023[sanitize]09[sanitize]03,23,その他の住宅（３階建て以下共同住宅等）,駐車（輪）場,キーあり,なし,その他
窃盗,オートバイ盗,神戸西,伊川谷,281115,兵庫県,神戸市西区,大津和３丁目,2023[sanitize]07[sanitize]24,20,その他の住宅（３階建て以下共同住宅等）,駐車（輪）場,キーなし,なし,その他
窃盗,オートバイ盗,神戸西,伊川谷,281115,兵庫県,神戸市西区,南別府１丁目,2023[sanitize]09[sanitize]12,01,その他,駐車（輪）場,キーなし,なし,その他
窃盗,オートバイ盗,神戸西,伊川谷,281115,兵庫県,神戸市西区,南別府１丁目,2023[sanitize]09[sanitize]24,21,その他の住宅（３階建て以下共同住宅等）,駐車（輪）場,キーなし,なし,その他
窃盗,オートバイ盗,神戸西,出合,281115,兵庫県,神戸市西区,丸塚１丁目,2023[sanitize]04[sanitize]06,22,４階建て以上共同住宅,駐車（輪）場,キーなし,なし,その他
窃盗,オートバイ盗,神戸西,古郷,281115,兵庫県,神戸市西区,岩岡町野中,2023[sanitize]11[sanitize]18,14,道路上,その他,キーあり,なし,その他
窃盗,オートバイ盗,神戸西,古郷,281115,兵庫県,神戸市西区,岩岡町古郷,2023[sanitize]02[sanitize]10,17,一戸建住宅,駐車（輪）場,キーあり,なし,その他
窃盗,オートバイ盗,神戸西,学園駅前,281115,兵庫県,神戸市西区,学園西町７丁目,2023[sanitize]11[sanitize]29,20,４階建て以上共同住宅,駐車（輪）場,キーなし,なし,その他
窃盗,オートバイ盗,神戸西,有瀬,281115,兵庫県,神戸市西区,伊川谷町有瀬,2022[sanitize]12[sanitize]28,23,４階建て以上共同住宅,駐車（輪）場,キーなし,なし,その他
窃盗,オートバイ盗,神戸西,有瀬,281115,兵庫県,神戸市西区,伊川谷町有瀬,2023[sanitize]02[sanitize]13,23,その他,駐車（輪）場,キーあり,なし,その他
窃盗,オートバイ盗,神戸西,有瀬,281115,兵庫県,神戸市西区,伊川谷町有瀬,2023[sanitize]05[sanitize]01,22,その他,駐車（輪）場,キーあり,なし,その他
窃盗,オートバイ盗,神戸西,有瀬,281115,兵庫県,神戸市西区,伊川谷町有瀬,2023[sanitize]10[sanitize]26,19,駐車（輪）場,駐車（輪）場,キーあり,なし,その他
窃盗,オートバイ盗,神戸西,狩場台,281115,兵庫県,神戸市西区,狩場台３丁目,2023[sanitize]02[sanitize]17,20,４階建て以上共同住宅,駐車（輪）場,キーなし,なし,その他
窃盗,オートバイ盗,神戸西,玉津,281115,兵庫県,神戸市西区,平野町向井,2022[sanitize]07[sanitize]01,00,その他,その他,キーなし,なし,その他
窃盗,オートバイ盗,神戸西,神出,281115,兵庫県,神戸市西区,神出町古神,2022[sanitize]12[sanitize]01,17,道路上,その他,キーなし,なし,その他
窃盗,オートバイ盗,神戸西,高和,281115,兵庫県,神戸市西区,押部谷町高和,2023[sanitize]03[sanitize]16,13,道路上,その他,キーなし,なし,その他
窃盗,オートバイ盗,有馬,二郎,281093,兵庫県,神戸市北区,有野中町４丁目,2023[sanitize]04[sanitize]12,18,その他,駐車（輪）場,キーなし,あり,その他
窃盗,オートバイ盗,有馬,生野,281093,兵庫県,神戸市北区,道場町生野,2023[sanitize]11[sanitize]07,07,その他,駐車（輪）場,キーあり,なし,その他
窃盗,オートバイ盗,有馬,長尾,281093,兵庫県,神戸市北区,鹿の子台北町２丁目,2023[sanitize]04[sanitize]26,22,４階建て以上共同住宅,駐車（輪）場,キーなし,あり,その他
窃盗,オートバイ盗,有馬,長尾,281093,兵庫県,神戸市北区,鹿の子台北町３丁目,2023[sanitize]05[sanitize]05,19,４階建て以上共同住宅,駐車（輪）場,キーなし,なし,その他
窃盗,オートバイ盗,神戸北,五葉,281093,兵庫県,神戸市北区,北五葉１丁目,2023[sanitize]12[sanitize]27,12,その他,その他,キーなし,なし,その他
窃盗,オートバイ盗,神戸北,北鈴蘭台,281093,兵庫県,神戸市北区,泉台２丁目,2023[sanitize]01[sanitize]13,21,道路上,その他,キーなし,なし,その他
窃盗,オートバイ盗,神戸北,北鈴蘭台,281093,兵庫県,神戸市北区,甲栄台４丁目,2023[sanitize]04[sanitize]14,13,駐車（輪）場,駐車（輪）場,キーあり,なし,その他
窃盗,オートバイ盗,神戸北,谷上駅前,281093,兵庫県,神戸市北区,花山東町,2022[sanitize]12[sanitize]01,08,駐車（輪）場,駐車（輪）場,キーなし,なし,その他
窃盗,オートバイ盗,神戸北,鈴蘭台,281093,兵庫県,神戸市北区,鈴蘭台西町４丁目,2015[sanitize]01[sanitize]03,17,一戸建住宅,その他,キーなし,なし,その他
窃盗,オートバイ盗,芦屋,宮川,282065,兵庫県,芦屋市,楠町,2022[sanitize]09[sanitize]10,12,その他の住宅（３階建て以下共同住宅等）,駐車（輪）場,キーなし,なし,その他
窃盗,オートバイ盗,芦屋,業平橋,282065,兵庫県,芦屋市,津知町,2023[sanitize]03[sanitize]29,09,道路上,その他,キーあり,なし,その他
窃盗,オートバイ盗,芦屋,高浜,282065,兵庫県,芦屋市,高浜町,2023[sanitize]08[sanitize]29,17,駐車（輪）場,駐車（輪）場,キーなし,なし,その他
窃盗,オートバイ盗,芦屋,高浜,282065,兵庫県,芦屋市,若葉町,2022[sanitize]09[sanitize]15,00,４階建て以上共同住宅,駐車（輪）場,キーなし,なし,その他
窃盗,オートバイ盗,芦屋,高浜,282065,兵庫県,芦屋市,若葉町,2023[sanitize]10[sanitize]10,08,４階建て以上共同住宅,その他,キーなし,なし,その他
窃盗,オートバイ盗,芦屋,高浜,282065,兵庫県,芦屋市,陽光町,2019[sanitize]05[sanitize]01,00,４階建て以上共同住宅,駐車（輪）場,キーなし,なし,その他
窃盗,オートバイ盗,芦屋,高浜,282065,兵庫県,芦屋市,陽光町,2023[sanitize]06[sanitize]25,10,４階建て以上共同住宅,駐車（輪）場,キーあり,なし,その他
窃盗,オートバイ盗,西宮,上ヶ原,282049,兵庫県,西宮市,上ケ原九番町,2023[sanitize]03[sanitize]08,08,一戸建住宅,その他,キーあり,なし,その他
窃盗,オートバイ盗,西宮,上之町,282049,兵庫県,西宮市,堤町,2023[sanitize]10[sanitize]21,10,一戸建住宅,駐車（輪）場,キーあり,なし,その他
窃盗,オートバイ盗,西宮,今津駅前,282049,兵庫県,西宮市,今津曙町,2023[sanitize]12[sanitize]20,15,その他の住宅（３階建て以下共同住宅等）,駐車（輪）場,キーあり,なし,その他
窃盗,オートバイ盗,西宮,北口西,282049,兵庫県,西宮市,甲風園１丁目,2023[sanitize]01[sanitize]21,22,道路上,その他,キーあり,なし,その他
窃盗,オートバイ盗,西宮,寿,282049,兵庫県,西宮市,神原,2023[sanitize]03[sanitize]28,22,４階建て以上共同住宅,駐車（輪）場,キーなし,なし,その他
窃盗,オートバイ盗,西宮,寿,282049,兵庫県,西宮市,櫨塚町,2023[sanitize]09[sanitize]02,17,４階建て以上共同住宅,駐車（輪）場,キーなし,なし,その他
窃盗,オートバイ盗,西宮,川添,282049,兵庫県,西宮市,大浜町,2023[sanitize]09[sanitize]29,21,道路上,その他,キーあり,なし,その他
窃盗,オートバイ盗,西宮,市庭,282049,兵庫県,西宮市,弓場町,2023[sanitize]02[sanitize]18,19,道路上,その他,キーあり,なし,その他
窃盗,オートバイ盗,西宮,札場筋,282049,兵庫県,西宮市,石在町,2023[sanitize]12[sanitize]01,20,一戸建住宅,その他,キーなし,なし,その他
窃盗,オートバイ盗,西宮,札場筋,282049,兵庫県,西宮市,六湛寺町,2023[sanitize]02[sanitize]17,22,その他,駐車（輪）場,キーあり,なし,その他
窃盗,オートバイ盗,西宮,札場筋,282049,兵庫県,西宮市,六湛寺町,2023[sanitize]02[sanitize]27,11,道路上,その他,キーあり,なし,その他
窃盗,オートバイ盗,西宮,札場筋,282049,兵庫県,西宮市,六湛寺町,2023[sanitize]10[sanitize]18,07,駐車（輪）場,駐車（輪）場,キーなし,なし,その他
窃盗,オートバイ盗,西宮,甲東園,282049,兵庫県,西宮市,段上町２丁目,2023[sanitize]05[sanitize]24,15,その他の住宅（３階建て以下共同住宅等）,駐車（輪）場,キーなし,なし,その他
窃盗,オートバイ盗,西宮,甲武橋,282049,兵庫県,西宮市,一里山町,2023[sanitize]08[sanitize]15,18,一戸建住宅,駐車（輪）場,キーなし,なし,その他
窃盗,オートバイ盗,西宮,甲武橋,282049,兵庫県,西宮市,一里山町,2023[sanitize]10[sanitize]25,18,その他の住宅（３階建て以下共同住宅等）,駐車（輪）場,キーなし,なし,なし
窃盗,オートバイ盗,西宮,社前,282049,兵庫県,西宮市,今津二葉町,2023[sanitize]12[sanitize]20,19,その他の住宅（３階建て以下共同住宅等）,駐車（輪）場,キーなし,なし,その他
窃盗,オートバイ盗,西宮,芦原,282049,兵庫県,西宮市,中殿町,2023[sanitize]11[sanitize]12,05,４階建て以上共同住宅,その他,キーあり,なし,その他
窃盗,オートバイ盗,西宮,西宮中央,282049,兵庫県,西宮市,北口町,2023[sanitize]02[sanitize]18,19,その他,駐車（輪）場,キーあり,なし,その他
窃盗,オートバイ盗,西宮,西宮中央,282049,兵庫県,西宮市,北口町,2023[sanitize]03[sanitize]08,14,その他,駐車（輪）場,キーあり,なし,その他
窃盗,オートバイ盗,西宮,西宮中央,282049,兵庫県,西宮市,北口町,2023[sanitize]03[sanitize]09,13,道路上,その他,キーあり,なし,その他
窃盗,オートバイ盗,西宮,西宮中央,282049,兵庫県,西宮市,北口町,2023[sanitize]04[sanitize]04,08,道路上,その他,キーなし,なし,その他
窃盗,オートバイ盗,西宮,西宮中央,282049,兵庫県,西宮市,高畑町,2023[sanitize]11[sanitize]12,18,４階建て以上共同住宅,駐車（輪）場,キーなし,なし,その他
窃盗,オートバイ盗,西宮,西宮中央,282049,兵庫県,西宮市,高畑町,2023[sanitize]11[sanitize]14,15,４階建て以上共同住宅,駐車（輪）場,キーなし,なし,その他
窃盗,オートバイ盗,西宮,西宮中央,282049,兵庫県,西宮市,高畑町,2023[sanitize]12[sanitize]10,10,４階建て以上共同住宅,駐車（輪）場,キーなし,なし,その他
窃盗,オートバイ盗,西宮,西宮中央,282049,兵庫県,西宮市,高松町,2023[sanitize]03[sanitize]25,13,その他,駐車（輪）場,キーあり,なし,その他
窃盗,オートバイ盗,西宮,西宮浜,282049,兵庫県,西宮市,西宮浜４丁目,2023[sanitize]06[sanitize]01,16,４階建て以上共同住宅,駐車（輪）場,キーなし,なし,その他
窃盗,オートバイ盗,西宮,青木,282049,兵庫県,西宮市,河原町,2023[sanitize]01[sanitize]22,14,その他,その他,キーあり,なし,その他
窃盗,オートバイ盗,西宮,青木,282049,兵庫県,西宮市,高座町,2023[sanitize]02[sanitize]27,20,一戸建住宅,その他,キーあり,なし,その他
窃盗,オートバイ盗,甲子園,中津,282049,兵庫県,西宮市,浜甲子園４丁目,2023[sanitize]08[sanitize]07,10,４階建て以上共同住宅,駐車（輪）場,キーなし,なし,その他
窃盗,オートバイ盗,甲子園,本郷,282049,兵庫県,西宮市,甲子園七番町,2023[sanitize]05[sanitize]22,16,その他の住宅（３階建て以下共同住宅等）,駐車（輪）場,キーあり,なし,その他
窃盗,オートバイ盗,甲子園,浦風,282049,兵庫県,西宮市,上甲子園２丁目,2023[sanitize]03[sanitize]08,08,４階建て以上共同住宅,駐車（輪）場,キーなし,なし,その他
窃盗,オートバイ盗,甲子園,高須,282049,兵庫県,西宮市,高須町１丁目,2021[sanitize]04[sanitize]01,00,４階建て以上共同住宅,駐車（輪）場,キーなし,なし,その他
窃盗,オートバイ盗,甲子園,高須,282049,兵庫県,西宮市,高須町１丁目,2022[sanitize]09[sanitize]01,14,４階建て以上共同住宅,駐車（輪）場,キーなし,なし,その他
窃盗,オートバイ盗,甲子園,高須,282049,兵庫県,西宮市,高須町２丁目,2023[sanitize]05[sanitize]25,20,４階建て以上共同住宅,駐車（輪）場,キーなし,なし,その他
窃盗,オートバイ盗,甲子園,高須,282049,兵庫県,西宮市,高須町２丁目,2023[sanitize]10[sanitize]27,17,４階建て以上共同住宅,駐車（輪）場,キーなし,なし,その他
窃盗,オートバイ盗,甲子園,高須,282049,兵庫県,西宮市,高須町２丁目,2023[sanitize]12[sanitize]01,15,４階建て以上共同住宅,駐車（輪）場,キーあり,なし,その他
窃盗,オートバイ盗,尼崎南,センタープール前,282022,兵庫県,尼崎市,武庫川町３丁目,2023[sanitize]09[sanitize]19,19,一戸建住宅,駐車（輪）場,キーなし,なし,その他
窃盗,オートバイ盗,尼崎南,中央,282022,兵庫県,尼崎市,神田北通１丁目,2023[sanitize]03[sanitize]07,15,道路上,その他,キーなし,なし,その他
窃盗,オートバイ盗,尼崎南,大島,282022,兵庫県,尼崎市,大庄北３丁目,2023[sanitize]07[sanitize]11,14,４階建て以上共同住宅,駐車（輪）場,キーあり,なし,その他
窃盗,オートバイ盗,尼崎南,大庄,282022,兵庫県,尼崎市,大庄西町２丁目,2023[sanitize]07[sanitize]10,16,その他の住宅（３階建て以下共同住宅等）,駐車（輪）場,キーなし,なし,その他
窃盗,オートバイ盗,尼崎南,大物,282022,兵庫県,尼崎市,西大物町,2023[sanitize]12[sanitize]21,03,４階建て以上共同住宅,その他,キーあり,なし,その他
窃盗,オートバイ盗,尼崎南,御茶屋橋,282022,兵庫県,尼崎市,南城内,2023[sanitize]01[sanitize]07,19,４階建て以上共同住宅,駐車（輪）場,キーなし,なし,その他
窃盗,オートバイ盗,尼崎南,御茶屋橋,282022,兵庫県,尼崎市,南城内,2023[sanitize]01[sanitize]08,00,駐車（輪）場,駐車（輪）場,キーなし,なし,その他
窃盗,オートバイ盗,尼崎南,昭和通,282022,兵庫県,尼崎市,東難波町４丁目,2023[sanitize]03[sanitize]28,13,その他の住宅（３階建て以下共同住宅等）,駐車（輪）場,キーなし,なし,その他
窃盗,オートバイ盗,尼崎南,稲葉荘,282022,兵庫県,尼崎市,稲葉荘４丁目,2023[sanitize]03[sanitize]10,17,４階建て以上共同住宅,駐車（輪）場,キーなし,なし,その他
窃盗,オートバイ盗,尼崎南,稲葉荘,282022,兵庫県,尼崎市,稲葉荘４丁目,2023[sanitize]04[sanitize]23,20,４階建て以上共同住宅,駐車（輪）場,キーなし,なし,その他
窃盗,オートバイ盗,尼崎南,稲葉荘,282022,兵庫県,尼崎市,稲葉荘４丁目,2023[sanitize]11[sanitize]24,00,一戸建住宅,駐車（輪）場,キーあり,なし,その他
窃盗,オートバイ盗,尼崎南,稲葉荘,282022,兵庫県,尼崎市,西立花町３丁目,2023[sanitize]06[sanitize]28,03,４階建て以上共同住宅,その他,キーあり,なし,その他
窃盗,オートバイ盗,尼崎南,西難波,282022,兵庫県,尼崎市,西難波町１丁目,2023[sanitize]11[sanitize]25,06,４階建て以上共同住宅,駐車（輪）場,キーなし,なし,その他
窃盗,オートバイ盗,尼崎南,西難波,282022,兵庫県,尼崎市,東難波町１丁目,2023[sanitize]10[sanitize]15,12,４階建て以上共同住宅,駐車（輪）場,キーなし,なし,その他
窃盗,オートバイ盗,尼崎南,西難波,282022,兵庫県,尼崎市,東難波町２丁目,2018[sanitize]01[sanitize]01,00,道路上,その他,キーなし,なし,その他
窃盗,オートバイ盗,尼崎東,上坂部,282022,兵庫県,尼崎市,上坂部３丁目,2022[sanitize]03[sanitize]03,19,一戸建住宅,その他,キーなし,なし,その他
窃盗,オートバイ盗,尼崎東,上坂部,282022,兵庫県,尼崎市,瓦宮２丁目,2023[sanitize]06[sanitize]12,09,駐車（輪）場,駐車（輪）場,キーなし,なし,その他
窃盗,オートバイ盗,尼崎東,上坂部,282022,兵庫県,尼崎市,瓦宮２丁目,2023[sanitize]09[sanitize]03,11,一戸建住宅,駐車（輪）場,キーなし,なし,その他
窃盗,オートバイ盗,尼崎東,上坂部,282022,兵庫県,尼崎市,若王寺３丁目,2023[sanitize]01[sanitize]01,00,４階建て以上共同住宅,その他,キーなし,なし,その他
窃盗,オートバイ盗,尼崎東,上坂部,282022,兵庫県,尼崎市,若王寺３丁目,2023[sanitize]09[sanitize]07,18,その他,駐車（輪）場,キーあり,なし,その他
窃盗,オートバイ盗,尼崎東,下坂部,282022,兵庫県,尼崎市,久々知西町１丁目,2023[sanitize]03[sanitize]05,22,一戸建住宅,駐車（輪）場,キーなし,なし,その他
窃盗,オートバイ盗,尼崎東,下坂部,282022,兵庫県,尼崎市,下坂部１丁目,2023[sanitize]06[sanitize]05,17,４階建て以上共同住宅,駐車（輪）場,キーなし,なし,その他
窃盗,オートバイ盗,尼崎東,園田駅前,282022,兵庫県,尼崎市,東園田町５丁目,2023[sanitize]12[sanitize]12,19,その他の住宅（３階建て以下共同住宅等）,その他,キーなし,なし,その他
窃盗,オートバイ盗,尼崎東,潮江,282022,兵庫県,尼崎市,久々知西町１丁目,2023[sanitize]06[sanitize]13,01,道路上,その他,キーなし,なし,その他
窃盗,オートバイ盗,尼崎東,潮江,282022,兵庫県,尼崎市,潮江１丁目,2023[sanitize]12[sanitize]22,20,駐車（輪）場,駐車（輪）場,キーあり,なし,その他
窃盗,オートバイ盗,尼崎東,潮江,282022,兵庫県,尼崎市,西川１丁目,2023[sanitize]12[sanitize]15,21,４階建て以上共同住宅,駐車（輪）場,キーなし,なし,その他
窃盗,オートバイ盗,尼崎東,潮江,282022,兵庫県,尼崎市,浜２丁目,2023[sanitize]03[sanitize]01,08,その他の住宅（３階建て以下共同住宅等）,駐車（輪）場,キーなし,なし,その他
窃盗,オートバイ盗,尼崎東,神崎,282022,兵庫県,尼崎市,神崎町,2023[sanitize]08[sanitize]25,05,道路上,その他,キーなし,なし,その他
窃盗,オートバイ盗,尼崎東,神崎,282022,兵庫県,尼崎市,神崎町,2023[sanitize]10[sanitize]26,07,その他の住宅（３階建て以下共同住宅等）,駐車（輪）場,キーあり,なし,その他
窃盗,オートバイ盗,尼崎東,神崎,282022,兵庫県,尼崎市,西川１丁目,2023[sanitize]08[sanitize]21,08,その他,その他,キーあり,あり,その他
窃盗,オートバイ盗,尼崎東,神崎,282022,兵庫県,尼崎市,西川２丁目,2023[sanitize]03[sanitize]05,23,駐車（輪）場,駐車（輪）場,キーなし,なし,その他
窃盗,オートバイ盗,尼崎東,神崎,282022,兵庫県,尼崎市,額田町,2023[sanitize]07[sanitize]12,06,一戸建住宅,駐車（輪）場,キーあり,なし,その他
窃盗,オートバイ盗,尼崎東,稲川橋,282022,兵庫県,尼崎市,杭瀬北新町４丁目,2023[sanitize]03[sanitize]21,08,４階建て以上共同住宅,駐車（輪）場,キーなし,なし,その他
窃盗,オートバイ盗,尼崎東,稲川橋,282022,兵庫県,尼崎市,長洲東通２丁目,2022[sanitize]09[sanitize]20,20,道路上,その他,キーなし,なし,その他
窃盗,オートバイ盗,尼崎東,稲川橋,282022,兵庫県,尼崎市,長洲東通３丁目,2023[sanitize]01[sanitize]07,08,駐車（輪）場,駐車（輪）場,キーなし,なし,その他
窃盗,オートバイ盗,尼崎東,競馬場前,282022,兵庫県,尼崎市,田能１丁目,2023[sanitize]10[sanitize]03,04,駐車（輪）場,駐車（輪）場,キーなし,なし,その他
窃盗,オートバイ盗,尼崎東,競馬場前,282022,兵庫県,尼崎市,東園田町３丁目,2023[sanitize]11[sanitize]11,20,その他の住宅（３階建て以下共同住宅等）,駐車（輪）場,キーなし,なし,その他
窃盗,オートバイ盗,尼崎東,食満,282022,兵庫県,尼崎市,,2023[sanitize]09[sanitize]09,11,駐車（輪）場,駐車（輪）場,キーあり,なし,その他
窃盗,オートバイ盗,尼崎東,食満,282022,兵庫県,尼崎市,口田中１丁目,2023[sanitize]09[sanitize]11,09,その他の住宅（３階建て以下共同住宅等）,その他,キーなし,なし,その他
窃盗,オートバイ盗,尼崎東,食満,282022,兵庫県,尼崎市,南清水,2023[sanitize]08[sanitize]18,19,４階建て以上共同住宅,駐車（輪）場,キーあり,なし,その他
窃盗,オートバイ盗,尼崎東,食満,282022,兵庫県,尼崎市,南清水,2023[sanitize]08[sanitize]31,17,４階建て以上共同住宅,駐車（輪）場,キーなし,なし,その他
窃盗,オートバイ盗,尼崎東,食満,282022,兵庫県,尼崎市,南清水,2023[sanitize]09[sanitize]01,20,４階建て以上共同住宅,駐車（輪）場,キーなし,なし,その他
窃盗,オートバイ盗,尼崎東,食満,282022,兵庫県,尼崎市,食満５丁目,2023[sanitize]12[sanitize]22,21,その他の住宅（３階建て以下共同住宅等）,駐車（輪）場,キーなし,なし,その他
窃盗,オートバイ盗,尼崎東,食満,282022,兵庫県,尼崎市,食満７丁目,2023[sanitize]10[sanitize]01,15,一戸建住宅,駐車（輪）場,キーあり,あり,その他
窃盗,オートバイ盗,尼崎北,南武庫之荘,282022,兵庫県,尼崎市,水堂町４丁目,2023[sanitize]10[sanitize]17,15,道路上,その他,キーあり,なし,その他
窃盗,オートバイ盗,尼崎北,南武庫之荘,282022,兵庫県,尼崎市,南武庫之荘４丁目,2021[sanitize]04[sanitize]01,00,４階建て以上共同住宅,駐車（輪）場,キーなし,なし,その他
窃盗,オートバイ盗,尼崎北,南武庫之荘,282022,兵庫県,尼崎市,南武庫之荘７丁目,2023[sanitize]05[sanitize]12,20,一戸建住宅,その他,キーなし,なし,その他
窃盗,オートバイ盗,尼崎北,南武庫之荘,282022,兵庫県,尼崎市,南武庫之荘８丁目,2023[sanitize]07[sanitize]18,18,一戸建住宅,駐車（輪）場,キーなし,なし,その他
窃盗,オートバイ盗,尼崎北,南武庫之荘,282022,兵庫県,尼崎市,南武庫之荘１０丁目,2022[sanitize]06[sanitize]01,00,４階建て以上共同住宅,駐車（輪）場,キーなし,なし,その他
窃盗,オートバイ盗,尼崎北,南武庫之荘,282022,兵庫県,尼崎市,南武庫之荘１０丁目,2023[sanitize]01[sanitize]25,12,道路上,その他,キーなし,なし,その他
窃盗,オートバイ盗,尼崎北,南武庫之荘,282022,兵庫県,尼崎市,南武庫之荘１０丁目,2023[sanitize]10[sanitize]10,12,４階建て以上共同住宅,駐車（輪）場,キーなし,なし,その他
窃盗,オートバイ盗,尼崎北,南武庫之荘,282022,兵庫県,尼崎市,上ノ島町２丁目,2023[sanitize]09[sanitize]20,13,一戸建住宅,その他,キーなし,なし,その他
窃盗,オートバイ盗,尼崎北,塚口北,282022,兵庫県,尼崎市,富松町２丁目,2023[sanitize]04[sanitize]05,18,その他,駐車（輪）場,キーあり,なし,その他
窃盗,オートバイ盗,尼崎北,塚口東,282022,兵庫県,尼崎市,塚口本町７丁目,2022[sanitize]12[sanitize]20,00,一戸建住宅,その他,キーなし,なし,その他
窃盗,オートバイ盗,尼崎北,塚口東,282022,兵庫県,尼崎市,塚口本町７丁目,2023[sanitize]03[sanitize]20,00,一戸建住宅,その他,キーなし,なし,その他
窃盗,オートバイ盗,尼崎北,尾浜,282022,兵庫県,尼崎市,尾浜町３丁目,2023[sanitize]08[sanitize]01,15,駐車（輪）場,駐車（輪）場,キーなし,なし,その他
窃盗,オートバイ盗,尼崎北,尾浜,282022,兵庫県,尼崎市,名神町１丁目,2023[sanitize]09[sanitize]07,13,道路上,その他,キーあり,なし,その他
窃盗,オートバイ盗,尼崎北,尾浜,282022,兵庫県,尼崎市,名神町１丁目,2023[sanitize]09[sanitize]08,13,道路上,その他,キーあり,なし,その他
窃盗,オートバイ盗,尼崎北,尾浜,282022,兵庫県,尼崎市,名神町１丁目,2023[sanitize]09[sanitize]11,17,その他,駐車（輪）場,キーあり,なし,その他
窃盗,オートバイ盗,尼崎北,武庫之荘,282022,兵庫県,尼崎市,南武庫之荘１丁目,2023[sanitize]03[sanitize]21,19,その他,駐車（輪）場,キーなし,なし,その他
窃盗,オートバイ盗,尼崎北,武庫之荘,282022,兵庫県,尼崎市,武庫之荘１丁目,2023[sanitize]07[sanitize]03,03,４階建て以上共同住宅,駐車（輪）場,キーあり,なし,その他
窃盗,オートバイ盗,尼崎北,武庫之荘,282022,兵庫県,尼崎市,武庫之荘２丁目,2022[sanitize]12[sanitize]30,17,道路上,その他,キーなし,なし,その他
窃盗,オートバイ盗,尼崎北,武庫之荘,282022,兵庫県,尼崎市,武庫之荘３丁目,2023[sanitize]08[sanitize]05,17,一戸建住宅,駐車（輪）場,キーなし,なし,その他
窃盗,オートバイ盗,尼崎北,武庫之荘,282022,兵庫県,尼崎市,武庫之荘東１丁目,2023[sanitize]12[sanitize]08,15,４階建て以上共同住宅,駐車（輪）場,キーなし,なし,その他
窃盗,オートバイ盗,尼崎北,生島,282022,兵庫県,尼崎市,大西町１丁目,2023[sanitize]08[sanitize]13,20,その他,駐車（輪）場,キーあり,なし,その他
窃盗,オートバイ盗,尼崎北,生島,282022,兵庫県,尼崎市,大西町３丁目,2023[sanitize]05[sanitize]01,15,４階建て以上共同住宅,駐車（輪）場,キーなし,なし,その他
窃盗,オートバイ盗,尼崎北,生島,282022,兵庫県,尼崎市,立花町３丁目,2022[sanitize]12[sanitize]29,14,４階建て以上共同住宅,駐車（輪）場,キーなし,なし,その他
窃盗,オートバイ盗,尼崎北,生島,282022,兵庫県,尼崎市,立花町３丁目,2023[sanitize]09[sanitize]02,22,その他,駐車（輪）場,キーあり,なし,その他
窃盗,オートバイ盗,尼崎北,立花駅前,282022,兵庫県,尼崎市,水堂町２丁目,2023[sanitize]03[sanitize]07,21,道路上,その他,キーあり,なし,その他
窃盗,オートバイ盗,尼崎北,立花駅前,282022,兵庫県,尼崎市,水堂町３丁目,2023[sanitize]11[sanitize]08,17,その他の住宅（３階建て以下共同住宅等）,駐車（輪）場,キーなし,なし,その他
窃盗,オートバイ盗,尼崎北,立花駅前,282022,兵庫県,尼崎市,南武庫之荘３丁目,2016[sanitize]12[sanitize]01,00,４階建て以上共同住宅,駐車（輪）場,キーなし,なし,その他
窃盗,オートバイ盗,尼崎北,立花駅前,282022,兵庫県,尼崎市,南武庫之荘３丁目,2023[sanitize]03[sanitize]04,21,駐車（輪）場,駐車（輪）場,キーあり,なし,その他
窃盗,オートバイ盗,尼崎北,西昆陽,282022,兵庫県,尼崎市,西昆陽２丁目,2022[sanitize]10[sanitize]03,17,４階建て以上共同住宅,その他,キーなし,なし,その他
窃盗,オートバイ盗,尼崎北,西昆陽,282022,兵庫県,尼崎市,西昆陽２丁目,2023[sanitize]07[sanitize]12,10,駐車（輪）場,駐車（輪）場,キーあり,なし,その他
窃盗,オートバイ盗,尼崎北,西昆陽,282022,兵庫県,尼崎市,西昆陽３丁目,2023[sanitize]08[sanitize]10,17,４階建て以上共同住宅,駐車（輪）場,キーなし,なし,その他
窃盗,オートバイ盗,尼崎北,西昆陽,282022,兵庫県,尼崎市,西昆陽３丁目,2023[sanitize]08[sanitize]15,10,駐車（輪）場,駐車（輪）場,キーなし,なし,その他
窃盗,オートバイ盗,尼崎北,西武庫,282022,兵庫県,尼崎市,武庫町３丁目,2023[sanitize]07[sanitize]05,09,４階建て以上共同住宅,駐車（輪）場,キーなし,なし,その他
窃盗,オートバイ盗,尼崎北,西武庫,282022,兵庫県,尼崎市,武庫元町３丁目,2019[sanitize]08[sanitize]01,00,４階建て以上共同住宅,駐車（輪）場,キーなし,なし,その他
窃盗,オートバイ盗,尼崎北,西武庫,282022,兵庫県,尼崎市,武庫元町３丁目,2023[sanitize]08[sanitize]16,16,４階建て以上共同住宅,駐車（輪）場,キーなし,なし,その他
窃盗,オートバイ盗,尼崎北,西武庫,282022,兵庫県,尼崎市,武庫豊町３丁目,2023[sanitize]07[sanitize]07,18,４階建て以上共同住宅,駐車（輪）場,キーなし,なし,その他
窃盗,オートバイ盗,伊丹,中野,282073,兵庫県,伊丹市,中野北４丁目,2023[sanitize]02[sanitize]01,19,その他,駐車（輪）場,キーあり,なし,その他
窃盗,オートバイ盗,伊丹,中野,282073,兵庫県,伊丹市,中野西４丁目,2023[sanitize]02[sanitize]11,12,道路上,その他,キーあり,なし,その他
窃盗,オートバイ盗,伊丹,中野,282073,兵庫県,伊丹市,西野３丁目,2023[sanitize]08[sanitize]15,21,その他の住宅（３階建て以下共同住宅等）,駐車（輪）場,キーなし,なし,その他
窃盗,オートバイ盗,伊丹,中野,282073,兵庫県,伊丹市,西野８丁目,2023[sanitize]02[sanitize]11,15,４階建て以上共同住宅,駐車（輪）場,キーなし,あり,その他
窃盗,オートバイ盗,伊丹,伊丹駅前,282073,兵庫県,伊丹市,伊丹１丁目,2023[sanitize]08[sanitize]12,08,その他,駐車（輪）場,キーなし,なし,その他
窃盗,オートバイ盗,伊丹,伊丹駅前,282073,兵庫県,伊丹市,伊丹１丁目,2023[sanitize]08[sanitize]29,19,その他,駐車（輪）場,キーなし,なし,その他
窃盗,オートバイ盗,伊丹,伊丹駅前,282073,兵庫県,伊丹市,伊丹１丁目,2023[sanitize]08[sanitize]29,21,その他,駐車（輪）場,キーなし,なし,その他
窃盗,オートバイ盗,伊丹,伊丹駅前,282073,兵庫県,伊丹市,伊丹１丁目,2023[sanitize]12[sanitize]04,07,その他,駐車（輪）場,キーなし,なし,その他
窃盗,オートバイ盗,伊丹,伊丹駅前,282073,兵庫県,伊丹市,藤ノ木１丁目,2023[sanitize]08[sanitize]12,16,その他,駐車（輪）場,キーなし,なし,その他
窃盗,オートバイ盗,伊丹,伊丹駅前,282073,兵庫県,伊丹市,藤ノ木１丁目,2023[sanitize]11[sanitize]01,11,その他,駐車（輪）場,キーあり,なし,その他
窃盗,オートバイ盗,伊丹,北村,282073,兵庫県,伊丹市,北伊丹４丁目,2023[sanitize]10[sanitize]16,07,その他,駐車（輪）場,キーなし,なし,その他
窃盗,オートバイ盗,伊丹,北村,282073,兵庫県,伊丹市,北伊丹４丁目,2023[sanitize]10[sanitize]16,08,その他,駐車（輪）場,キーなし,なし,その他
窃盗,オートバイ盗,伊丹,北村,282073,兵庫県,伊丹市,北伊丹９丁目,2023[sanitize]08[sanitize]13,07,その他,駐車（輪）場,キーなし,なし,その他
窃盗,オートバイ盗,伊丹,南本町,282073,兵庫県,伊丹市,平松６丁目,2023[sanitize]03[sanitize]29,17,道路上,その他,キーあり,なし,その他
窃盗,オートバイ盗,伊丹,南本町,282073,兵庫県,伊丹市,南町２丁目,2023[sanitize]09[sanitize]03,21,４階建て以上共同住宅,駐車（輪）場,キーなし,なし,その他
窃盗,オートバイ盗,伊丹,昆陽,282073,兵庫県,伊丹市,千僧３丁目,2023[sanitize]05[sanitize]11,19,その他の住宅（３階建て以下共同住宅等）,駐車（輪）場,キーなし,なし,その他
窃盗,オートバイ盗,伊丹,昆陽,282073,兵庫県,伊丹市,昆陽東５丁目,2023[sanitize]09[sanitize]29,17,４階建て以上共同住宅,駐車（輪）場,キーあり,なし,その他
窃盗,オートバイ盗,伊丹,昆陽,282073,兵庫県,伊丹市,昆陽南４丁目,2023[sanitize]09[sanitize]25,21,その他,その他,キーあり,なし,その他
窃盗,オートバイ盗,伊丹,昆陽,282073,兵庫県,伊丹市,昆陽南４丁目,2023[sanitize]10[sanitize]06,09,４階建て以上共同住宅,駐車（輪）場,キーなし,なし,その他
窃盗,オートバイ盗,伊丹,昆陽ノ里,282073,兵庫県,伊丹市,池尻６丁目,2023[sanitize]10[sanitize]16,08,一戸建住宅,その他,キーなし,なし,その他
窃盗,オートバイ盗,伊丹,昆陽ノ里,282073,兵庫県,伊丹市,奥畑５丁目,2023[sanitize]08[sanitize]17,14,その他,駐車（輪）場,キーあり,なし,その他
窃盗,オートバイ盗,伊丹,昆陽ノ里,282073,兵庫県,伊丹市,寺本２丁目,2021[sanitize]04[sanitize]02,06,４階建て以上共同住宅,駐車（輪）場,キーあり,なし,その他
窃盗,オートバイ盗,伊丹,昆陽ノ里,282073,兵庫県,伊丹市,寺本４丁目,2023[sanitize]06[sanitize]05,08,４階建て以上共同住宅,駐車（輪）場,キーあり,あり,その他
窃盗,オートバイ盗,伊丹,昆陽ノ里,282073,兵庫県,伊丹市,山田３丁目,2023[sanitize]03[sanitize]21,12,一戸建住宅,駐車（輪）場,キーあり,なし,その他
窃盗,オートバイ盗,伊丹,昆陽ノ里,282073,兵庫県,伊丹市,山田４丁目,2023[sanitize]07[sanitize]21,09,その他,駐車（輪）場,キーあり,なし,その他
窃盗,オートバイ盗,伊丹,昆陽ノ里,282073,兵庫県,伊丹市,山田６丁目,2023[sanitize]08[sanitize]01,17,その他,駐車（輪）場,キーなし,なし,その他
窃盗,オートバイ盗,伊丹,稲野,282073,兵庫県,伊丹市,稲野町２丁目,2023[sanitize]01[sanitize]18,09,その他,駐車（輪）場,キーあり,なし,その他
窃盗,オートバイ盗,伊丹,稲野,282073,兵庫県,伊丹市,柏木町１丁目,2023[sanitize]12[sanitize]22,18,一戸建住宅,駐車（輪）場,キーなし,なし,その他
窃盗,オートバイ盗,伊丹,稲野,282073,兵庫県,伊丹市,御願塚５丁目,2023[sanitize]09[sanitize]14,19,その他の住宅（３階建て以下共同住宅等）,駐車（輪）場,キーなし,なし,その他
窃盗,オートバイ盗,伊丹,緑ヶ丘,282073,兵庫県,伊丹市,東野３丁目,2023[sanitize]01[sanitize]01,20,４階建て以上共同住宅,駐車（輪）場,キーなし,なし,その他
窃盗,オートバイ盗,伊丹,緑ヶ丘,282073,兵庫県,伊丹市,東野６丁目,2023[sanitize]11[sanitize]04,20,４階建て以上共同住宅,駐車（輪）場,キーあり,なし,その他
窃盗,オートバイ盗,伊丹,緑ヶ丘,282073,兵庫県,伊丹市,瑞穂町２丁目,2023[sanitize]10[sanitize]01,11,一戸建住宅,その他,キーなし,なし,その他
窃盗,オートバイ盗,伊丹,荒牧,282073,兵庫県,伊丹市,大野１丁目,2023[sanitize]07[sanitize]10,22,４階建て以上共同住宅,その他,キーなし,なし,その他
窃盗,オートバイ盗,伊丹,荒牧,282073,兵庫県,伊丹市,大野３丁目,2020[sanitize]03[sanitize]10,00,４階建て以上共同住宅,駐車（輪）場,キーあり,なし,その他
窃盗,オートバイ盗,伊丹,荒牧,282073,兵庫県,伊丹市,荻野４丁目,2022[sanitize]05[sanitize]03,00,その他の住宅（３階建て以下共同住宅等）,駐車（輪）場,キーなし,なし,その他
窃盗,オートバイ盗,伊丹,荒牧,282073,兵庫県,伊丹市,荻野６丁目,2023[sanitize]03[sanitize]01,09,４階建て以上共同住宅,駐車（輪）場,キーなし,なし,その他
窃盗,オートバイ盗,伊丹,荒牧,282073,兵庫県,伊丹市,北野５丁目,2023[sanitize]11[sanitize]10,18,４階建て以上共同住宅,駐車（輪）場,キーなし,なし,その他
窃盗,オートバイ盗,伊丹,荒牧,282073,兵庫県,伊丹市,鴻池１丁目,2023[sanitize]09[sanitize]30,20,４階建て以上共同住宅,駐車（輪）場,キーなし,なし,その他
窃盗,オートバイ盗,伊丹,荒牧,282073,兵庫県,伊丹市,鴻池２丁目,2023[sanitize]05[sanitize]17,03,道路上,その他,キーあり,なし,その他
窃盗,オートバイ盗,伊丹,荒牧,282073,兵庫県,伊丹市,荒牧南４丁目,2023[sanitize]05[sanitize]14,10,４階建て以上共同住宅,駐車（輪）場,キーあり,なし,その他
窃盗,オートバイ盗,伊丹,野間,282073,兵庫県,伊丹市,堀池３丁目,2023[sanitize]09[sanitize]25,13,その他の住宅（３階建て以下共同住宅等）,駐車（輪）場,キーなし,なし,その他
窃盗,オートバイ盗,伊丹,野間,282073,兵庫県,伊丹市,南野北３丁目,2023[sanitize]09[sanitize]29,13,その他,その他,キーあり,なし,その他
窃盗,オートバイ盗,伊丹,阪急駅前,282073,兵庫県,伊丹市,千僧５丁目,2021[sanitize]05[sanitize]01,00,一戸建住宅,駐車（輪）場,キーなし,なし,その他
窃盗,オートバイ盗,伊丹,阪急駅前,282073,兵庫県,伊丹市,中央１丁目,2023[sanitize]09[sanitize]21,11,道路上,その他,キーあり,なし,その他
窃盗,オートバイ盗,伊丹,阪急駅前,282073,兵庫県,伊丹市,中央３丁目,2017[sanitize]03[sanitize]01,00,４階建て以上共同住宅,駐車（輪）場,キーなし,なし,その他
窃盗,オートバイ盗,伊丹,阪急駅前,282073,兵庫県,伊丹市,中央３丁目,2023[sanitize]10[sanitize]25,02,その他,駐車（輪）場,キーなし,なし,その他
窃盗,オートバイ盗,伊丹,阪急駅前,282073,兵庫県,伊丹市,船原２丁目,2023[sanitize]05[sanitize]01,14,駐車（輪）場,駐車（輪）場,キーあり,なし,その他
窃盗,オートバイ盗,川西,中央,282171,兵庫県,川西市,栄町,2023[sanitize]01[sanitize]27,11,一戸建住宅,その他,キーなし,なし,その他
窃盗,オートバイ盗,川西,中央,282171,兵庫県,川西市,栄町,2023[sanitize]08[sanitize]09,10,４階建て以上共同住宅,駐車（輪）場,キーあり,なし,その他
窃盗,オートバイ盗,川西,中央,282171,兵庫県,川西市,栄町,2023[sanitize]09[sanitize]17,13,駐車（輪）場,駐車（輪）場,キーなし,なし,その他
窃盗,オートバイ盗,川西,中央,282171,兵庫県,川西市,中央町,2023[sanitize]09[sanitize]11,18,その他の住宅（３階建て以下共同住宅等）,駐車（輪）場,キーなし,なし,その他
窃盗,オートバイ盗,川西,久代,282171,兵庫県,川西市,久代６丁目,2023[sanitize]08[sanitize]13,21,４階建て以上共同住宅,駐車（輪）場,キーなし,なし,その他
窃盗,オートバイ盗,川西,久代,282171,兵庫県,川西市,久代６丁目,2023[sanitize]08[sanitize]22,11,その他,駐車（輪）場,キーなし,なし,その他
窃盗,オートバイ盗,川西,加茂,282171,兵庫県,川西市,加茂４丁目,2023[sanitize]09[sanitize]22,22,４階建て以上共同住宅,駐車（輪）場,キーなし,あり,その他
窃盗,オートバイ盗,川西,加茂,282171,兵庫県,川西市,栄根２丁目,2023[sanitize]09[sanitize]06,07,駐車（輪）場,駐車（輪）場,キーあり,なし,その他
窃盗,オートバイ盗,川西,加茂,282171,兵庫県,川西市,栄根２丁目,2023[sanitize]09[sanitize]15,06,駐車（輪）場,駐車（輪）場,キーあり,なし,その他
窃盗,オートバイ盗,川西,多田東,282171,兵庫県,川西市,東多田３丁目,2023[sanitize]09[sanitize]05,09,４階建て以上共同住宅,駐車（輪）場,キーなし,なし,その他
窃盗,オートバイ盗,川西,多田西,282171,兵庫県,川西市,鴬台２丁目,2023[sanitize]08[sanitize]13,13,駐車（輪）場,駐車（輪）場,キーなし,なし,その他
窃盗,オートバイ盗,川西,大和,282171,兵庫県,川西市,大和西３丁目,2023[sanitize]05[sanitize]24,17,一戸建住宅,駐車（輪）場,キーなし,あり,その他
窃盗,オートバイ盗,川西,山下,282171,兵庫県,川西市,見野２丁目,2023[sanitize]10[sanitize]11,18,４階建て以上共同住宅,駐車（輪）場,キーなし,なし,その他
窃盗,オートバイ盗,川西,日の出,282171,兵庫県,川西市,鴬が丘,2023[sanitize]11[sanitize]22,14,一戸建住宅,駐車（輪）場,キーなし,なし,その他
窃盗,オートバイ盗,川西,日の出,282171,兵庫県,川西市,火打１丁目,2023[sanitize]07[sanitize]26,20,駐車（輪）場,駐車（輪）場,キーなし,なし,その他
窃盗,オートバイ盗,川西,日の出,282171,兵庫県,川西市,美園町,2023[sanitize]06[sanitize]15,19,道路上,その他,キーなし,なし,その他
窃盗,オートバイ盗,川西,清和台,282171,兵庫県,川西市,清和台西５丁目,2023[sanitize]08[sanitize]29,21,一戸建住宅,駐車（輪）場,キーなし,なし,その他
窃盗,オートバイ盗,川西,清和台,282171,兵庫県,川西市,清和台東４丁目,2023[sanitize]08[sanitize]29,09,４階建て以上共同住宅,駐車（輪）場,キーなし,なし,その他
窃盗,オートバイ盗,宝塚,中山台,282146,兵庫県,宝塚市,中山五月台５丁目,2023[sanitize]03[sanitize]05,23,４階建て以上共同住宅,駐車（輪）場,キーなし,なし,その他
窃盗,オートバイ盗,宝塚,仁川,282146,兵庫県,宝塚市,大吹町,2023[sanitize]05[sanitize]02,22,一戸建住宅,駐車（輪）場,キーなし,なし,その他
窃盗,オートバイ盗,宝塚,仁川,282146,兵庫県,宝塚市,高司１丁目,2023[sanitize]10[sanitize]20,22,一戸建住宅,駐車（輪）場,キーなし,なし,その他
窃盗,オートバイ盗,宝塚,仁川,282146,兵庫県,宝塚市,中野町,2023[sanitize]11[sanitize]24,18,駐車（輪）場,駐車（輪）場,キーあり,なし,その他
窃盗,オートバイ盗,宝塚,安倉,282146,兵庫県,宝塚市,安倉西２丁目,2023[sanitize]09[sanitize]23,21,４階建て以上共同住宅,駐車（輪）場,キーなし,あり,その他
窃盗,オートバイ盗,宝塚,安倉,282146,兵庫県,宝塚市,小浜２丁目,2023[sanitize]10[sanitize]15,05,４階建て以上共同住宅,駐車（輪）場,キーなし,なし,その他
窃盗,オートバイ盗,宝塚,宝塚駅前,282146,兵庫県,宝塚市,売布４丁目,2023[sanitize]03[sanitize]04,18,その他の住宅（３階建て以下共同住宅等）,駐車（輪）場,キーあり,なし,その他
窃盗,オートバイ盗,宝塚,小林,282146,兵庫県,宝塚市,小林５丁目,2023[sanitize]02[sanitize]13,18,その他,その他,キーあり,なし,その他
窃盗,オートバイ盗,宝塚,山本,282146,兵庫県,宝塚市,口谷東３丁目,2023[sanitize]09[sanitize]01,14,４階建て以上共同住宅,駐車（輪）場,キーなし,なし,その他
窃盗,オートバイ盗,宝塚,山本,282146,兵庫県,宝塚市,山本野里１丁目,2023[sanitize]02[sanitize]22,15,４階建て以上共同住宅,駐車（輪）場,キーなし,なし,その他
窃盗,オートバイ盗,宝塚,山本,282146,兵庫県,宝塚市,山本丸橋１丁目,2023[sanitize]06[sanitize]03,22,その他の住宅（３階建て以下共同住宅等）,駐車（輪）場,キーなし,なし,その他
窃盗,オートバイ盗,宝塚,山本,282146,兵庫県,宝塚市,山本丸橋２丁目,2023[sanitize]07[sanitize]10,00,４階建て以上共同住宅,駐車（輪）場,キーなし,あり,その他
窃盗,オートバイ盗,宝塚,山本,282146,兵庫県,宝塚市,山本南１丁目,2023[sanitize]10[sanitize]24,19,その他の住宅（３階建て以下共同住宅等）,駐車（輪）場,キーなし,なし,その他
窃盗,オートバイ盗,宝塚,清荒神,282146,兵庫県,宝塚市,米谷２丁目,2023[sanitize]02[sanitize]15,00,４階建て以上共同住宅,駐車（輪）場,キーなし,なし,その他
窃盗,オートバイ盗,明石,大久保,282031,兵庫県,明石市,大久保町大久保町,2022[sanitize]12[sanitize]20,15,その他の住宅（３階建て以下共同住宅等）,駐車（輪）場,キーあり,なし,その他
窃盗,オートバイ盗,明石,大久保,282031,兵庫県,明石市,大久保町福田,2023[sanitize]10[sanitize]29,07,４階建て以上共同住宅,駐車（輪）場,キーあり,なし,その他
窃盗,オートバイ盗,明石,大久保,282031,兵庫県,明石市,大久保町福田,2023[sanitize]12[sanitize]08,11,その他,駐車（輪）場,キーあり,なし,その他
窃盗,オートバイ盗,明石,大久保,282031,兵庫県,明石市,大久保町駅前２丁目,2023[sanitize]08[sanitize]25,18,駐車（輪）場,駐車（輪）場,キーあり,なし,その他
窃盗,オートバイ盗,明石,大久保南,282031,兵庫県,明石市,大久保町谷八木,2023[sanitize]07[sanitize]08,09,４階建て以上共同住宅,駐車（輪）場,キーなし,なし,その他
窃盗,オートバイ盗,明石,大蔵,282031,兵庫県,明石市,大蔵八幡町,2023[sanitize]10[sanitize]24,18,その他,駐車（輪）場,キーあり,なし,その他
窃盗,オートバイ盗,明石,大蔵,282031,兵庫県,明石市,大蔵海岸通１丁目,2023[sanitize]01[sanitize]09,23,その他,その他,キーあり,なし,その他
窃盗,オートバイ盗,明石,大蔵,282031,兵庫県,明石市,大蔵海岸通１丁目,2023[sanitize]07[sanitize]18,00,駐車（輪）場,駐車（輪）場,キーなし,なし,その他
窃盗,オートバイ盗,明石,大蔵,282031,兵庫県,明石市,大蔵海岸通１丁目,2023[sanitize]11[sanitize]27,19,その他,駐車（輪）場,キーあり,なし,その他
窃盗,オートバイ盗,明石,小久保,282031,兵庫県,明石市,小久保３丁目,2023[sanitize]03[sanitize]13,19,４階建て以上共同住宅,駐車（輪）場,キーあり,なし,その他
窃盗,オートバイ盗,明石,小久保,282031,兵庫県,明石市,小久保３丁目,2023[sanitize]04[sanitize]12,17,その他の住宅（３階建て以下共同住宅等）,駐車（輪）場,キーあり,なし,その他
窃盗,オートバイ盗,明石,小久保,282031,兵庫県,明石市,小久保６丁目,2023[sanitize]04[sanitize]12,00,その他の住宅（３階建て以下共同住宅等）,駐車（輪）場,キーあり,あり,その他
窃盗,オートバイ盗,明石,小久保,282031,兵庫県,明石市,藤江,2023[sanitize]03[sanitize]12,06,４階建て以上共同住宅,駐車（輪）場,キーなし,なし,その他
窃盗,オートバイ盗,明石,小久保,282031,兵庫県,明石市,松の内２丁目,2023[sanitize]05[sanitize]02,21,駐車（輪）場,駐車（輪）場,キーなし,なし,その他
窃盗,オートバイ盗,明石,明石駅前,282031,兵庫県,明石市,明石公園,2023[sanitize]07[sanitize]23,13,駐車（輪）場,駐車（輪）場,キーなし,あり,その他
窃盗,オートバイ盗,明石,明石駅前,282031,兵庫県,明石市,大明石町１丁目,2023[sanitize]11[sanitize]08,12,道路上,その他,キーあり,なし,その他
窃盗,オートバイ盗,明石,明石駅前,282031,兵庫県,明石市,大明石町２丁目,2023[sanitize]01[sanitize]20,06,その他,駐車（輪）場,キーなし,なし,その他
窃盗,オートバイ盗,明石,明石駅前,282031,兵庫県,明石市,東仲ノ町,2023[sanitize]02[sanitize]22,11,駐車（輪）場,駐車（輪）場,キーなし,なし,その他
窃盗,オートバイ盗,明石,明石駅前,282031,兵庫県,明石市,東仲ノ町,2023[sanitize]10[sanitize]02,20,駐車（輪）場,駐車（輪）場,キーなし,なし,その他
窃盗,オートバイ盗,明石,明舞,282031,兵庫県,明石市,松が丘１丁目,2023[sanitize]11[sanitize]03,15,４階建て以上共同住宅,駐車（輪）場,キーあり,なし,その他
窃盗,オートバイ盗,明石,明舞,282031,兵庫県,明石市,松が丘３丁目,2023[sanitize]11[sanitize]27,21,一戸建住宅,その他,キーあり,なし,その他
窃盗,オートバイ盗,明石,朝霧町,282031,兵庫県,明石市,朝霧町１丁目,2023[sanitize]01[sanitize]12,13,一戸建住宅,その他,キーなし,なし,その他
窃盗,オートバイ盗,明石,朝霧町,282031,兵庫県,明石市,大久保町大窪,2019[sanitize]01[sanitize]01,09,一戸建住宅,駐車（輪）場,キーなし,なし,その他
窃盗,オートバイ盗,明石,朝霧町,282031,兵庫県,明石市,大蔵谷奥,2023[sanitize]10[sanitize]31,22,駐車（輪）場,駐車（輪）場,キーなし,なし,その他
窃盗,オートバイ盗,明石,本町,282031,兵庫県,明石市,本町２丁目,2023[sanitize]01[sanitize]16,04,駐車（輪）場,駐車（輪）場,キーあり,なし,その他
窃盗,オートバイ盗,明石,本町,282031,兵庫県,明石市,本町２丁目,2023[sanitize]01[sanitize]16,16,駐車（輪）場,駐車（輪）場,キーなし,なし,その他
窃盗,オートバイ盗,明石,本町,282031,兵庫県,明石市,本町２丁目,2023[sanitize]10[sanitize]02,06,その他,駐車（輪）場,キーなし,なし,その他
窃盗,オートバイ盗,明石,本町,282031,兵庫県,明石市,港町,2023[sanitize]05[sanitize]17,16,その他,その他,キーあり,なし,その他
窃盗,オートバイ盗,明石,東二見,282031,兵庫県,明石市,二見町東二見,2023[sanitize]02[sanitize]01,12,駐車（輪）場,駐車（輪）場,キーなし,なし,その他
窃盗,オートバイ盗,明石,東二見,282031,兵庫県,明石市,二見町西二見駅前４丁目,2023[sanitize]10[sanitize]16,09,４階建て以上共同住宅,駐車（輪）場,キーなし,なし,その他
窃盗,オートバイ盗,明石,林崎,282031,兵庫県,明石市,林１丁目,2023[sanitize]10[sanitize]06,17,道路上,その他,キーあり,なし,その他
窃盗,オートバイ盗,明石,林崎,282031,兵庫県,明石市,林１丁目,2023[sanitize]10[sanitize]07,05,道路上,その他,キーあり,なし,その他
窃盗,オートバイ盗,明石,藤江,282031,兵庫県,明石市,藤江,2023[sanitize]10[sanitize]30,18,一戸建住宅,その他,キーあり,なし,その他
窃盗,オートバイ盗,明石,西二見,282031,兵庫県,明石市,魚住町清水,2023[sanitize]08[sanitize]07,06,一戸建住宅,その他,キーあり,なし,その他
窃盗,オートバイ盗,明石,西二見,282031,兵庫県,明石市,魚住町清水,2023[sanitize]10[sanitize]28,22,駐車（輪）場,駐車（輪）場,キーあり,なし,その他
窃盗,オートバイ盗,明石,西新町,282031,兵庫県,明石市,硯町２丁目,2023[sanitize]10[sanitize]29,20,駐車（輪）場,駐車（輪）場,キーあり,なし,その他
窃盗,オートバイ盗,明石,西新町,282031,兵庫県,明石市,大道町２丁目,2023[sanitize]01[sanitize]29,09,駐車（輪）場,駐車（輪）場,キーなし,なし,その他
窃盗,オートバイ盗,明石,魚住,282031,兵庫県,明石市,魚住町清水,2023[sanitize]10[sanitize]29,14,その他,その他,キーあり,なし,その他
窃盗,オートバイ盗,明石,魚住,282031,兵庫県,明石市,魚住町清水,2023[sanitize]11[sanitize]04,16,４階建て以上共同住宅,駐車（輪）場,キーなし,なし,その他
窃盗,オートバイ盗,明石,魚住,282031,兵庫県,明石市,魚住町中尾,2023[sanitize]07[sanitize]25,01,その他,駐車（輪）場,キーあり,なし,その他
窃盗,オートバイ盗,明石,魚住,282031,兵庫県,明石市,魚住町錦が丘３丁目,2023[sanitize]08[sanitize]12,10,４階建て以上共同住宅,駐車（輪）場,キーなし,なし,その他
窃盗,オートバイ盗,明石,魚住,282031,兵庫県,明石市,魚住町住吉２丁目,2023[sanitize]05[sanitize]31,06,その他,駐車（輪）場,キーあり,なし,その他
窃盗,オートバイ盗,明石,魚住,282031,兵庫県,明石市,魚住町住吉４丁目,2023[sanitize]11[sanitize]20,17,一戸建住宅,駐車（輪）場,キーあり,なし,その他
窃盗,オートバイ盗,三木,自由が丘,282154,兵庫県,三木市,志染町西自由が丘１丁目,2023[sanitize]09[sanitize]18,15,その他,駐車（輪）場,キーあり,なし,その他
窃盗,オートバイ盗,加東,吉井,282286,兵庫県,加東市,松沢,2023[sanitize]09[sanitize]30,04,その他の住宅（３階建て以下共同住宅等）,駐車（輪）場,キーなし,なし,その他
窃盗,オートバイ盗,加古川,別府,282103,兵庫県,加古川市,野口町坂井,2023[sanitize]09[sanitize]09,07,その他の住宅（３階建て以下共同住宅等）,駐車（輪）場,キーあり,なし,その他
窃盗,オートバイ盗,加古川,別府,282103,兵庫県,加古川市,別府町新野辺,2023[sanitize]05[sanitize]22,09,その他の住宅（３階建て以下共同住宅等）,駐車（輪）場,キーなし,なし,その他
窃盗,オートバイ盗,加古川,別府,282103,兵庫県,加古川市,別府町別府,2022[sanitize]12[sanitize]26,08,その他,駐車（輪）場,キーなし,なし,その他
窃盗,オートバイ盗,加古川,別府,282103,兵庫県,加古川市,別府町別府,2022[sanitize]12[sanitize]29,13,４階建て以上共同住宅,駐車（輪）場,キーあり,なし,その他
窃盗,オートバイ盗,加古川,別府,282103,兵庫県,加古川市,別府町別府,2023[sanitize]01[sanitize]04,22,その他,駐車（輪）場,キーなし,なし,その他
窃盗,オートバイ盗,加古川,別府,282103,兵庫県,加古川市,別府町別府,2023[sanitize]02[sanitize]27,17,その他,駐車（輪）場,キーあり,なし,その他
窃盗,オートバイ盗,加古川,別府,282103,兵庫県,加古川市,別府町別府,2023[sanitize]03[sanitize]02,07,その他,その他,キーあり,なし,その他
窃盗,オートバイ盗,加古川,別府,282103,兵庫県,加古川市,別府町別府,2023[sanitize]03[sanitize]28,11,駐車（輪）場,駐車（輪）場,キーなし,なし,その他
窃盗,オートバイ盗,加古川,別府,282103,兵庫県,加古川市,別府町別府,2023[sanitize]09[sanitize]01,18,その他,駐車（輪）場,キーあり,なし,その他
窃盗,オートバイ盗,加古川,加古川駅前,282103,兵庫県,加古川市,加古川町河原,2023[sanitize]02[sanitize]08,19,一戸建住宅,その他,キーなし,なし,その他
窃盗,オートバイ盗,加古川,加古川駅前,282103,兵庫県,加古川市,加古川町篠原町,2023[sanitize]11[sanitize]08,08,その他,駐車（輪）場,キーなし,なし,その他
窃盗,オートバイ盗,加古川,加古川駅前,282103,兵庫県,加古川市,加古川町寺家町,2023[sanitize]09[sanitize]30,15,その他,駐車（輪）場,キーなし,なし,その他
窃盗,オートバイ盗,加古川,加古川駅前,282103,兵庫県,加古川市,加古川町寺家町,2023[sanitize]11[sanitize]04,15,その他,駐車（輪）場,キーなし,なし,その他
窃盗,オートバイ盗,加古川,加古川駅前,282103,兵庫県,加古川市,加古川町西河原,2023[sanitize]03[sanitize]15,15,４階建て以上共同住宅,駐車（輪）場,キーなし,なし,その他
窃盗,オートバイ盗,加古川,尾上,282103,兵庫県,加古川市,尾上町旭３丁目,2021[sanitize]06[sanitize]01,00,その他の住宅（３階建て以下共同住宅等）,駐車（輪）場,キーあり,なし,その他
窃盗,オートバイ盗,加古川,尾上,282103,兵庫県,加古川市,尾上町今福,2023[sanitize]02[sanitize]07,16,その他,駐車（輪）場,キーあり,なし,その他
窃盗,オートバイ盗,加古川,尾上,282103,兵庫県,加古川市,尾上町今福,2023[sanitize]05[sanitize]26,20,その他,駐車（輪）場,キーなし,なし,その他
窃盗,オートバイ盗,加古川,尾上,282103,兵庫県,加古川市,尾上町今福,2023[sanitize]10[sanitize]30,15,その他,駐車（輪）場,キーなし,なし,その他
窃盗,オートバイ盗,加古川,尾上,282103,兵庫県,加古川市,尾上町口里,2023[sanitize]02[sanitize]28,03,４階建て以上共同住宅,駐車（輪）場,キーなし,なし,その他
窃盗,オートバイ盗,加古川,平津,282103,兵庫県,加古川市,米田町平津,2023[sanitize]01[sanitize]08,19,その他,駐車（輪）場,キーなし,なし,その他
窃盗,オートバイ盗,加古川,平津,282103,兵庫県,加古川市,米田町平津,2023[sanitize]03[sanitize]10,17,その他,駐車（輪）場,キーなし,なし,その他
窃盗,オートバイ盗,加古川,平津,282103,兵庫県,加古川市,米田町平津,2023[sanitize]03[sanitize]14,08,その他,駐車（輪）場,キーなし,なし,その他
窃盗,オートバイ盗,加古川,平津,282103,兵庫県,加古川市,米田町平津,2023[sanitize]06[sanitize]06,10,その他,駐車（輪）場,キーあり,なし,その他
窃盗,オートバイ盗,加古川,平津,282103,兵庫県,加古川市,米田町平津,2023[sanitize]06[sanitize]08,07,その他,駐車（輪）場,キーなし,なし,その他
窃盗,オートバイ盗,加古川,平津,282103,兵庫県,加古川市,米田町平津,2023[sanitize]06[sanitize]16,07,その他,駐車（輪）場,キーなし,なし,その他
窃盗,オートバイ盗,加古川,平津,282103,兵庫県,加古川市,米田町平津,2023[sanitize]11[sanitize]24,19,その他,駐車（輪）場,キーあり,なし,その他
窃盗,オートバイ盗,加古川,平津,282103,兵庫県,加古川市,米田町平津,2023[sanitize]11[sanitize]29,09,その他,駐車（輪）場,キーあり,なし,その他
窃盗,オートバイ盗,加古川,本荘,283827,兵庫県,播磨町,宮西２丁目,2023[sanitize]01[sanitize]01,16,その他の住宅（３階建て以下共同住宅等）,駐車（輪）場,キーなし,なし,その他
窃盗,オートバイ盗,加古川,本荘,283827,兵庫県,播磨町,北本荘７丁目,2023[sanitize]01[sanitize]09,12,一戸建住宅,駐車（輪）場,キーなし,なし,その他
窃盗,オートバイ盗,加古川,本荘,283827,兵庫県,播磨町,北本荘７丁目,2023[sanitize]01[sanitize]09,16,一戸建住宅,駐車（輪）場,キーなし,なし,その他
窃盗,オートバイ盗,加古川,東加古川,282103,兵庫県,加古川市,平岡町新在家２丁目,2023[sanitize]01[sanitize]10,00,その他の住宅（３階建て以下共同住宅等）,駐車（輪）場,キーあり,なし,その他
窃盗,オートバイ盗,加古川,東加古川,282103,兵庫県,加古川市,平岡町新在家２丁目,2023[sanitize]11[sanitize]11,14,その他,駐車（輪）場,キーなし,なし,その他
窃盗,オートバイ盗,加古川,東加古川,282103,兵庫県,加古川市,平岡町新在家２丁目,2023[sanitize]11[sanitize]21,15,その他,駐車（輪）場,キーなし,なし,その他
窃盗,オートバイ盗,加古川,稲美,283819,兵庫県,稲美町,中村,2023[sanitize]03[sanitize]15,19,一戸建住宅,駐車（輪）場,キーあり,なし,その他
窃盗,オートバイ盗,加古川,稲美東,283819,兵庫県,稲美町,蛸草,2023[sanitize]12[sanitize]11,20,道路上,その他,キーなし,なし,その他
窃盗,オートバイ盗,加古川,野口,282103,兵庫県,加古川市,野口町野口,2023[sanitize]01[sanitize]05,18,その他,駐車（輪）場,キーなし,あり,その他
窃盗,オートバイ盗,高砂,伊保,282162,兵庫県,高砂市,伊保東１丁目,2022[sanitize]12[sanitize]31,18,その他,駐車（輪）場,キーあり,なし,その他
窃盗,オートバイ盗,高砂,伊保,282162,兵庫県,高砂市,伊保港町１丁目,2023[sanitize]02[sanitize]13,09,駐車（輪）場,駐車（輪）場,キーなし,なし,その他
窃盗,オートバイ盗,高砂,伊保,282162,兵庫県,高砂市,梅井５丁目,2023[sanitize]03[sanitize]22,22,その他,駐車（輪）場,キーなし,なし,その他
窃盗,オートバイ盗,高砂,曽根,282162,兵庫県,高砂市,曽根町,2022[sanitize]01[sanitize]01,00,その他,その他,キーなし,なし,その他
窃盗,オートバイ盗,高砂,曽根,282162,兵庫県,高砂市,曽根町,2023[sanitize]09[sanitize]30,02,その他,駐車（輪）場,キーなし,なし,その他
窃盗,オートバイ盗,高砂,阿弥陀,282162,兵庫県,高砂市,阿弥陀町南池,2023[sanitize]02[sanitize]25,23,一戸建住宅,駐車（輪）場,キーなし,なし,その他
窃盗,オートバイ盗,姫路,京口,282014,兵庫県,姫路市,睦町,2023[sanitize]09[sanitize]02,16,道路上,その他,キーなし,なし,その他
窃盗,オートバイ盗,姫路,八代,282014,兵庫県,姫路市,梅ケ谷町,2023[sanitize]08[sanitize]25,18,道路上,その他,キーあり,なし,その他
窃盗,オートバイ盗,姫路,塚本,282014,兵庫県,姫路市,夢前町塚本,2023[sanitize]03[sanitize]03,01,４階建て以上共同住宅,駐車（輪）場,キーなし,なし,その他
窃盗,オートバイ盗,姫路,大手前,282014,兵庫県,姫路市,本町,2023[sanitize]03[sanitize]30,17,道路上,その他,キーあり,なし,その他
窃盗,オートバイ盗,姫路,姫路駅前,282014,兵庫県,姫路市,南町,2023[sanitize]06[sanitize]29,22,道路上,その他,キーなし,なし,その他
窃盗,オートバイ盗,姫路,姫路駅南,282014,兵庫県,姫路市,豊沢町,2023[sanitize]09[sanitize]30,20,その他の住宅（３階建て以下共同住宅等）,駐車（輪）場,キーなし,なし,その他
窃盗,オートバイ盗,姫路,姫路駅南,282014,兵庫県,姫路市,南駅前町,2023[sanitize]10[sanitize]09,08,その他,駐車（輪）場,キーあり,なし,その他
窃盗,オートバイ盗,姫路,書写,282014,兵庫県,姫路市,書写,2023[sanitize]09[sanitize]09,02,一戸建住宅,駐車（輪）場,キーなし,なし,その他
窃盗,オートバイ盗,姫路,田寺,282014,兵庫県,姫路市,御立西４丁目,2022[sanitize]10[sanitize]12,08,その他,駐車（輪）場,キーなし,なし,その他
窃盗,オートバイ盗,姫路,田寺,282014,兵庫県,姫路市,御立西５丁目,2023[sanitize]08[sanitize]31,08,その他,駐車（輪）場,キーあり,なし,その他
窃盗,オートバイ盗,姫路,野里,282014,兵庫県,姫路市,城北新町１丁目,2023[sanitize]08[sanitize]06,16,その他の住宅（３階建て以下共同住宅等）,駐車（輪）場,キーあり,なし,その他
窃盗,オートバイ盗,姫路,野里,282014,兵庫県,姫路市,城北新町２丁目,2023[sanitize]08[sanitize]06,08,４階建て以上共同住宅,駐車（輪）場,キーなし,あり,その他
窃盗,オートバイ盗,姫路,野里駅前,282014,兵庫県,姫路市,増位新町２丁目,2023[sanitize]07[sanitize]17,04,４階建て以上共同住宅,駐車（輪）場,キーなし,なし,その他
窃盗,オートバイ盗,姫路,飾西,282014,兵庫県,姫路市,青山西１丁目,2023[sanitize]08[sanitize]30,17,その他の住宅（３階建て以下共同住宅等）,駐車（輪）場,キーなし,なし,その他
窃盗,オートバイ盗,飾磨,今宿,282014,兵庫県,姫路市,神子岡前３丁目,2023[sanitize]08[sanitize]25,14,その他,駐車（輪）場,キーあり,あり,その他
窃盗,オートバイ盗,飾磨,別所,282014,兵庫県,姫路市,別所町佐土２丁目,2023[sanitize]04[sanitize]21,18,その他の住宅（３階建て以下共同住宅等）,駐車（輪）場,キーなし,なし,その他
窃盗,オートバイ盗,飾磨,別所,282014,兵庫県,姫路市,別所町別所２丁目,2023[sanitize]05[sanitize]16,00,一戸建住宅,その他,キーなし,なし,その他
窃盗,オートバイ盗,飾磨,宮,282014,兵庫県,姫路市,飾磨区須加,2023[sanitize]07[sanitize]10,18,駐車（輪）場,駐車（輪）場,キーあり,なし,その他
窃盗,オートバイ盗,飾磨,宮,282014,兵庫県,姫路市,飾磨区細江,2023[sanitize]03[sanitize]10,17,その他,駐車（輪）場,キーなし,なし,その他
窃盗,オートバイ盗,飾磨,御国野,282014,兵庫県,姫路市,四郷町見野,2019[sanitize]08[sanitize]01,12,その他の住宅（３階建て以下共同住宅等）,駐車（輪）場,キーなし,なし,その他
窃盗,オートバイ盗,飾磨,思案橋,282014,兵庫県,姫路市,飾磨区今在家６丁目,2023[sanitize]08[sanitize]04,13,駐車（輪）場,駐車（輪）場,キーなし,なし,その他
窃盗,オートバイ盗,飾磨,清水,282014,兵庫県,姫路市,飾磨区恵美酒,2023[sanitize]02[sanitize]15,14,４階建て以上共同住宅,駐車（輪）場,キーなし,あり,その他
窃盗,オートバイ盗,飾磨,白浜,282014,兵庫県,姫路市,白浜町,2023[sanitize]01[sanitize]26,23,駐車（輪）場,駐車（輪）場,キーあり,なし,その他
窃盗,オートバイ盗,飾磨,白浜,282014,兵庫県,姫路市,白浜町,2023[sanitize]01[sanitize]31,12,その他の住宅（３階建て以下共同住宅等）,駐車（輪）場,キーあり,なし,その他
窃盗,オートバイ盗,飾磨,飾磨東,282014,兵庫県,姫路市,飾磨区中島１丁目,2023[sanitize]02[sanitize]03,19,その他の住宅（３階建て以下共同住宅等）,駐車（輪）場,キーなし,なし,その他
窃盗,オートバイ盗,網干,八幡,282014,兵庫県,姫路市,広畑区才,2023[sanitize]12[sanitize]05,06,４階建て以上共同住宅,駐車（輪）場,キーなし,なし,その他
窃盗,オートバイ盗,網干,八幡,282014,兵庫県,姫路市,広畑区城山町,2023[sanitize]04[sanitize]17,19,４階建て以上共同住宅,駐車（輪）場,キーなし,あり,その他
窃盗,オートバイ盗,網干,天満,282014,兵庫県,姫路市,大津区長松,2023[sanitize]03[sanitize]12,15,一戸建住宅,その他,キーあり,なし,その他
窃盗,オートバイ盗,網干,広畑,282014,兵庫県,姫路市,広畑区高浜町１丁目,2023[sanitize]05[sanitize]02,20,その他の住宅（３階建て以下共同住宅等）,駐車（輪）場,キーなし,なし,その他
窃盗,オートバイ盗,網干,新在家,282014,兵庫県,姫路市,網干区垣内東町,2023[sanitize]02[sanitize]13,18,駐車（輪）場,駐車（輪）場,キーなし,なし,その他
窃盗,オートバイ盗,たつの,斑鳩,284645,兵庫県,太子町,糸井,2023[sanitize]04[sanitize]16,17,駐車（輪）場,駐車（輪）場,キーなし,なし,その他
窃盗,オートバイ盗,たつの,誉田,282294,兵庫県,たつの市,誉田町福田,2022[sanitize]11[sanitize]01,10,その他,駐車（輪）場,キーなし,なし,その他
窃盗,オートバイ盗,相生,中野,284815,兵庫県,上郡町,高田台５丁目,2023[sanitize]11[sanitize]10,22,一戸建住宅,駐車（輪）場,キーあり,なし,その他
窃盗,オートバイ盗,赤穂,大橋,282120,兵庫県,赤穂市,中広,2023[sanitize]09[sanitize]27,23,４階建て以上共同住宅,駐車（輪）場,キーあり,なし,その他
窃盗,オートバイ盗,赤穂,新田,282120,兵庫県,赤穂市,大津,2021[sanitize]06[sanitize]01,不明,その他の住宅（３階建て以下共同住宅等）,駐車（輪）場,キーなし,なし,その他
窃盗,オートバイ盗,宍粟,山崎中央,282278,兵庫県,宍粟市,山崎町山崎,2023[sanitize]07[sanitize]21,17,一戸建住宅,駐車（輪）場,キーなし,なし,その他
窃盗,オートバイ盗,南但馬,関宮,282227,兵庫県,養父市,吉井,2023[sanitize]03[sanitize]20,17,一戸建住宅,駐車（輪）場,キーなし,なし,その他
窃盗,オートバイ盗,南但馬,関宮,282227,兵庫県,養父市,吉井,2023[sanitize]03[sanitize]22,14,一戸建住宅,駐車（輪）場,キーあり,なし,その他
窃盗,オートバイ盗,豊岡,立野,282090,兵庫県,豊岡市,大磯町,2022[sanitize]07[sanitize]08,19,一戸建住宅,駐車（輪）場,キーなし,なし,その他
窃盗,オートバイ盗,洲本,鳥飼,282057,兵庫県,洲本市,五色町鳥飼浦,2023[sanitize]10[sanitize]15,00,一戸建住宅,その他,キーなし,なし,その他
窃盗,オートバイ盗,淡路,岩屋,282260,兵庫県,淡路市,岩屋,2023[sanitize]07[sanitize]21,15,道路上,その他,キーあり,なし,その他
窃盗,オートバイ盗,淡路,岩屋,282260,兵庫県,淡路市,岩屋,2023[sanitize]07[sanitize]23,09,駐車（輪）場,駐車（輪）場,キーなし,なし,その他
窃盗,オートバイ盗,淡路,浦,282260,兵庫県,淡路市,浦,2023[sanitize]09[sanitize]24,11,その他,駐車（輪）場,キーなし,なし,その他
