罪名,手口,管轄警察署（発生地）,管轄交番・駐在所（発生地）,市区町村コード（発生地）,都道府県（発生地）,市区町村（発生地）,町丁目（発生地）,発生年月日（始期）,発生時（始期）,発生場所,発生場所の詳細,現金被害の有無
窃盗,自動販売機ねらい,東灘,青木駅前,281018,兵庫県,神戸市東灘区,青木６丁目,20241203,20,その他,駐車（輪）場,あり
窃盗,自動販売機ねらい,東灘,魚崎,281018,兵庫県,神戸市東灘区,魚崎南町３丁目,20240510,12,道路上,その他,あり
窃盗,自動販売機ねらい,東灘,魚崎,281018,兵庫県,神戸市東灘区,魚崎南町４丁目,20240515,7,道路上,その他,あり
窃盗,自動販売機ねらい,東灘,呉田,281018,兵庫県,神戸市東灘区,魚崎西町１丁目,20240525,8,道路上,その他,あり
窃盗,自動販売機ねらい,東灘,石屋川,281018,兵庫県,神戸市東灘区,御影塚町１丁目,20240115,12,駐車（輪）場,駐車（輪）場,あり
窃盗,自動販売機ねらい,東灘,石屋川,281018,兵庫県,神戸市東灘区,御影塚町２丁目,20241205,17,道路上,その他,あり
窃盗,自動販売機ねらい,灘,水道筋,281026,兵庫県,神戸市灘区,灘北通３丁目,20241128,11,道路上,その他,あり
窃盗,自動販売機ねらい,灘,琵琶町,281026,兵庫県,神戸市灘区,琵琶町３丁目,20241206,16,その他,その他,あり
窃盗,自動販売機ねらい,灘,西灘,281026,兵庫県,神戸市灘区,岩屋北町１丁目,20241203,12,道路上,その他,あり
窃盗,自動販売機ねらい,灘,西灘,281026,兵庫県,神戸市灘区,岩屋北町２丁目,20241209,8,その他,その他,あり
窃盗,自動販売機ねらい,灘,西灘,281026,兵庫県,神戸市灘区,摩耶埠頭,20240106,7,道路上,その他,あり
窃盗,自動販売機ねらい,灘,西灘,281026,兵庫県,神戸市灘区,摩耶埠頭,20240107,11,その他,その他,あり
窃盗,自動販売機ねらい,灘,西灘,281026,兵庫県,神戸市灘区,摩耶埠頭,20240611,8,道路上,その他,あり
窃盗,自動販売機ねらい,葺合,三宮センター,281107,兵庫県,神戸市中央区,御幸通６丁目,20240617,21,その他,その他,あり
窃盗,自動販売機ねらい,葺合,小野柄,281107,兵庫県,神戸市中央区,磯上通４丁目,20240626,12,その他,駐車（輪）場,あり
窃盗,自動販売機ねらい,葺合,小野柄,281107,兵庫県,神戸市中央区,南本町通４丁目,20240625,15,道路上,その他,あり
窃盗,自動販売機ねらい,葺合,小野柄,281107,兵庫県,神戸市中央区,南本町通６丁目,20240615,8,道路上,その他,あり
窃盗,自動販売機ねらい,生田,生田前,281107,兵庫県,神戸市中央区,北長狭通２丁目,20240628,14,その他,その他,なし
窃盗,自動販売機ねらい,生田,京町,281107,兵庫県,神戸市中央区,三宮町２丁目,20240820,14,その他,その他,あり
窃盗,自動販売機ねらい,兵庫,皿池,281051,兵庫県,神戸市兵庫区,上沢通３丁目,20240223,14,駐車（輪）場,駐車（輪）場,あり
窃盗,自動販売機ねらい,兵庫,大開,281051,兵庫県,神戸市兵庫区,羽坂通３丁目,20240111,9,道路上,その他,あり
窃盗,自動販売機ねらい,兵庫,七宮,281051,兵庫県,神戸市兵庫区,東柳原町,20241018,15,その他,その他,あり
窃盗,自動販売機ねらい,長田,湊川大橋,281069,兵庫県,神戸市長田区,苅藻通２丁目,20240131,15,駐車（輪）場,駐車（輪）場,なし
窃盗,自動販売機ねらい,長田,新長田駅前,281069,兵庫県,神戸市長田区,日吉町４丁目,20241210,11,道路上,その他,あり
窃盗,自動販売機ねらい,長田,久保,281069,兵庫県,神戸市長田区,久保町３丁目,20241217,12,その他,その他,あり
窃盗,自動販売機ねらい,長田,久保,281069,兵庫県,神戸市長田区,駒ケ林町３丁目,20241205,8,その他,その他,あり
窃盗,自動販売機ねらい,長田,野田,281069,兵庫県,神戸市長田区,日吉町６丁目,20241214,12,道路上,その他,あり
窃盗,自動販売機ねらい,須磨,東須磨,281077,兵庫県,神戸市須磨区,松風町６丁目,20240826,23,道路上,その他,なし
窃盗,自動販売機ねらい,垂水,塩屋,281085,兵庫県,神戸市垂水区,塩屋町１丁目,20240415,11,その他,駐車（輪）場,あり
窃盗,自動販売機ねらい,垂水,名谷,281085,兵庫県,神戸市垂水区,名谷町字猿倉,20240409,11,道路上,その他,あり
窃盗,自動販売機ねらい,垂水,霞ヶ丘,281085,兵庫県,神戸市垂水区,霞ケ丘４丁目,20241017,9,道路上,その他,あり
窃盗,自動販売機ねらい,垂水,多聞,281085,兵庫県,神戸市垂水区,小束台,20240404,15,道路上,その他,あり
窃盗,自動販売機ねらい,垂水,青山台,281085,兵庫県,神戸市垂水区,下畑町字口唐戸,20241118,9,その他,駐車（輪）場,あり
窃盗,自動販売機ねらい,神戸水上,新港,281107,兵庫県,神戸市中央区,新港町,20240520,21,その他,その他,あり
窃盗,自動販売機ねらい,有馬,有野,281093,兵庫県,神戸市北区,有野町　有野,20231215,10,その他,駐車（輪）場,あり
窃盗,自動販売機ねらい,有馬,道場,281093,兵庫県,神戸市北区,有野町　二郎,20240511,21,その他,その他,あり
窃盗,自動販売機ねらい,有馬,上八多,281093,兵庫県,神戸市北区,八多町　屏風,20240527,17,その他,その他,なし
窃盗,自動販売機ねらい,芦屋,業平橋,282065,兵庫県,芦屋市,茶屋之町,20241129,11,道路上,その他,あり
窃盗,自動販売機ねらい,芦屋,宮川,282065,兵庫県,芦屋市,春日町,20241204,4,駐車（輪）場,駐車（輪）場,あり
窃盗,自動販売機ねらい,西宮,札場筋,282049,兵庫県,西宮市,六湛寺町,20240523,11,道路上,その他,あり
窃盗,自動販売機ねらい,西宮,札場筋,282049,兵庫県,西宮市,六湛寺町,20240707,22,その他,その他,あり
窃盗,自動販売機ねらい,西宮,川添,282049,兵庫県,西宮市,前浜町,20240708,14,その他,その他,あり
窃盗,自動販売機ねらい,西宮,西宮浜,282049,兵庫県,西宮市,西宮浜２丁目,20240320,13,道路上,その他,あり
窃盗,自動販売機ねらい,西宮,西宮駅前,282049,兵庫県,西宮市,津門大塚町,20240315,19,その他,その他,あり
窃盗,自動販売機ねらい,西宮,今津駅前,282049,兵庫県,西宮市,津門川町,20241128,11,道路上,その他,あり
窃盗,自動販売機ねらい,西宮,社前,282049,兵庫県,西宮市,今津　出在家町,20240726,15,その他,その他,あり
窃盗,自動販売機ねらい,西宮,社前,282049,兵庫県,西宮市,今津　二葉町,20241118,13,その他,その他,あり
窃盗,自動販売機ねらい,西宮,社前,282049,兵庫県,西宮市,津門住江町,20240815,15,道路上,その他,あり
窃盗,自動販売機ねらい,西宮,上之町,282049,兵庫県,西宮市,薬師町,20240422,18,その他,その他,あり
窃盗,自動販売機ねらい,西宮,上ヶ原,282049,兵庫県,西宮市,上甲東園２丁目,20230414,13,その他,その他,あり
窃盗,自動販売機ねらい,甲子園,小松,282049,兵庫県,西宮市,上鳴尾町,20241114,17,その他,その他,あり
窃盗,自動販売機ねらい,甲子園,小松,282049,兵庫県,西宮市,甲子園六番町,20241122,16,駐車（輪）場,駐車（輪）場,あり
窃盗,自動販売機ねらい,甲子園,小松,282049,兵庫県,西宮市,小松西町１丁目,20240823,12,道路上,その他,あり
窃盗,自動販売機ねらい,甲子園,小松,282049,兵庫県,西宮市,小松南町１丁目,20241118,16,道路上,その他,あり
窃盗,自動販売機ねらい,甲子園,上田,282049,兵庫県,西宮市,笠屋町,20240219,6,駐車（輪）場,駐車（輪）場,あり
窃盗,自動販売機ねらい,甲子園,中津,282049,兵庫県,西宮市,甲子園高潮町,20240916,22,その他,その他,あり
窃盗,自動販売機ねらい,甲子園,高須,282049,兵庫県,西宮市,鳴尾浜３丁目,20240507,15,その他,その他,あり
窃盗,自動販売機ねらい,尼崎南,出屋敷,282022,兵庫県,尼崎市,西向島町,20240531,21,その他,その他,あり
窃盗,自動販売機ねらい,尼崎南,出屋敷,282022,兵庫県,尼崎市,南竹谷町１丁目,20241112,15,その他,駐車（輪）場,あり
窃盗,自動販売機ねらい,尼崎南,中央,282022,兵庫県,尼崎市,大高洲町,20240329,19,その他,駐車（輪）場,あり
窃盗,自動販売機ねらい,尼崎南,中央,282022,兵庫県,尼崎市,大高洲町,20240526,1,その他,その他,あり
窃盗,自動販売機ねらい,尼崎南,中央,282022,兵庫県,尼崎市,大高洲町,20240525,23,その他,その他,あり
窃盗,自動販売機ねらい,尼崎南,中央,282022,兵庫県,尼崎市,東海岸町,20240526,6,その他,その他,あり
窃盗,自動販売機ねらい,尼崎南,中央,282022,兵庫県,尼崎市,東海岸町,20241206,23,その他,駐車（輪）場,あり
窃盗,自動販売機ねらい,尼崎南,大物,282022,兵庫県,尼崎市,北大物町,20240329,20,その他,その他,あり
窃盗,自動販売機ねらい,尼崎南,大物,282022,兵庫県,尼崎市,東初島町,20240524,18,その他,その他,あり
窃盗,自動販売機ねらい,尼崎南,大物,282022,兵庫県,尼崎市,東本町１丁目,20240329,21,その他,その他,あり
窃盗,自動販売機ねらい,尼崎南,大物,282022,兵庫県,尼崎市,南初島町,20240525,17,その他,その他,なし
窃盗,自動販売機ねらい,尼崎南,大物,282022,兵庫県,尼崎市,南初島町,20240524,16,その他,その他,あり
窃盗,自動販売機ねらい,尼崎南,大物,282022,兵庫県,尼崎市,南初島町,20240525,17,その他,その他,あり
窃盗,自動販売機ねらい,尼崎南,元浜,282022,兵庫県,尼崎市,道意町６丁目,20240627,14,その他,その他,あり
窃盗,自動販売機ねらい,尼崎南,元浜,282022,兵庫県,尼崎市,元浜町４丁目,20241107,12,その他,その他,あり
窃盗,自動販売機ねらい,尼崎南,センタープール前,282022,兵庫県,尼崎市,大庄　中通５丁目,20241118,8,その他,その他,あり
窃盗,自動販売機ねらい,尼崎南,センタープール前,282022,兵庫県,尼崎市,武庫川町１丁目,20241121,6,道路上,その他,あり
窃盗,自動販売機ねらい,尼崎東,長洲,282022,兵庫県,尼崎市,長洲西通１丁目,20240529,21,その他,その他,あり
窃盗,自動販売機ねらい,尼崎東,長洲,282022,兵庫県,尼崎市,西長洲町１丁目,20240731,12,その他,その他,あり
窃盗,自動販売機ねらい,尼崎東,稲川橋,282022,兵庫県,尼崎市,杭瀬南新町３丁目,20240206,20,その他,その他,あり
窃盗,自動販売機ねらい,尼崎東,杭瀬,282022,兵庫県,尼崎市,杭瀬南新町２丁目,20240327,14,その他,その他,あり
窃盗,自動販売機ねらい,尼崎東,杭瀬,282022,兵庫県,尼崎市,杭瀬南新町３丁目,20240523,10,その他,その他,あり
窃盗,自動販売機ねらい,尼崎東,潮江,282022,兵庫県,尼崎市,潮江１丁目,20240419,11,その他,その他,あり
窃盗,自動販売機ねらい,尼崎東,潮江,282022,兵庫県,尼崎市,潮江５丁目,20240112,8,その他,その他,あり
窃盗,自動販売機ねらい,尼崎東,下坂部,282022,兵庫県,尼崎市,久々知２丁目,20241216,18,その他,その他,あり
窃盗,自動販売機ねらい,尼崎東,下坂部,282022,兵庫県,尼崎市,久々知西町２丁目,20241205,12,その他,その他,あり
窃盗,自動販売機ねらい,尼崎東,下坂部,282022,兵庫県,尼崎市,久々知西町２丁目,20241127,11,その他,その他,あり
窃盗,自動販売機ねらい,尼崎東,上坂部,282022,兵庫県,尼崎市,上坂部１丁目,20241216,18,その他,その他,あり
窃盗,自動販売機ねらい,尼崎東,上坂部,282022,兵庫県,尼崎市,上坂部２丁目,20241217,3,駐車（輪）場,駐車（輪）場,あり
窃盗,自動販売機ねらい,尼崎東,上坂部,282022,兵庫県,尼崎市,東塚口町２丁目,20240322,18,その他,その他,あり
窃盗,自動販売機ねらい,尼崎東,食満,282022,兵庫県,尼崎市,猪名寺２丁目,20240122,0,その他,その他,あり
窃盗,自動販売機ねらい,尼崎東,食満,282022,兵庫県,尼崎市,食満２丁目,20240416,11,その他,その他,あり
窃盗,自動販売機ねらい,尼崎東,食満,282022,兵庫県,尼崎市,食満３丁目,20240617,19,その他,その他,なし
窃盗,自動販売機ねらい,尼崎北,阪急塚口駅前,282022,兵庫県,尼崎市,南塚口町４丁目,20240830,10,その他,駐車（輪）場,あり
窃盗,自動販売機ねらい,尼崎北,塚口西,282022,兵庫県,尼崎市,富松町１丁目,20240327,7,駐車（輪）場,駐車（輪）場,あり
窃盗,自動販売機ねらい,尼崎北,生島,282022,兵庫県,尼崎市,大西町１丁目,20240328,15,その他,その他,あり
窃盗,自動販売機ねらい,尼崎北,生島,282022,兵庫県,尼崎市,上ノ島町３丁目,20240914,2,駐車（輪）場,駐車（輪）場,なし
窃盗,自動販売機ねらい,尼崎北,立花駅前,282022,兵庫県,尼崎市,三反田町１丁目,20240515,9,その他,その他,あり
窃盗,自動販売機ねらい,尼崎北,立花駅前,282022,兵庫県,尼崎市,立花町１丁目,20240910,16,道路上,その他,あり
窃盗,自動販売機ねらい,尼崎北,立花駅前,282022,兵庫県,尼崎市,立花町４丁目,20240909,14,駐車（輪）場,駐車（輪）場,なし
窃盗,自動販売機ねらい,伊丹,阪急駅前,282073,兵庫県,伊丹市,中央５丁目,20240914,3,駐車（輪）場,駐車（輪）場,なし
窃盗,自動販売機ねらい,伊丹,野間,282073,兵庫県,伊丹市,野間２丁目,20240208,11,その他,駐車（輪）場,あり
窃盗,自動販売機ねらい,伊丹,野間,282073,兵庫県,伊丹市,野間７丁目,20240618,14,その他,駐車（輪）場,あり
窃盗,自動販売機ねらい,伊丹,伊丹駅前,282073,兵庫県,伊丹市,伊丹１丁目,20240911,17,その他,その他,あり
窃盗,自動販売機ねらい,伊丹,伊丹駅前,282073,兵庫県,伊丹市,伊丹１丁目,20241111,11,道路上,その他,あり
窃盗,自動販売機ねらい,伊丹,伊丹駅前,282073,兵庫県,伊丹市,東有岡３丁目,20240109,18,その他,その他,あり
窃盗,自動販売機ねらい,伊丹,伊丹駅前,282073,兵庫県,伊丹市,東有岡３丁目,20240115,1,その他,その他,あり
窃盗,自動販売機ねらい,伊丹,伊丹駅前,282073,兵庫県,伊丹市,藤ノ木１丁目,20240924,16,その他,その他,あり
窃盗,自動販売機ねらい,伊丹,神津,282073,兵庫県,伊丹市,森本６丁目,20241002,17,その他,その他,あり
窃盗,自動販売機ねらい,伊丹,神津,282073,兵庫県,伊丹市,森本８丁目,20240423,19,その他,その他,あり
窃盗,自動販売機ねらい,伊丹,神津,282073,兵庫県,伊丹市,桑津３丁目,20241121,18,その他,その他,あり
窃盗,自動販売機ねらい,伊丹,緑ヶ丘,282073,兵庫県,伊丹市,大鹿５丁目,20240124,5,道路上,その他,あり
窃盗,自動販売機ねらい,伊丹,緑ヶ丘,282073,兵庫県,伊丹市,瑞ケ丘３丁目,20240320,12,その他,駐車（輪）場,あり
窃盗,自動販売機ねらい,伊丹,昆陽,282073,兵庫県,伊丹市,昆陽７丁目,20240922,21,その他,その他,あり
窃盗,自動販売機ねらい,伊丹,昆陽ノ里,282073,兵庫県,伊丹市,池尻１丁目,20240318,10,その他,その他,あり
窃盗,自動販売機ねらい,伊丹,昆陽ノ里,282073,兵庫県,伊丹市,池尻１丁目,20240514,14,その他,その他,あり
窃盗,自動販売機ねらい,伊丹,昆陽ノ里,282073,兵庫県,伊丹市,池尻１丁目,20240622,10,その他,その他,あり
窃盗,自動販売機ねらい,伊丹,昆陽ノ里,282073,兵庫県,伊丹市,池尻１丁目,20240720,14,その他,駐車（輪）場,あり
窃盗,自動販売機ねらい,伊丹,昆陽ノ里,282073,兵庫県,伊丹市,池尻１丁目,20240924,18,その他,その他,あり
窃盗,自動販売機ねらい,伊丹,昆陽ノ里,282073,兵庫県,伊丹市,池尻４丁目,20240622,19,その他,その他,あり
窃盗,自動販売機ねらい,伊丹,昆陽ノ里,282073,兵庫県,伊丹市,池尻４丁目,20240920,21,その他,その他,あり
窃盗,自動販売機ねらい,伊丹,昆陽ノ里,282073,兵庫県,伊丹市,池尻４丁目,20240924,10,その他,その他,なし
窃盗,自動販売機ねらい,伊丹,昆陽ノ里,282073,兵庫県,伊丹市,池尻４丁目,20241031,16,その他,その他,なし
窃盗,自動販売機ねらい,伊丹,荒牧,282073,兵庫県,伊丹市,大野２丁目,20240914,4,道路上,その他,なし
窃盗,自動販売機ねらい,伊丹,荒牧,282073,兵庫県,伊丹市,鴻池５丁目,20240906,14,その他,その他,なし
窃盗,自動販売機ねらい,伊丹,荒牧,282073,兵庫県,伊丹市,鴻池７丁目,20240501,15,その他,その他,あり
窃盗,自動販売機ねらい,川西,中央,282171,兵庫県,川西市,栄町,20240725,12,駐車（輪）場,駐車（輪）場,あり
窃盗,自動販売機ねらい,川西,中央,282171,兵庫県,川西市,中央町,20240430,11,道路上,その他,あり
窃盗,自動販売機ねらい,川西,小花,282171,兵庫県,川西市,小花２丁目,20240424,16,駐車（輪）場,駐車（輪）場,あり
窃盗,自動販売機ねらい,川西,久代,282171,兵庫県,川西市,久代５丁目,20240510,12,その他,駐車（輪）場,あり
窃盗,自動販売機ねらい,川西,日の出,282171,兵庫県,川西市,火打２丁目,20240501,9,道路上,その他,あり
窃盗,自動販売機ねらい,川西,山下,282171,兵庫県,川西市,緑が丘２丁目,20240222,15,その他,その他,あり
窃盗,自動販売機ねらい,川西,清和台,282171,兵庫県,川西市,柳谷,20240621,22,その他,その他,あり
窃盗,自動販売機ねらい,宝塚,逆瀬川,282146,兵庫県,宝塚市,末広町,20240929,13,その他,その他,あり
窃盗,自動販売機ねらい,三田,三田駅前,282197,兵庫県,三田市,中町,20240119,14,その他,駐車（輪）場,あり
窃盗,自動販売機ねらい,明石,小久保,282031,兵庫県,明石市,松の内１丁目,20240822,7,その他,駐車（輪）場,あり
窃盗,自動販売機ねらい,明石,大久保,282031,兵庫県,明石市,大久保町　松陰新田,20240730,9,その他,その他,あり
窃盗,自動販売機ねらい,明石,大久保南,282031,兵庫県,明石市,大久保町　ゆりのき通３丁目,20240717,16,その他,その他,あり
窃盗,自動販売機ねらい,明石,魚住,282031,兵庫県,明石市,魚住町　住吉３丁目,20240408,11,道路上,その他,あり
窃盗,自動販売機ねらい,明石,東二見,282031,兵庫県,明石市,二見町　南二見,20240911,10,その他,その他,あり
窃盗,自動販売機ねらい,明石,東二見,282031,兵庫県,明石市,二見町　西二見駅前１丁目,20240516,19,その他,その他,あり
窃盗,自動販売機ねらい,加東,滝野,282286,兵庫県,加東市,多井田,20231229,15,駐車（輪）場,駐車（輪）場,あり
窃盗,自動販売機ねらい,加古川,加古川駅前,282103,兵庫県,加古川市,加古川町　粟津,20240608,21,その他,その他,あり
窃盗,自動販売機ねらい,小野,小野駅前,282189,兵庫県,小野市,浄谷町,20240916,7,その他,その他,あり
窃盗,自動販売機ねらい,姫路,姫路駅前,282014,兵庫県,姫路市,駅前町,20240629,5,道路上,その他,なし
窃盗,自動販売機ねらい,姫路,姫路駅前,282014,兵庫県,姫路市,駅前町,20240701,3,道路上,その他,なし
窃盗,自動販売機ねらい,姫路,姫路駅前,282014,兵庫県,姫路市,駅前町,20240702,15,道路上,その他,なし
窃盗,自動販売機ねらい,姫路,姫路駅前,282014,兵庫県,姫路市,駅前町,20240705,23,道路上,その他,なし
窃盗,自動販売機ねらい,姫路,姫路駅前,282014,兵庫県,姫路市,駅前町,20240706,23,道路上,その他,なし
窃盗,自動販売機ねらい,姫路,姫路駅前,282014,兵庫県,姫路市,駅前町,20240708,0,道路上,その他,なし
窃盗,自動販売機ねらい,飾磨,白浜,282014,兵庫県,姫路市,白浜町,20240807,21,その他,その他,なし
窃盗,自動販売機ねらい,飾磨,宮,282014,兵庫県,姫路市,飾磨区　宮,20210901,0,道路上,その他,あり
窃盗,自動販売機ねらい,飾磨,思案橋,282014,兵庫県,姫路市,飾磨区　構,20240624,19,その他,その他,あり
窃盗,自動販売機ねらい,飾磨,今宿,282014,兵庫県,姫路市,車崎１丁目,20240403,10,その他,その他,あり
窃盗,自動販売機ねらい,網干,広畑,282014,兵庫県,姫路市,広畑区　吾妻町２丁目,20200301,0,道路上,その他,あり
窃盗,自動販売機ねらい,たつの,誉田,282294,兵庫県,たつの市,誉田町　誉,20180701,9,道路上,その他,あり
窃盗,自動販売機ねらい,たつの,中垣内,282294,兵庫県,たつの市,揖西町　小犬丸,20200901,0,道路上,その他,あり
窃盗,自動販売機ねらい,たつの,中垣内,282294,兵庫県,たつの市,揖西町　小犬丸,20190701,0,道路上,その他,あり
窃盗,自動販売機ねらい,相生,上郡駅前,284815,兵庫県,上郡町,竹万,20241203,9,その他,駐車（輪）場,なし
窃盗,自動販売機ねらい,相生,矢野,282081,兵庫県,相生市,矢野町　森,20200301,0,道路上,その他,あり
窃盗,自動販売機ねらい,相生,矢野,282081,兵庫県,相生市,矢野町　森,20200701,0,道路上,その他,あり
窃盗,自動販売機ねらい,淡路,富島,282260,兵庫県,淡路市,富島,20241227,17,その他,その他,あり
窃盗,自動販売機ねらい,南あわじ,青木,282243,兵庫県,南あわじ市,志知佐礼尾,20240215,22,その他,その他,なし
窃盗,自動販売機ねらい,南あわじ,福良,282243,兵庫県,南あわじ市,潮美台１丁目,20240215,12,その他,その他,なし
