ί–Ό,θϋ,Ηx@i”­¶’nj,Ηπ”ΤE’“έi”­¶’nj,s‹ζ’¬‘ΊƒR[ƒhi”­¶’nj,“s“Ή•{§i”­¶’nj,s‹ζ’¬‘Ίi”­¶’nj,’¬’–Ϊi”­¶’nj,”­¶”N“ϊinϊj,”­¶inϊj,”­¶κ,”­¶κ‚ΜΪΧ,{ωΦW,““ο–h~‘•’u‚Μ—L–³,»‹ΰΘO‚Με‚Θ”νQ•i
ή“,©“®Τ“,¬–μ,¬–μ‰w‘O,282189,•ΊΙ§,¬–μs,‰¤q’¬,2025/3/25,14,‚»‚Μ‘Ό‚ΜZ‘ξi‚RK‚ΔΘ‰Ί‹¤“―Z‘ξ“™j,’“Τi—Φjκ,ƒL[‚Θ‚µ,‚ ‚θ,ζ—p©“®Τ
ή“,©“®Τ“,¬–μ,¬–μ‰w‘O,282189,•ΊΙ§,¬–μs,L“n’¬,2025/6/12,18,‚»‚Μ‘Ό,‚»‚Μ‘Ό,ƒL[‚Θ‚µ,‚Θ‚µ,“Ακ©“®Τ
ή“,©“®Τ“,““ε,ΰ“c,281018,•ΊΙ§,_Λs““ε‹ζ,δ‰e–{’¬‚W’–Ϊ,2025/8/9,15,‚»‚Μ‘Ό,’“Τi—Φjκ,ƒL[‚Θ‚µ,‚Θ‚µ,ζ—p©“®Τ
ή“,©“®Τ“,““ε,‘ςƒmδ,281018,•ΊΙ§,_Λs““ε‹ζ,δ‰e’Λ’¬‚R’–Ϊ,2025/7/2,12,“ΉHγ,‚»‚Μ‘Ό,ƒL[‚ ‚θ,‚Θ‚µ,‰έ•¨©“®Τ
ή“,©“®Τ“,““ε,›qƒ–΄,281018,•ΊΙ§,_Λs““ε‹ζ,Z‹g‘δ,2025/10/24,14,‚SK‚ΔΘγ‹¤“―Z‘ξ,’“Τi—Φjκ,ƒL[‚Θ‚µ,‚Θ‚µ,ζ—p©“®Τ
ή“,©“®Τ“,“ε,‘εΞ,281026,•ΊΙ§,_Λs“ε‹ζ,‘εΞ“μ’¬‚Q’–Ϊ,2025/2/20,20,’“Τi—Φjκ,’“Τi—Φjκ,ƒL[‚Θ‚µ,‚Θ‚µ,‚Θ‚µ
ή“,©“®Τ“,“ε,Ό“ε,281026,•ΊΙ§,_Λs“ε‹ζ,–€–λ•u“ª,2025/2/20,14,“ΉHγ,‚»‚Μ‘Ό,ƒL[‚ ‚θ,‚Θ‚µ,‰έ•¨©“®Τ
ή“,©“®Τ“,“ε,Ό“ε,281026,•ΊΙ§,_Λs“ε‹ζ,–΅“D’¬,2025/2/20,17,‚»‚Μ‘Ό,‚»‚Μ‘Ό,ƒL[‚ ‚θ,‚Θ‚µ,‰έ•¨©“®Τ
ή“,©“®Τ“,•‡,“ρ‹{,281107,•ΊΙ§,_Λs’†‰›‹ζ,‹Υƒm’¬‚T’–Ϊ,2025/7/24,8,‚»‚Μ‘Ό,‚»‚Μ‘Ό,ƒL[‚ ‚θ,‚Θ‚µ,ζ—p©“®Τ
ή“,©“®Τ“,¶“c,¶“c‘O,281107,•ΊΙ§,_Λs’†‰›‹ζ,–k’·‹·’Κ‚P’–Ϊ,2025/12/18,14,“ΉHγ,‚»‚Μ‘Ό,ƒL[‚ ‚θ,‚Θ‚µ,‰έ•¨©“®Τ
ή“,©“®Τ“,•ΊΙ,•½–μ,281051,•ΊΙ§,_Λs•ΊΙ‹ζ,‰ΊOπ’¬,2025/1/13,9,‚»‚Μ‘Ό,’“Τi—Φjκ,ƒL[‚ ‚θ,‚Θ‚µ,ζ—p©“®Τ
ή“,©“®Τ“,•ΊΙ,•΄,281051,•ΊΙ§,_Λs•ΊΙ‹ζ,Ό‹k’Κ‚Q’–Ϊ,2025/9/8,13,“ΉHγ,‚»‚Μ‘Ό,ƒL[‚Θ‚µ,‚Θ‚µ,ζ—p©“®Τ
ή“,©“®Τ“,•ΊΙ,‹e…Ό,281051,•ΊΙ§,_Λs•ΊΙ‹ζ,—ΆR’¬,2025/1/22,21,‚»‚Μ‘Ό,‚»‚Μ‘Ό,ƒL[‚ ‚θ,‚Θ‚µ,‰έ•¨©“®Τ
ή“,©“®Τ“,’·“c,γ’r“c,281069,•ΊΙ§,_Λs’·“c‹ζ,•½a‘δ’¬‚R’–Ϊ,2025/10/24,20,‚»‚Μ‘Ό‚ΜZ‘ξi‚RK‚ΔΘ‰Ί‹¤“―Z‘ξ“™j,’“Τi—Φjκ,ƒL[‚Θ‚µ,‚ ‚θ,‚Θ‚µ
ή“,©“®Τ“,’·“c,‹v•Ϋ,281069,•ΊΙ§,_Λs’·“c‹ζ,‹v•Ϋ’¬‚W’–Ϊ,2024/12/31,8,’“Τi—Φjκ,’“Τi—Φjκ,ƒL[‚Θ‚µ,‚Θ‚µ,ζ—p©“®Τ
ή“,©“®Τ“,’·“c,–©μ‘ε‹΄,281069,•ΊΙ§,_Λs’·“c‹ζ,΅‘”’Κ‚U’–Ϊ,2025/8/21,12,’“Τi—Φjκ,’“Τi—Φjκ,ƒL[‚Θ‚µ,‚Θ‚µ,ζ—p©“®Τ
ή“,©“®Τ“,{–,“{–,281077,•ΊΙ§,_Λs{–‹ζ,‚”φ‘δ‚R’–Ϊ,2025/10/16,20,‚SK‚ΔΘγ‹¤“―Z‘ξ,’“Τi—Φjκ,ƒL[‚Θ‚µ,‚Θ‚µ,ζ—p©“®Τ
ή“,©“®Τ“,{–,‰΅”φ,281077,•ΊΙ§,_Λs{–‹ζ,‰΅”φ‚P’–Ϊ,2025/6/7,19,‚SK‚ΔΘγ‹¤“―Z‘ξ,’“Τi—Φjκ,ƒL[‚ ‚θ,‚Θ‚µ,‰έ•¨©“®Τ
ή“,©“®Τ“,{–,{–‰w‘O,281077,•ΊΙ§,_Λs{–‹ζ,{–‰Y’Κ‚U’–Ϊ,2025/3/22,19,‚»‚Μ‘Ό,‚»‚Μ‘Ό,ƒL[‚ ‚θ,‚Θ‚µ,‰έ•¨©“®Τ
ή“,©“®Τ“,_Λ…γ,ƒ|[ƒgƒAƒCƒ‰ƒ“ƒh,281107,•ΊΙ§,_Λs’†‰›‹ζ,`“‡‚W’–Ϊ,2025/2/5,16,‚»‚Μ‘Ό,‚»‚Μ‘Ό,ƒL[‚ ‚θ,‚ ‚θ,ζ—p©“®Τ
ή“,©“®Τ“,_ΛΌ,γ’r,281115,•ΊΙ§,_ΛsΌ‹ζ,‹Κ’Γ’¬΅’Γ,2025/9/20,20,κΛZ‘ξ,’“Τi—Φjκ,ƒL[‚Θ‚µ,‚ ‚θ,ζ—p©“®Τ
ή“,©“®Τ“,_ΛΌ,Ιμ’J,281115,•ΊΙ§,_ΛsΌ‹ζ,“μ•Κ•{‚S’–Ϊ,2025/4/20,21,‚»‚Μ‘Ό‚ΜZ‘ξi‚RK‚ΔΘ‰Ί‹¤“―Z‘ξ“™j,’“Τi—Φjκ,ƒL[‚ ‚θ,‚Θ‚µ,ζ—p©“®Τ
ή“,©“®Τ“,_ΛΌ,λκ‘δ,281115,•ΊΙ§,_ΛsΌ‹ζ,βο‘δ‚T’–Ϊ,2025/6/24,11,‚»‚Μ‘Ό,’“Τi—Φjκ,ƒL[‚Θ‚µ,‚Θ‚µ,ζ—p©“®Τ
ή“,©“®Τ“,°‰®,β‰€,282065,•ΊΙ§,°‰®s,β‰€’¬,2025/11/12,12,’“Τi—Φjκ,’“Τi—Φjκ,ƒL[‚Θ‚µ,‚ ‚θ,ζ—p©“®Τ
ή“,©“®Τ“,°‰®,‘Εo,282065,•ΊΙ§,°‰®s,‘ε“’¬,2025/6/9,13,‚»‚Μ‘Ό,’“Τi—Φjκ,ƒL[‚ ‚θ,‚ ‚θ,‚Θ‚µ
ή“,©“®Τ“,Ό‹{,γ”V’¬,282049,•ΊΙ§,Ό‹{s,r–Ψ’¬,2025/8/16,18,’“Τi—Φjκ,’“Τi—Φjκ,ƒL[‚Θ‚µ,‚Θ‚µ,ζ—p©“®Τ
ή“,©“®Τ“,Ό‹{,γ”V’¬,282049,•ΊΙ§,Ό‹{s,”σƒmϋ’¬‚P’–Ϊ,2025/2/10,17,’“Τi—Φjκ,’“Τi—Φjκ,ƒL[‚Θ‚µ,‚Θ‚µ,‰έ•¨©“®Τ
ή“,©“®Τ“,Ό‹{,΅’Γ‰w‘O,282049,•ΊΙ§,Ό‹{s,΅’Γ…”g’¬,2025/9/10,10,“ΉHγ,‚»‚Μ‘Ό,ƒL[‚ ‚θ,‚Θ‚µ,ζ—p©“®Τ
ή“,©“®Τ“,Ό‹{,Rϋ,282049,•ΊΙ§,Ό‹{s,Rϋ’¬‘Dβ,2025/8/23,16,‚»‚Μ‘Ό,‚»‚Μ‘Ό,ƒL[‚ ‚θ,‚Θ‚µ,‰έ•¨©“®Τ
ή“,©“®Τ“,Ό‹{,Π‘O,282049,•ΊΙ§,Ό‹{s,΅’Γ‘ε“’¬,2025/11/8,22,κΛZ‘ξ,’“Τi—Φjκ,ƒL[‚Θ‚µ,‚Θ‚µ,ζ—p©“®Τ
ή“,©“®Τ“,Ό‹{,Ό‹{‰w‘O,282049,•ΊΙ§,Ό‹{s,’Γ–ε‘ε‰Σ’¬,2025/4/2,17,’“Τi—Φjκ,’“Τi—Φjκ,ƒL[‚Θ‚µ,‚ ‚θ,‚»‚Μ‘Ό
ή“,©“®Τ“,Ό‹{,‰z–Ψβ,282049,•ΊΙ§,Ό‹{s,h—Ρ›‚Q’–Ϊ,2024/9/12,18,‚»‚Μ‘Ό,’“Τi—Φjκ,ƒL[‚ ‚θ,‚ ‚θ,ζ—p©“®Τ
ή“,©“®Τ“,Ό‹{,–εΛ,282049,•ΊΙ§,Ό‹{s,–εΛΌ’¬,2025/9/12,19,’“Τi—Φjκ,’“Τi—Φjκ,ƒL[‚Θ‚µ,‚Θ‚µ,ζ—p©“®Τ
ή“,©“®Τ“,Ό‹{,Β–Ψ,282049,•ΊΙ§,Ό‹{s,‘εΠ’¬,2025/7/24,18,‚SK‚ΔΘγ‹¤“―Z‘ξ,’“Τi—Φjκ,ƒL[‚ ‚θ,‚Θ‚µ,ζ—p©“®Τ
ή“,©“®Τ“,“ςθ“μ,µΌ,282022,•ΊΙ§,“ςθs,µΌ’¬‚Q’–Ϊ,2025/6/26,20,‚»‚Μ‘Ό,’“Τi—Φjκ,ƒL[‚Θ‚µ,‚Θ‚µ,ζ—p©“®Τ
ή“,©“®Τ“,“ςθ“μ,µΌ,282022,•ΊΙ§,“ςθs,µΌ’¬‚R’–Ϊ,2025/12/20,11,’“Τi—Φjκ,’“Τi—Φjκ,ƒL[‚Θ‚µ,‚Θ‚µ,ζ—p©“®Τ
ή“,©“®Τ“,“ςθ“μ,‘ε―,282022,•ΊΙ§,“ςθs,‘ε―’†’Κ‚R’–Ϊ,2025/1/20,21,’“Τi—Φjκ,’“Τi—Φjκ,ƒL[‚Θ‚µ,‚ ‚θ,ζ—p©“®Τ
ή“,©“®Τ“,“ςθ“μ,‘ε―,282022,•ΊΙ§,“ςθs,‘ε―Ό’¬‚Q’–Ϊ,2025/2/19,18,’“Τi—Φjκ,’“Τi—Φjκ,ƒL[‚Θ‚µ,‚Θ‚µ,‰έ•¨©“®Τ
ή“,©“®Τ“,“ςθ“μ,‘ε•¨,282022,•ΊΙ§,“ςθs,Ίa’Κ‚Q’–Ϊ,2025/9/6,12,“ΉHγ,‚»‚Μ‘Ό,ƒL[‚ ‚θ,‚Θ‚µ,ζ—p©“®Τ
ή“,©“®Τ“,“ςθ“μ,‘ε•¨,282022,•ΊΙ§,“ςθs,’z’n‚P’–Ϊ,2025/9/2,18,’“Τi—Φjκ,’“Τi—Φjκ,ƒL[‚Θ‚µ,‚ ‚θ,ζ—p©“®Τ
ή“,©“®Τ“,“ςθ“μ,““ο”g,282022,•ΊΙ§,“ςθs,““ο”g’¬‚T’–Ϊ,2025/4/8,17,‚SK‚ΔΘγ‹¤“―Z‘ξ,’“Τi—Φjκ,ƒL[‚Θ‚µ,‚ ‚θ,ζ—p©“®Τ
ή“,©“®Τ“,“ςθ“μ,’|’J,282022,•ΊΙ§,“ςθs,‰Ζ’¬,2025/3/13,18,’“Τi—Φjκ,’“Τi—Φjκ,ƒL[‚Θ‚µ,‚Θ‚µ,‰έ•¨©“®Τ
ή“,©“®Τ“,“ςθ“,γβ•”,282022,•ΊΙ§,“ςθs,α‰¤›‚Q’–Ϊ,2025/6/7,5,‚»‚Μ‘Ό‚ΜZ‘ξi‚RK‚ΔΘ‰Ί‹¤“―Z‘ξ“™j,’“Τi—Φjκ,ƒL[‚Θ‚µ,‚ ‚θ,‰έ•¨©“®Τ
ή“,©“®Τ“,“ςθ“,γβ•”,282022,•ΊΙ§,“ςθs,α‰¤›‚R’–Ϊ,2025/1/25,15,’“Τi—Φjκ,’“Τi—Φjκ,ƒL[‚Θ‚µ,‚ ‚θ,ζ—p©“®Τ
ή“,©“®Τ“,“ςθ“,‰€“c,282022,•ΊΙ§,“ςθs,“‰€“c’¬‚U’–Ϊ,2023/8/8,12,‚»‚Μ‘Ό‚ΜZ‘ξi‚RK‚ΔΘ‰Ί‹¤“―Z‘ξ“™j,’“Τi—Φjκ,ƒL[‚Θ‚µ,‚Θ‚µ,ζ—p©“®Τ
ή“,©“®Τ“,“ςθ“,‰€“c,282022,•ΊΙ§,“ςθs,“‰€“c’¬‚U’–Ϊ,2025/12/13,20,’“Τi—Φjκ,’“Τi—Φjκ,ƒL[‚Θ‚µ,‚ ‚θ,ζ—p©“®Τ
ή“,©“®Τ“,“ςθ“,Y£,282022,•ΊΙ§,“ςθs,Y£–kV’¬‚R’–Ϊ,2025/5/29,18,’“Τi—Φjκ,’“Τi—Φjκ,ƒL[‚Θ‚µ,‚ ‚θ,ζ—p©“®Τ
ή“,©“®Τ“,“ςθ“,Y£,282022,•ΊΙ§,“ςθs,Y£“μV’¬‚R’–Ϊ,2025/12/11,8,’“Τi—Φjκ,’“Τi—Φjκ,ƒL[‚Θ‚µ,‚ ‚θ,‰έ•¨©“®Τ
ή“,©“®Τ“,“ςθ“,Y£,282022,•ΊΙ§,“ςθs,Y£“μV’¬‚S’–Ϊ,2025/9/10,11,“ΉHγ,‚»‚Μ‘Ό,ƒL[‚ ‚θ,‚Θ‚µ,‰έ•¨©“®Τ
ή“,©“®Τ“,“ςθ“,’ª],282022,•ΊΙ§,“ςθs,’ª]‚Q’–Ϊ,2025/5/8,21,‚»‚Μ‘Ό,’“Τi—Φjκ,ƒL[‚Θ‚µ,‚ ‚θ,ζ—p©“®Τ
ή“,©“®Τ“,“ςθ“,_θ,282022,•ΊΙ§,“ςθs,‰®‚R’–Ϊ,2025/10/7,16,‚»‚Μ‘Ό,’“Τi—Φjκ,ƒL[‚Θ‚µ,‚Θ‚µ,‰έ•¨©“®Τ
ή“,©“®Τ“,“ςθ“,‹£”nκ‘O,282022,•ΊΙ§,“ςθs,“‰€“c’¬‚R’–Ϊ,2025/1/9,23,’“Τi—Φjκ,’“Τi—Φjκ,ƒL[‚Θ‚µ,‚ ‚θ,ζ—p©“®Τ
ή“,©“®Τ“,“ςθ“,‹£”nκ‘O,282022,•ΊΙ§,“ςθs,“‰€“c’¬‚R’–Ϊ,2025/3/24,21,κΛZ‘ξ,’“Τi—Φjκ,ƒL[‚Θ‚µ,‚ ‚θ,ζ—p©“®Τ
ή“,©“®Τ“,“ςθ“,’·F,282022,•ΊΙ§,“ςθs,‹ΰy›’¬‚Q’–Ϊ,2025/6/27,19,‚»‚Μ‘Ό‚ΜZ‘ξi‚RK‚ΔΘ‰Ί‹¤“―Z‘ξ“™j,’“Τi—Φjκ,ƒL[‚Θ‚µ,‚Θ‚µ,‚Θ‚µ
ή“,©“®Τ“,“ςθ“,’·F,282022,•ΊΙ§,“ςθs,Ό’·F’¬‚Q’–Ϊ,2025/4/5,14,’“Τi—Φjκ,’“Τi—Φjκ,ƒL[‚Θ‚µ,‚Θ‚µ,‰έ•¨©“®Τ
ή“,©“®Τ“,“ςθ“,’·F,282022,•ΊΙ§,“ςθs,Ό’·F’¬‚R’–Ϊ,2025/5/22,19,‚»‚Μ‘Ό,’“Τi—Φjκ,ƒL[‚ ‚θ,‚Θ‚µ,‰έ•¨©“®Τ
ή“,©“®Τ“,“ςθ–k,“μ•Ι”V‘‘,282022,•ΊΙ§,“ςθs,…“°’¬‚S’–Ϊ,2025/7/3,17,’“Τi—Φjκ,’“Τi—Φjκ,ƒL[‚Θ‚µ,‚Θ‚µ,ζ—p©“®Τ
ή“,©“®Τ“,“ςθ–k,“μ•Ι”V‘‘,282022,•ΊΙ§,“ςθs,“μ•Ι”V‘‘‚S’–Ϊ,2025/12/20,17,’“Τi—Φjκ,’“Τi—Φjκ,ƒL[‚Θ‚µ,‚Θ‚µ,ζ—p©“®Τ
ή“,©“®Τ“,“ςθ–k,“μ•Ι”V‘‘,282022,•ΊΙ§,“ςθs,“μ•Ι”V‘‘‚P‚O’–Ϊ,2025/3/27,17,‚SK‚ΔΘγ‹¤“―Z‘ξ,’“Τi—Φjκ,ƒL[‚Θ‚µ,‚ ‚θ,ζ—p©“®Τ
ή“,©“®Τ“,“ςθ–k,”φ•l,282022,•ΊΙ§,“ςθs,–Ό_’¬‚Q’–Ϊ,2025/11/22,22,’“Τi—Φjκ,’“Τi—Φjκ,ƒL[‚Θ‚µ,‚Θ‚µ,‰έ•¨©“®Τ
ή“,©“®Τ“,“ςθ–k,•Ι”V‘‘,282022,•ΊΙ§,“ςθs,•Ι”V‘‘Ό‚Q’–Ϊ,2025/5/1,19,’“Τi—Φjκ,’“Τi—Φjκ,ƒL[‚Θ‚µ,‚Θ‚µ,ζ—p©“®Τ
ή“,©“®Τ“,“ςθ–k,•Ι”V‘‘,282022,•ΊΙ§,“ςθs,•Ι”V‘‘Ό‚Q’–Ϊ,2025/8/31,22,’“Τi—Φjκ,’“Τi—Φjκ,ƒL[‚Θ‚µ,‚Θ‚µ,ζ—p©“®Τ
ή“,©“®Τ“,“ςθ–k,—§‰Τ‰w‘O,282022,•ΊΙ§,“ςθs,O”½“c’¬‚Q’–Ϊ,2025/7/4,17,‚»‚Μ‘Ό,‚»‚Μ‘Ό,ƒL[‚ ‚θ,‚Θ‚µ,‰έ•¨©“®Τ
ή“,©“®Τ“,“ςθ–k,γ‹}’Λϋ‰w‘O,282022,•ΊΙ§,“ςθs,“μ’Λϋ’¬‚Q’–Ϊ,2025/5/1,8,’“Τi—Φjκ,’“Τi—Φjκ,ƒL[‚ ‚θ,‚Θ‚µ,‚Θ‚µ
ή“,©“®Τ“,Ι’O,’†–μ,282073,•ΊΙ§,Ι’Os,Ό–μ‚Q’–Ϊ,2025/9/4,15,‚»‚Μ‘Ό,’“Τi—Φjκ,ƒL[‚Θ‚µ,‚Θ‚µ,ζ—p©“®Τ
ή“,©“®Τ“,Ι’O,©—zƒm—Ά,282073,•ΊΙ§,Ι’Os,’rK‚P’–Ϊ,2025/4/30,22,’“Τi—Φjκ,’“Τi—Φjκ,ƒL[‚ ‚θ,‚Θ‚µ,ζ—p©“®Τ
ή“,©“®Τ“,Ι’O,©—zƒm—Ά,282073,•ΊΙ§,Ι’Os,R“c‚S’–Ϊ,2025/4/26,21,’“Τi—Φjκ,’“Τi—Φjκ,ƒL[‚Θ‚µ,‚Θ‚µ,ζ—p©“®Τ
ή“,©“®Τ“,Ι’O,_’Γ,282073,•ΊΙ§,Ι’Os,K’Γ‚R’–Ϊ,2024/12/14,13,‚»‚Μ‘Ό,’“Τi—Φjκ,ƒL[‚ ‚θ,‚Θ‚µ,‰έ•¨©“®Τ
ή“,©“®Τ“,Ι’O,r–q,282073,•ΊΙ§,Ι’Os,‰¬–μ‚T’–Ϊ,2025/5/16,16,’“Τi—Φjκ,’“Τi—Φjκ,ƒL[‚Θ‚µ,‚Θ‚µ,ζ—p©“®Τ
ή“,©“®Τ“,Ι’O,r–q,282073,•ΊΙ§,Ι’Os,ƒ’r‚T’–Ϊ,2025/8/28,15,‚SK‚ΔΘγ‹¤“―Z‘ξ,’“Τi—Φjκ,ƒL[‚Θ‚µ,‚Θ‚µ,ζ—p©“®Τ
ή“,©“®Τ“,μΌ,’†‰›,282171,•ΊΙ§,μΌs,¬Λ‚R’–Ϊ,2025/5/3,20,’“Τi—Φjκ,’“Τi—Φjκ,ƒL[‚Θ‚µ,‚Θ‚µ,ζ—p©“®Τ
ή“,©“®Τ“,μΌ,’†‰›,282171,•ΊΙ§,μΌs,›”¨‚Q’–Ϊ,2025/8/1,•s–Ύ,’“Τi—Φjκ,’“Τi—Φjκ,ƒL[‚Θ‚µ,‚Θ‚µ,ζ—p©“®Τ
ή“,©“®Τ“,μΌ,’†‰›,282171,•ΊΙ§,μΌs,‰Τ‰®•~‚P’–Ϊ,2025/4/7,20,’“Τi—Φjκ,’“Τi—Φjκ,ƒL[‚Θ‚µ,‚Θ‚µ,ζ—p©“®Τ
ή“,©“®Τ“,μΌ,‰Α–Ξ,282171,•ΊΙ§,μΌs,“μ‰Τ‰®•~‚R’–Ϊ,2025/4/18,12,’“Τi—Φjκ,’“Τi—Φjκ,ƒL[‚Θ‚µ,‚ ‚θ,ζ—p©“®Τ
ή“,©“®Τ“,μΌ,‘½“c“,282171,•ΊΙ§,μΌs,V“c‚Q’–Ϊ,2025/5/25,19,’“Τi—Φjκ,’“Τi—Φjκ,ƒL[‚Θ‚µ,‚Θ‚µ,ζ—p©“®Τ
ή“,©“®Τ“,μΌ,‘½“c“,282171,•ΊΙ§,μΌs,“‘½“c‚P’–Ϊ,2025/1/17,10,’“Τi—Φjκ,’“Τi—Φjκ,ƒL[‚Θ‚µ,‚ ‚θ,ζ—p©“®Τ
ή“,©“®Τ“,μΌ,R‰Ί,282171,•ΊΙ§,μΌs,“l–μ‚S’–Ϊ,2025/6/6,11,’“Τi—Φjκ,’“Τi—Φjκ,ƒL[‚ ‚θ,‚Θ‚µ,‚Θ‚µ
ή“,©“®Τ“,μΌ,΄a‘δ,282171,•ΊΙ§,μΌs,΄a‘δ“‚Q’–Ϊ,2025/1/1,20,κΛZ‘ξ,’“Τi—Φjκ,ƒL[‚Θ‚µ,‚Θ‚µ,ζ—p©“®Τ
ή“,©“®Τ“,μΌ,’––Όμƒp[ƒNƒ^ƒEƒ“,283011,•ΊΙ§,’––Όμ’¬,‘‘‰‘‚R’–Ϊ,2025/6/6,20,κΛZ‘ξ,’“Τi—Φjκ,ƒL[‚Θ‚µ,‚Θ‚µ,ζ—p©“®Τ
ή“,©“®Τ“,•σ’Λ,mμ,282146,•ΊΙ§,•σ’Λs,mμ®ƒK‹u,2025/6/20,16,κΛZ‘ξ,’“Τi—Φjκ,ƒL[‚ ‚θ,‚Θ‚µ,ζ—p©“®Τ
ή“,©“®Τ“,•σ’Λ,‘ε΄–μ,282146,•ΊΙ§,•σ’Λs,‘ε΄–μ“μ‘ε’†,2025/5/13,18,κΛZ‘ξ,’“Τi—Φjκ,ƒL[‚Θ‚µ,‚Θ‚µ,ζ—p©“®Τ
ή“,©“®Τ“,•σ’Λ,ΐ‘q,282146,•ΊΙ§,•σ’Λs,ΐ‘qΌ‚S’–Ϊ,2025/12/23,2,“ΉHγ,‚»‚Μ‘Ό,ƒL[‚ ‚θ,‚Θ‚µ,‰έ•¨©“®Τ
ή“,©“®Τ“,•σ’Λ,¬—Ρ,282146,•ΊΙ§,•σ’Λs,¬—Ρ‚R’–Ϊ,2025/5/22,16,’“Τi—Φjκ,’“Τi—Φjκ,ƒL[‚Θ‚µ,‚Θ‚µ,ζ—p©“®Τ
ή“,©“®Τ“,•σ’Λ,R–{,282146,•ΊΙ§,•σ’Λs,ϋ’J“‚P’–Ϊ,2025/9/11,16,’“Τi—Φjκ,’“Τi—Φjκ,ƒL[‚Θ‚µ,‚Θ‚µ,ζ—p©“®Τ
ή“,©“®Τ“,•σ’Λ,R–{,282146,•ΊΙ§,•σ’Λs,ϋ’J“‚R’–Ϊ,2025/11/1,20,‚SK‚ΔΘγ‹¤“―Z‘ξ,’“Τi—Φjκ,ƒL[‚Θ‚µ,‚ ‚θ,ζ—p©“®Τ
ή“,©“®Τ“,•σ’Λ,R–{,282146,•ΊΙ§,•σ’Λs,R–{“μ‚P’–Ϊ,2025/9/7,17,’“Τi—Φjκ,’“Τi—Φjκ,ƒL[‚Θ‚µ,‚Θ‚µ,‚Θ‚µ
ή“,©“®Τ“,•σ’Λ,R–{,282146,•ΊΙ§,•σ’Λs,Rθ‘δΌ‚S’–Ϊ,2025/9/18,17,‚SK‚ΔΘγ‹¤“―Z‘ξ,’“Τi—Φjκ,ƒL[‚Θ‚µ,‚Θ‚µ,ζ—p©“®Τ
ή“,©“®Τ“,–ΎΞ,‘ε‹v•Ϋ“μ,282031,•ΊΙ§,–ΎΞs,‹›Z’¬‹ΰƒPθ,2024/11/15,18,’“Τi—Φjκ,’“Τi—Φjκ,ƒL[‚Θ‚µ,‚Θ‚µ,‰έ•¨©“®Τ
ή“,©“®Τ“,–ΎΞ,–{’¬,282031,•ΊΙ§,–ΎΞs,–{’¬‚P’–Ϊ,2025/2/23,15,“ΉHγ,‚»‚Μ‘Ό,ƒL[‚ ‚θ,‚Θ‚µ,ζ—p©“®Τ
ή“,©“®Τ“,–ΎΞ,]δ“‡,282031,•ΊΙ§,–ΎΞs,‘ε‹v•Ϋ’¬]δ“‡,2025/11/8,21,’“Τi—Φjκ,’“Τi—Φjκ,ƒL[‚Θ‚µ,‚Θ‚µ,ζ—p©“®Τ
ή“,©“®Τ“,O–Ψ,–{’¬,282154,•ΊΙ§,O–Ψs,•δ,2025/5/28,19,‚»‚Μ‘Ό,’“Τi—Φjκ,ƒL[‚Θ‚µ,‚Θ‚µ,“Ακ©“®Τ
ή“,©“®Τ“,‰Α“,‘κ–μ,282286,•ΊΙ§,‰Α“s,γ‘κ–μ,2025/11/1,17,‚»‚Μ‘Ό‚ΜZ‘ξi‚RK‚ΔΘ‰Ί‹¤“―Z‘ξ“™j,’“Τi—Φjκ,ƒL[‚Θ‚µ,‚Θ‚µ,ζ—p©“®Τ
ή“,©“®Τ“,Όe,’†’¬,283657,•ΊΙ§,‘½‰Β’¬,’†‹ζ‰’†,2025/9/10,23,κΛZ‘ξ,’“Τi—Φjκ,ƒL[‚Θ‚µ,‚Θ‚µ,ζ—p©“®Τ
ή“,©“®Τ“,Όe,’Γ–,282138,•ΊΙ§,Όes,—],2025/3/19,17,‚»‚Μ‘Ό,’“Τi—Φjκ,ƒL[‚Θ‚µ,‚Θ‚µ,‰έ•¨©“®Τ
ή“,©“®Τ“,‰ΑΓμ,“yR,283827,•ΊΙ§,”d–’¬,–μ“Y,2025/11/4,17,’“Τi—Φjκ,’“Τi—Φjκ,ƒL[‚Θ‚µ,‚Θ‚µ,‰έ•¨©“®Τ
ή“,©“®Τ“,‰ΑΓμ,_‹g,282103,•ΊΙ§,‰ΑΓμs,Ό_‹g’¬‘ε‘,2025/7/31,17,‚»‚Μ‘Ό,’“Τi—Φjκ,ƒL[‚ ‚θ,‚Θ‚µ,‰έ•¨©“®Τ
ή“,©“®Τ“,‰ΑΓμ,_‹g,282103,•ΊΙ§,‰ΑΓμs,Ό_‹g’¬‹{‘O,2025/9/25,12,‚»‚Μ‘Ό,’“Τi—Φjκ,ƒL[‚Θ‚µ,‚Θ‚µ,ζ—p©“®Τ
ή“,©“®Τ“,‰ΑΓμ,–μϋ,282103,•ΊΙ§,‰ΑΓμs,–μϋ’¬–μϋ,2025/6/16,9,‚SK‚ΔΘγ‹¤“―Z‘ξ,’“Τi—Φjκ,ƒL[‚ ‚θ,‚Θ‚µ,ζ—p©“®Τ
ή“,©“®Τ“,‚»,rδ,282162,•ΊΙ§,‚»s,rδ’¬“ϊ”Vo’¬,2025/8/19,21,κΛZ‘ξ,’“Τi—Φjκ,ƒL[‚ ‚θ,‚Θ‚µ,ζ—p©“®Τ
ή“,©“®Τ“,‚»,‚»‰w‘O,282162,•ΊΙ§,‚»s,‚»’¬”_l’¬,2025/9/30,17,‚»‚Μ‘Ό,’“Τi—Φjκ,ƒL[‚ ‚θ,‚Θ‚µ,ζ—p©“®Τ
ή“,©“®Τ“,•PH,ι“μ,282014,•ΊΙ§,•PHs,”E’¬,2025/6/1,2,‚SK‚ΔΘγ‹¤“―Z‘ξ,’“Τi—Φjκ,ƒL[‚Θ‚µ,‚ ‚θ,ζ—p©“®Τ
ή“,©“®Τ“,•PH,ι“,282014,•ΊΙ§,•PHs,ι“’¬,2025/4/16,10,’“Τi—Φjκ,’“Τi—Φjκ,ƒL[‚Θ‚µ,‚Θ‚µ,ζ—p©“®Τ
ή“,©“®Τ“,•PH,•PH‰w“μ,282014,•ΊΙ§,•PHs,–kπ”~΄’¬,2025/8/9,17,‚»‚Μ‘Ό,’“Τi—Φjκ,ƒL[‚ ‚θ,‚Θ‚µ,‰έ•¨©“®Τ
ή“,©“®Τ“,•PH,‘Κ,282014,•ΊΙ§,•PHs,–²‘O’¬›¶ΐ,2025/12/12,17,‚»‚Μ‘Ό,‚»‚Μ‘Ό,ƒL[‚ ‚θ,‚Θ‚µ,‰έ•¨©“®Τ
ή“,©“®Τ“,•PH,όΌ,282014,•ΊΙ§,•PHs,Ό–²‘O‘δ‚R’–Ϊ,2025/4/19,18,κΛZ‘ξ,’“Τi—Φjκ,ƒL[‚Θ‚µ,‚Θ‚µ,ζ—p©“®Τ
ή“,©“®Τ“,•PH,›,282014,•ΊΙ§,•PHs,›’¬“yt,2025/3/27,19,‚»‚Μ‘Ό,’“Τi—Φjκ,ƒL[‚ ‚θ,‚Θ‚µ,‰έ•¨©“®Τ
ή“,©“®Τ“,ό–,΅h,282014,•ΊΙ§,•PHs,–ΌΓR’¬,2025/9/3,18,‚»‚Μ‘Ό,’“Τi—Φjκ,ƒL[‚Θ‚µ,‚Θ‚µ,ζ—p©“®Τ
ή“,©“®Τ“,ό–,•Κ,282014,•ΊΙ§,•PHs,•Κ’¬•Κ,2025/12/1,17,κΛZ‘ξ,’“Τi—Φjκ,ƒL[‚ ‚θ,‚Θ‚µ,‰έ•¨©“®Τ
ή“,©“®Τ“,ό–,•Κ,282014,•ΊΙ§,•PHs,•Κ’¬•Κ‚Q’–Ϊ,2025/10/8,22,‚»‚Μ‘Ό,’“Τi—Φjκ,ƒL[‚ ‚θ,‚Θ‚µ,ζ—p©“®Τ
ή“,©“®Τ“,ό–,‹{,282014,•ΊΙ§,•PHs,ό–‹ζ{‰Α,2025/2/9,21,’“Τi—Φjκ,’“Τi—Φjκ,ƒL[‚Θ‚µ,‚Θ‚µ,ζ—p©“®Τ
ή“,©“®Τ“,ό–,δ‘–μ,282014,•ΊΙ§,•PHs,l‹½’¬©–μ,2025/7/5,13,κΛZ‘ξ,’“Τi—Φjκ,ƒL[‚ ‚θ,‚Θ‚µ,‰έ•¨©“®Τ
ή“,©“®Τ“,ό–,“I`,282014,•ΊΙ§,•PHs,“I`’¬“I`,2025/1/29,10,‚»‚Μ‘Ό,’“Τi—Φjκ,ƒL[‚ ‚θ,‚Θ‚µ,‰έ•¨©“®Τ
ή“,©“®Τ“,–Τ±,”ª”¦,282014,•ΊΙ§,•PHs,L”¨‹ζΌ—“c,2024/5/29,21,‚»‚Μ‘Ό‚ΜZ‘ξi‚RK‚ΔΘ‰Ί‹¤“―Z‘ξ“™j,’“Τi—Φjκ,ƒL[‚ ‚θ,‚Θ‚µ,ζ—p©“®Τ
ή“,©“®Τ“,–Τ±,”ª”¦,282014,•ΊΙ§,•PHs,L”¨‹ζ“–²‘O‘δ‚S’–Ϊ,2025/9/12,2,κΛZ‘ξ,’“Τi—Φjκ,ƒL[‚ ‚θ,‚Θ‚µ,‚Θ‚µ
ή“,©“®Τ“,–Τ±,Vέ‰Ζ,282014,•ΊΙ§,•PHs,–Τ±‹ζ•l“c,2025/2/14,7,‚»‚Μ‘Ό,’“Τi—Φjκ,ƒL[‚ ‚θ,‚Θ‚µ,‰έ•¨©“®Τ
ή“,©“®Τ“,‚½‚Β‚Μ,”Α”µ,284645,•ΊΙ§,‘Ύq’¬,““μ,2025/1/11,0,κΛZ‘ξ,’“Τi—Φjκ,ƒL[‚Θ‚µ,‚ ‚θ,ζ—p©“®Τ
ή“,©“®Τ“,F–{,O’Κ,282057,•ΊΙ§,F–{s,‰h’¬‚S’–Ϊ,2025/2/23,17,κΛZ‘ξ,’“Τi—Φjκ,ƒL[‚ ‚θ,‚Θ‚µ,ζ—p©“®Τ
ή“,©“®Τ“,“μ‚ ‚ν‚¶,•—Η,282243,•ΊΙ§,“μ‚ ‚ν‚¶s,•—Η‰³,2025/9/13,15,‚»‚Μ‘Ό‚ΜZ‘ξi‚RK‚ΔΘ‰Ί‹¤“―Z‘ξ“™j,’“Τi—Φjκ,ƒL[‚Θ‚µ,‚Θ‚µ,ζ—p©“®Τ
